place_id,name,area,town,latitude,longitude,concept,price_tier,rating,reviews_count,high_rating,log_reviews,weekly_hours,dist_centre_km,log_density,is_claimed,own_website,social_page_only,has_phone,has_menu_link,online_ordering,has_attributes,table_service,delivery,takes_reservations,restroom,wifi,free_parking,kid_friendly,outdoor_seating,wheelchair_access,card_payments,digital_payments,open_late,opens_early,has_hours,is_chain,veg_only
ChIJC8h7AABZqDsRJ9SnKUu2Sc8,Anu mess,R.S. Puram,Coimbatore,11.008983,76.950802,Multi-cuisine / General,Budget,4.2,649,1,6.476972362889683,87.0,1.9738202288647373,5.488937726156687,0,0,0,0,0,0,1,1,1,0,0,0,1,1,0,0,0,1,0,0,0,0,0
ChIJpSpqlBxZqDsRoxsFHp2mNFI,Sri Balaji Homely Mess,R.S. Puram,Coimbatore,11.008745,76.950814,South Indian & Regional,Not disclosed,4.2,558,1,6.326149473155099,31.0,1.9516631924000818,5.521460917862246,1,0,0,1,0,0,1,0,0,0,0,0,0,0,0,0,0,0,0,0,1,0,0
ChIJoVTOCQRZqDsRIs_TVkyuFI4,Patti Amma Tiffin Stall,R.S. Puram,Coimbatore,11.008216,76.957729,South Indian & Regional,Budget,3.9,858,0,6.755768921984256,31.5,1.5661556891270445,5.402677381872279,0,0,0,1,0,0,1,1,1,0,0,0,1,1,0,0,1,1,0,0,1,0,0
ChIJMRpi_BxZqDsRz_5hSyy5Syg,Tiffen House,R.S. Puram,Coimbatore,11.008873,76.954821,Vegetarian,Not disclosed,4.4,1391,1,7.238496840894365,52.5,1.7419863321711706,5.4680601411351315,1,0,0,1,0,0,1,0,0,0,0,0,0,0,0,0,0,0,0,1,1,0,0
ChIJu6R_ZgxZqDsR6kpkJAj7nRg,Sri Mookambika Mess,R.S. Puram,Coimbatore,11.006576,76.953707,South Indian & Regional,Not disclosed,3.8,476,0,6.1675164908883415,56.0,1.5743092443622757,5.575949103146316,1,0,0,1,0,0,1,0,0,0,0,0,0,0,0,0,0,0,0,0,1,0,0
ChIJhVtF8RxZqDsRogj6XsE-otY,Sree Subbu Mess - Restaurant in Coimbatore,R.S. Puram,Coimbatore,11.009588,76.950488,South Indian & Regional,Not disclosed,3.8,2107,0,7.653494909661253,87.0,2.048448029180544,5.4680601411351315,1,0,0,1,0,0,1,1,1,1,1,0,1,1,0,1,1,1,0,0,0,1,0
ChIJ8xjAH2dZqDsR5c9DYpLH9hk,Salem Ravichandran Tiffen House,R.S. Puram,Coimbatore,11.011796,76.947155,South Indian & Regional,Budget,4.2,1604,1,7.380879035564116,108.5,2.464492679351526,5.147494476813453,1,1,0,1,0,0,1,1,1,0,1,1,1,1,0,0,1,1,0,1,1,0,1
ChIJ0-r8OklZqDsRCbhir4ULepw,Arya Mess,R.S. Puram,Coimbatore,11.002863,76.95018,Multi-cuisine / General,Not disclosed,3.6,49,0,3.912023005428146,94.5,1.5310344562937812,5.44673737166631,0,0,0,1,0,0,0,0,0,0,0,0,0,0,0,0,0,0,0,0,1,0,0
ChIJoSLyJ3ZZqDsR_g9m9vE2yXA,Balu Mess,Ram Nagar,Coimbatore,11.007461,76.965435,Multi-cuisine / General,Budget,4.8,48,1,3.8918202981106265,87.0,1.4963617753180758,4.962844630259907,0,0,0,1,0,0,1,1,0,0,0,0,1,0,0,0,0,0,0,0,0,0,0
ChIJ6fi8RwVZqDsR4k9fPa_fuhc,Lakshmi Mess,R.S. Puram,Coimbatore,11.005101,76.953433,Multi-cuisine / General,Not disclosed,3.9,92,0,4.532599493153256,63.0,1.4559030728406503,5.572154032177765,0,0,0,1,0,0,1,0,0,0,0,0,0,0,0,0,0,0,0,1,1,1,0
ChIJzTyKuRpZqDsR94uvmehbR_Y,PANDIAN MESS,R.S. Puram,Coimbatore,11.003236,76.952774,Fast food & Quick bites,Budget,3.9,52,0,3.970291913552122,112.0,1.3448604659506596,5.638354669333745,0,0,0,1,0,0,1,1,0,0,0,0,1,1,0,0,0,0,0,1,1,0,0
ChIJ9azH6jxZqDsRYFjuTlSGkAY,Sri Krishna Tiffin House,R.S. Puram,Coimbatore,11.00936,76.957698,Multi-cuisine / General,Not disclosed,3.9,36,0,3.6109179126442243,87.0,1.690247965218027,5.393627546352361,0,0,0,1,0,0,0,0,0,0,0,0,0,0,0,0,0,0,0,0,0,0,0
ChIJB5yRTQBZqDsROknkp6iRnEU,Sri KrishnaIyer Mess and Catering,Ram Nagar,Coimbatore,11.011438,76.961805,Vegetarian,Budget,4.3,1420,1,7.259116128097101,54.0,1.8728219678515887,5.351858133476067,0,0,0,1,0,1,1,1,1,1,1,0,1,1,0,0,1,1,0,0,1,0,1
ChIJT8ybWlVYqDsRWyUgi43pN7M,Sri Gowri Mess,Ram Nagar,Coimbatore,11.014618,76.965264,Biryani & Non-veg,Not disclosed,4.3,564,1,6.336825731146441,16.5,2.2655042732549555,5.37989735354046,0,0,0,1,0,0,1,0,0,0,0,0,0,0,0,0,0,0,0,0,1,0,0
ChIJA2NwCh1ZqDsRkkyauIqFOfk,Hotel Atchayaa Chettinadu,R.S. Puram,Coimbatore,11.01155,76.950107,South Indian & Regional,Mid,3.9,2202,0,7.697575346802343,80.5,2.2520434380570444,5.393627546352361,1,0,0,1,0,0,1,1,1,0,1,0,1,1,0,0,1,1,0,0,1,0,0
ChIJCe-E8FRYqDsRFvoK6Hu-QDc,Sree subbu mess,Ram Nagar,Coimbatore,11.016244,76.967969,Biryani & Non-veg,Not disclosed,3.9,5242,0,8.564649132572534,87.0,2.511238133343367,5.204006687076795,1,0,0,1,0,1,1,0,0,1,0,0,0,0,0,0,0,0,0,0,0,1,0
ChIJ4Ty8aVRYqDsR7RQCG0hgL24,Anbu Mess,Cross Cut,Coimbatore,11.018855,76.968745,South Indian & Regional,Budget,3.7,292,0,5.680172609017068,98.0,2.81366561247689,5.111987788356544,1,0,0,1,0,1,1,0,1,0,0,0,1,0,0,0,1,1,1,0,1,0,0
ChIJn884FBBZqDsRJySTe62MRFg,Restaurant Aaha,R.S. Puram,Coimbatore,11.008034,76.957743,South Indian & Regional,Not disclosed,4.6,1582,1,7.367077059881012,77.0,1.5462052622871478,5.402677381872279,1,1,0,1,0,1,1,0,0,1,0,0,0,0,0,0,0,0,0,0,1,0,0
ChIJqxGDjQRZqDsRWVOlQJoXjwE,The Punjab Express,R.S. Puram,Coimbatore,11.011099,76.95446,North Indian & Global,Mid,4.2,1810,1,7.501634457883413,59.5,1.9848408384378011,5.455321115357702,1,0,0,1,0,1,1,1,1,1,1,0,1,1,0,0,1,1,0,0,1,0,1
ChIJU5s_ygZZqDsRthdk5FbJWCE,Kailash Parbat,R.S. Puram,Coimbatore,11.008021,76.960102,North Indian & Global,Not disclosed,4.2,4904,1,8.498010371999463,77.0,1.4990572800218798,5.225746673713202,1,0,0,1,0,0,1,0,0,0,0,0,0,0,0,1,0,0,0,0,1,0,0
ChIJjSSMX0NZqDsRTGn4LeRjciA,Dil Se Restaurant,R.S. Puram,Coimbatore,11.007654,76.943412,North Indian & Global,Not disclosed,4.1,1636,0,7.400620577371135,64.0,2.441715470286484,4.948759890378168,1,1,0,1,0,0,1,1,1,1,1,0,1,1,1,0,1,1,0,0,1,0,1
ChIJuejyKgNZqDsR6BBSLF2Y2ws,That's Y Food,R.S. Puram,Coimbatore,11.010405,76.952931,North Indian & Global,Not disclosed,3.9,1745,0,7.465082736399547,45.5,1.9857230992176007,5.480638923341991,1,1,0,1,0,1,1,0,0,1,0,0,0,0,0,1,0,0,0,0,1,0,0
ChIJ2eDUdutZqDsRAFYpB4rGjnU,Mayura pure veg restaurant,R.S. Puram,Coimbatore,11.00685,76.952027,Vegetarian,Mid,4.6,19,1,2.995732273553991,84.0,1.7035579864082493,5.602118820879701,1,0,0,1,0,0,1,0,1,0,0,0,0,1,0,0,0,1,0,0,1,0,1
ChIJVQGlGaZZqDsR-aihoM6ZooY,NAINA KADAI RS Puram,R.S. Puram,Coimbatore,11.008215,76.957689,Multi-cuisine / General,Not disclosed,3.9,143,0,4.969813299576001,77.0,1.5671709949563224,5.407171771460119,1,0,0,0,0,0,0,0,0,0,0,0,0,0,0,0,0,0,0,0,1,0,0
ChIJaZuBBwBZqDsRxdXlFl0mfQo,Shuddh - Cloud Kitchen,R.S. Puram,Coimbatore,11.011109,76.951074,North Indian & Global,Not disclosed,4.4,43,1,3.784189633918261,77.0,2.1541109524869473,5.438079308923196,1,1,0,1,0,0,0,0,0,0,0,0,0,0,0,0,0,0,0,0,1,0,0
ChIJizvAW6tZqDsRIsvh4lq-rz4,Sai Bombay Restaurant,Town Hall,Coimbatore,10.999886,76.955099,North Indian & Global,Mid,4.2,500,1,6.2166061010848646,56.0,0.9047169193960316,5.389071729816501,1,0,0,1,1,0,1,1,1,0,1,0,1,1,0,0,1,1,0,0,1,0,1
ChIJnYk59JFZqDsR0MEbwHadeJw,Dindigul Thalappakatti Restaurant,R.S. Puram,Coimbatore,11.006651,76.951591,Multi-cuisine / General,Not disclosed,4.6,2403,1,7.784889295655098,84.0,1.715214205895717,5.594711379601839,1,1,0,1,1,1,1,1,1,1,1,0,1,1,0,0,1,1,0,0,1,1,0
ChIJkR-NG35ZqDsROytLl4jLBkk,Thyme & Whisk - Coimbatore,R.S. Puram,Coimbatore,11.00866,76.95196,Multi-cuisine / General,Not disclosed,4.5,628,1,6.444131256700441,84.0,1.8724109548154475,5.517452896464707,1,1,0,1,0,1,0,0,0,1,0,0,0,0,0,0,0,0,0,0,1,0,0
ChIJ-wOsktpZqDsR2Q_WvGWmY6A,KOVE,R.S. Puram,Coimbatore,11.006837,76.951619,Multi-cuisine / General,Premium,4.6,2500,1,7.824445930877619,43.0,1.7295318873310845,5.5909869805108565,1,1,0,1,0,1,1,1,1,1,1,0,1,1,0,0,1,1,0,0,1,0,1
ChIJV7xuK3FZqDsRGBcSWJCPhpg,Annam Rs puram,R.S. Puram,Coimbatore,11.010472,76.947952,Multi-cuisine / General,Not disclosed,4.7,187,1,5.236441962829949,42.0,2.295526915071146,5.25227342804663,1,0,0,1,0,0,0,0,0,0,0,0,0,0,0,0,0,0,0,0,1,0,0
ChIJ26O52AJZqDsRWLUrIsR6IW0,Cock Ra Co,R.S. Puram,Coimbatore,11.01044,76.953718,Biryani & Non-veg,Not disclosed,4.0,7536,0,8.92757950384347,77.0,1.9507317313823065,5.4638318050256105,1,1,0,1,0,1,1,0,0,1,0,0,0,0,0,0,0,0,0,0,1,0,0
ChIJsy0grgFZqDsR5m9NnmoFVew,Kaanchan Kitchens,Ranganathapuram,Coimbatore,11.014823,76.955079,Vegetarian,Mid,4.2,1265,1,7.143617602704121,87.5,2.3521573869949792,5.3981627015177525,1,0,0,1,0,1,1,1,1,1,1,0,1,1,0,0,1,1,0,0,1,0,1
ChIJ44wyzYtZqDsRJmrIQ3JV3JU,Britain To Bombay 1800,R.S. Puram,Coimbatore,11.006553,76.951829,Multi-cuisine / General,Premium,4.6,933,1,6.839476438228843,77.0,1.690538776292654,5.602118820879701,1,0,0,1,0,1,1,1,1,1,1,0,1,1,1,0,1,1,0,0,1,0,0
ChIJdRGSXkxZqDsRSyd5WjS8GE8,Ajay's Delhiwala Sweet Home,Ram Nagar,Coimbatore,11.012194,76.962398,North Indian & Global,Not disclosed,4.1,4547,0,8.422442854870427,91.0,1.9593939283815474,5.402677381872279,1,1,0,1,0,1,1,0,0,1,0,0,0,0,0,1,0,0,0,0,1,0,0
ChIJw-xCH0lZqDsRfwAIkEh9YIY,Four Cups(veg restaurant),R.S. Puram,Coimbatore,11.013543,76.950836,North Indian & Global,Not disclosed,4.3,3768,1,8.234564993267135,48.88333333333333,2.4013195145173607,5.318119993844216,1,0,0,1,0,0,1,0,0,0,0,0,0,0,0,1,0,0,0,0,1,0,0
ChIJSQNdOP9ZqDsRAdI7CnvYrrc,Sharief Bhai Biryani | RS Puram,R.S. Puram,Coimbatore,11.010547,76.951805,Biryani & Non-veg,Premium,4.4,3792,1,8.2409125416889,87.5,2.0594111257308745,5.455321115357702,1,1,0,1,1,1,1,1,1,1,1,0,1,1,0,1,1,1,1,0,1,0,0
ChIJdRTjFLNZqDsRUOSZWe9UKSU,Valsi Restaurant,R.S. Puram,Coimbatore,11.006142,76.952933,Multi-cuisine / General,Mid,4.2,194,1,5.272999558563747,77.0,1.5815404984664925,5.58724865840025,0,0,0,1,0,1,1,1,1,1,1,1,1,1,0,0,1,1,0,0,1,0,0
ChIJUdN5hKtZqDsRWKdsZY_iuKo,ARABIAN EXPRESS COIMBATORE,R.S. Puram,Coimbatore,11.009129,76.959099,North Indian & Global,Not disclosed,4.2,221,1,5.402677381872279,84.0,1.6349572468260243,5.308267697401205,1,0,0,1,0,0,0,0,0,0,0,0,0,0,0,0,0,0,0,0,1,0,0
ChIJqWE5gBxZqDsRQQ07MsJ7Bpk,Shree Anandhaas | R.S.Puram,R.S. Puram,Coimbatore,11.008503,76.951208,South Indian & Regional,Budget,4.1,5744,0,8.656085190282855,105.0,1.9046079813201242,5.541263545158426,1,1,0,1,0,0,1,1,1,0,1,0,1,1,0,1,1,1,0,1,1,1,0
ChIJ7xGqx6JZqDsRyLYGzo74bnI,Hotel Unavu Aram,R.S. Puram,Coimbatore,11.005901,76.957373,Vegetarian,Not disclosed,4.3,404,1,6.003887067106539,35.0,1.3312725627754762,5.4680601411351315,1,0,0,0,0,0,1,0,0,0,0,0,0,0,0,0,0,0,0,0,1,0,0
ChIJHbK1m-5ZqDsRrTfnQgieVKI,Thaimadi Unavu,R.S. Puram,Coimbatore,11.008369,76.95138,South Indian & Regional,Not disclosed,4.5,123,1,4.820281565605037,62.5,1.8815594501897699,5.552959584921617,1,0,0,1,0,0,0,0,0,0,0,0,0,0,0,0,0,0,0,1,1,0,0
ChIJj2II5qNZqDsRlMMF6adtCEU,SK- Taste of UDUPI,R.S. Puram,Coimbatore,11.008053,76.94589,South Indian & Regional,Budget,4.3,3861,1,8.258940462988459,108.5,2.2591538996059346,5.214935757608986,1,1,0,1,0,0,1,0,1,0,1,0,1,1,0,0,1,1,0,1,1,0,1
ChIJzzyScxRZqDsRIVVBd5nYtYY,BurgerMan RS Puram,R.S. Puram,Coimbatore,11.012543,76.950509,Multi-cuisine / General,Not disclosed,4.5,1082,1,6.9874902470009905,115.5,2.322467441646013,5.3471075307174685,1,1,0,1,0,1,1,0,0,1,0,0,0,0,0,0,0,0,1,0,1,0,0
ChIJEQsumAxZqDsRInP_LN7dq6s,Chettinad Canteen,Saibaba Colony,Coimbatore,11.023495,76.944003,South Indian & Regional,Not disclosed,4.4,1315,1,7.182352111885263,37.0,3.7321423990079805,5.093750200806762,1,0,0,1,0,1,1,0,0,1,0,0,0,0,0,0,0,0,0,0,1,0,0
ChIJoRW-2W1ZqDsR7DLv2Niabd8,Karaikudi Sri Priya Mess Coimbatore,Tatabad,Coimbatore,11.021756,76.962008,South Indian & Regional,Mid,4.0,1196,0,7.087573705557973,59.0,3.020338571345135,5.236441962829949,1,0,0,1,0,0,1,1,1,1,1,0,1,1,0,0,1,1,0,0,1,0,0
ChIJeZ3fcAJZqDsRSYrc_jpB0Ko,Madhuram Vilas - Authentic Chettinad Restaurant,R.S. Puram,Coimbatore,11.007788,76.95099,Multi-cuisine / General,Premium,4.6,133,1,4.897839799950911,70.0,1.8551403919697813,5.560681631015528,1,0,0,1,0,0,1,1,0,0,1,0,1,1,0,0,1,1,0,1,1,0,0
ChIJF_gCjRpZqDsRzwPbvy3HMas,Arusuvai Atchayaa Tiffen Center,R.S. Puram,Coimbatore,11.002921,76.950478,South Indian & Regional,Not disclosed,4.1,679,0,6.522092798170152,101.5,1.5090875066289895,5.4680601411351315,1,0,0,1,0,0,1,0,0,0,0,0,0,0,0,0,0,0,0,0,1,0,0
ChIJdVKmbkhZqDsRTKKIbzCy2kg,APPANS RESTAURANT,R.S. Puram,Coimbatore,11.003525,76.950584,Multi-cuisine / General,Mid,4.8,76,1,4.343805421853684,105.0,1.542297956623145,5.529429087511423,0,0,0,0,0,0,1,0,1,0,0,0,1,1,0,0,0,0,1,0,1,0,0
ChIJu-F4HwNZqDsRZR7rxUulK3c,KANNANNAN VIRUNDHU,R.S. Puram,Coimbatore,11.010434,76.954464,Biryani & Non-veg,Not disclosed,4.0,939,0,6.84587987526405,24.5,1.9165287916465124,5.459585514144159,1,0,1,1,0,0,0,0,0,0,0,0,0,0,0,0,0,0,0,0,1,0,0
ChIJxTm5q1dYqDsRldtGX6sTlHY,Paripoornam Chettinad,Subbana Gounder Layout,Coimbatore,11.022542,76.966911,South Indian & Regional,Budget,4.0,147,0,4.997212273764115,100.5,3.1647002625732585,5.220355825078325,1,0,0,1,0,0,1,0,0,0,0,0,1,0,0,0,0,0,0,1,1,0,0
ChIJOekX7wNZqDsRfKD3xgIWPGA,Ungal Periyasamy inChettinadu Idli Kadai,R.S. Puram,Coimbatore,11.008482,76.957627,South Indian & Regional,Not disclosed,4.3,609,1,6.413458957167357,29.75,1.5976007126947371,5.41610040220442,0,0,0,1,0,0,0,0,0,0,0,0,0,0,0,0,0,0,0,0,1,0,0
ChIJo_U7-99YqDsRLNqQWSRIRNA,Pranesh Chettinadu Hotel,Lawley Rd,Coimbatore,11.013489,76.940629,South Indian & Regional,Not disclosed,4.0,14,0,2.70805020110221,105.11666666666666,3.0905582213382568,4.23410650459726,0,0,0,1,0,0,0,0,0,0,0,0,0,0,0,0,0,0,0,1,1,0,0
ChIJ-_2Syw1ZqDsR6gkxIktgjlc,Covai ANGANAN Biriyani House,R.S. Puram,Coimbatore,11.008068,76.957899,Biryani & Non-veg,Premium,4.4,3979,1,8.289037098278483,84.0,1.545560138805862,5.4116460518550396,1,1,0,1,1,1,1,1,1,1,1,0,1,1,0,0,1,1,0,0,1,1,0
ChIJzfv6XRFZqDsRBHOp2UMKyIc,Dhanalakshmi Chettinadu Mess,Sivanandhapuram,Coimbatore,10.99687,76.948445,Multi-cuisine / General,Mid,4.1,92,0,4.532599493153256,112.0,1.436435169439399,4.948759890378168,0,0,0,1,0,0,1,1,0,0,0,0,1,0,0,0,0,0,1,1,1,0,0
ChIJDwWXpSZZqDsR4gAB6zx7NqI,"Shree Anandhaas Sweets and Snacks - R.S Puram, Coimbatore",R.S. Puram,Coimbatore,11.009774,76.948633,Bakery & Desserts,Not disclosed,4.5,1734,1,7.45876269238096,98.0,2.1883372096490055,5.332718793265369,1,1,0,1,0,1,1,0,0,0,0,0,0,0,0,0,0,0,0,0,1,1,0
ChIJ-V92O9xZqDsRSJtwD1orl-k,LA CASA,Tatabad,Coimbatore,11.019931,76.96026,Fast food & Quick bites,Not disclosed,3.8,290,0,5.673323267171493,77.0,2.819425773382309,5.303304908059076,1,0,0,1,0,1,1,0,0,1,0,0,0,0,0,1,0,0,0,0,1,0,0
ChIJfWO2KhlZqDsRME6C0UT9pUQ,Pizza Paradise,R.S. Puram,Coimbatore,11.009753,76.944389,Fast food & Quick bites,Not disclosed,4.2,1034,1,6.942156705699469,85.0,2.5073108659594694,4.997212273764115,1,1,0,1,0,0,1,0,0,0,0,0,0,0,0,0,0,0,0,0,1,0,0
ChIJkxWQC2j2qDsRDWOyS3ydHVU,"Pizza Hut | R S Puram, Coimbatore",R.S. Puram,Coimbatore,11.003106,76.951523,Fast food & Quick bites,Premium,4.3,4395,1,8.388450315523512,84.0,1.4341822414604142,5.5093883366279774,1,1,0,1,1,1,1,1,1,1,1,0,1,1,0,0,1,1,0,0,1,1,0
ChIJwT2LtUFZqDsRypsBGRGzZy0,Chicago Pizza| The best pizza in coimbatore|,R.S. Puram,Coimbatore,11.011209,76.946237,Fast food & Quick bites,Mid,4.7,377,1,5.934894195619588,70.0,2.479921750736735,5.087596335232384,1,1,0,1,0,0,1,1,1,1,1,1,1,1,1,0,1,1,0,0,1,0,0
ChIJ7YdlWphZqDsRrk2Hb48B6A0,"Domino's Pizza | Sai Baba Colony, Coimbatore",Coimbatore,Coimbatore,11.026196,76.943753,Fast food & Quick bites,Premium,3.7,2414,0,7.789454566086673,112.0,4.006667455744814,5.093750200806762,1,1,0,1,1,0,1,1,1,1,0,0,0,1,0,0,1,1,1,0,1,1,0
ChIJc6mhWdFZqDsR4bW7kNiP99U,Van Dough Cafe & Pizzeria,Peelamedu,Coimbatore,11.022678,76.995753,Fast food & Quick bites,Not disclosed,4.5,528,1,6.270988431858299,73.5,4.879252863495431,4.219507705176107,1,1,0,1,0,1,1,0,0,1,0,0,0,0,0,0,0,0,0,0,1,0,0
ChIJSTCD_fFZqDsRHNfbZSX4tHY,Zucceria-True Italian Pizza,R.S. Puram,Coimbatore,11.006724,76.947322,Fast food & Quick bites,Not disclosed,3.6,14,0,2.70805020110221,119.0,2.044187651081687,5.3471075307174685,1,1,0,1,0,0,0,0,0,0,0,0,0,0,0,0,0,0,1,0,1,0,0
ChIJB3LlbdxZqDsRWCquLj3UWbg,Eat Italiano,R.S. Puram,Coimbatore,11.013172,76.945693,North Indian & Global,Not disclosed,4.3,632,1,6.450470422144176,91.0,2.684017351714782,4.9344739331306915,1,0,0,1,0,1,1,0,0,1,0,0,0,0,0,0,0,0,1,0,1,0,0
ChIJPQDZsONZqDsRzGU8VRmfOgs,"Pizza Hut | Brookefield Mall, Coimbatore",R.S. Puram,Coimbatore,11.009511,76.959017,Fast food & Quick bites,Premium,4.6,1024,1,6.932447891572509,84.0,1.6783060431192918,5.3706380281276624,1,1,0,1,1,1,1,0,1,1,1,0,1,1,0,0,1,1,0,0,1,1,0
ChIJ9Ri5KQBZqDsRk83lWrPtnXU,"Domino’s pizza | Gandhipuram, Coimbtore",Gandhipuram,Coimbatore,11.018995,76.969824,Fast food & Quick bites,Premium,3.7,50,0,3.9318256327243257,84.0,2.864198693571848,5.062595033026967,1,1,0,1,1,0,1,0,1,1,0,0,0,1,0,0,1,1,0,0,1,1,0
ChIJCbsoWShYqDsR9IpyiJwFJ64,"Pizza Hut | Fun Republic Mall, Coimbatore",Peelamedu,Coimbatore,11.024183,77.010911,Fast food & Quick bites,Not disclosed,4.7,4144,1,8.329658067569396,84.0,6.326486955136117,4.9344739331306915,1,1,0,1,0,1,0,0,0,1,0,0,0,0,0,0,0,0,0,0,1,1,0
ChIJGfjUYahZqDsRgSofs9nhQPk,CAHYO ~ garden restaurant,R.S. Puram,Coimbatore,11.014065,76.948408,Cafe & Beverages,Not disclosed,3.8,655,0,6.486160788944089,73.5,2.5875900697322285,5.123963979403259,1,0,0,1,0,1,1,0,0,1,0,0,0,0,0,1,0,0,0,0,1,0,0
ChIJl1JI_jBZqDsRnHrEeYmTOCA,Pizza paradize,R.S. Puram,Coimbatore,11.006324,76.950806,Fast food & Quick bites,Budget,4.4,33,1,3.5263605246161616,84.0,1.742600442514625,5.560681631015528,0,0,0,1,0,0,1,1,1,0,0,0,1,1,0,0,1,1,0,0,1,1,1
ChIJ8fVb6GVZqDsRH6b5p0EWv1Y,"Pizza Hut | Avinashi Road, Coimbatore",Peelamedu,Coimbatore,11.018133,76.990576,Fast food & Quick bites,Not disclosed,4.7,2235,1,7.71244383427499,84.0,4.121739065233938,4.290459441148391,1,1,0,1,0,1,1,0,0,1,0,0,0,0,0,0,0,0,0,0,1,1,0
ChIJ83MuXABZqDsRP1wpkGBntXk,Trevizo,Puliakulam,Coimbatore,11.008139,76.980451,North Indian & Global,Premium,4.5,467,1,6.148468295917647,92.0,2.567201420878104,4.406719247264253,1,1,0,1,0,1,1,1,1,1,1,0,1,1,1,0,1,1,0,1,1,0,0
ChIJkyB1U7lZqDsRRYny6oN-W9c,Eat Alley Cafe,Saibaba Colony,Coimbatore,11.021654,76.938685,North Indian & Global,Premium,4.2,782,1,6.663132695990803,70.0,3.898293659248846,4.9344739331306915,1,1,0,1,1,1,1,1,1,1,1,1,1,1,1,1,1,1,0,0,1,0,1
ChIJHQWlvAJZqDsRp0vf0KIv7cg,MIRAKO PIZZERRIA - Coimbatore (மிராகோ பீட்செரியா – கோயம்புத்தூர்),Seeranaickenpalayam,Coimbatore,11.014931,76.923203,Fast food & Quick bites,Not disclosed,4.8,156,1,5.056245805348308,87.0,4.742688628310493,3.5263605246161616,0,1,0,1,0,0,1,0,0,0,0,0,0,0,0,1,0,0,0,0,0,0,0
ChIJGb35dt5ZqDsRGGLujWbeA9o,INDIAN MR.PIZZA,Illango Nagar,Coimbatore,11.024506,76.984186,Fast food & Quick bites,Not disclosed,4.8,285,1,5.655991810819852,87.0,4.152553715799485,3.5553480614894135,1,0,0,1,0,0,0,0,0,0,0,0,0,0,0,0,0,0,0,0,0,0,0
ChIJ1zLd6BZZqDsRzcoy5o60hiY,Corner@58 - Gelato Ice Cream & Tea,R.S. Puram,Coimbatore,11.01122,76.95745,Bakery & Desserts,Not disclosed,4.6,278,1,5.631211781821365,104.0,1.8976858148428761,5.4510384535657,1,0,0,1,1,1,1,0,1,1,1,0,1,1,0,0,1,1,1,0,1,0,1
ChIJo0A8NABZqDsRnkKqKkXkhDQ,Veera coffee bar,R.S. Puram,Coimbatore,11.00954,76.95298,Multi-cuisine / General,Not disclosed,4.5,18,1,2.9444389791664403,87.0,1.8985303334383767,5.484796933490655,0,0,0,0,0,0,0,0,0,0,0,0,0,0,0,0,0,0,0,0,0,0,0
ChIJ6_iOXQBZqDsRlmEOrXzNaTk,AL KARAMA RESTAURANT,R.S. Puram,Coimbatore,11.007682,76.955404,Multi-cuisine / General,Mid,4.0,147,0,4.997212273764115,77.0,1.5951009236723526,5.5134287461649825,1,0,0,1,0,1,1,1,1,1,1,1,1,1,0,0,1,1,1,0,1,0,0
ChIJlTEGjQNZqDsRZIi2MreX9SM,The Village Hotel,R.S. Puram,Coimbatore,11.0085,76.956948,South Indian & Regional,Not disclosed,4.1,3472,0,8.152774052744075,28.0,1.6202000723908465,5.407171771460119,1,0,0,1,0,0,1,0,0,0,0,0,0,0,0,1,0,0,0,0,1,0,0
ChIJwXEeIWVZqDsRenmXzXF288Q,ER Biriyani - Sasi Kadai,R.S. Puram,Coimbatore,11.0039,76.953683,Multi-cuisine / General,Not disclosed,4.6,1091,1,6.9957661563048505,66.41666666666667,1.3337561645509073,5.634789603169249,1,1,0,1,0,0,1,0,0,0,0,0,0,0,0,0,0,0,0,0,1,0,0
ChIJv1KXGgBZqDsRIuAge4aqesM,Spicy Cafe,R.S. Puram,Coimbatore,11.016076,76.954601,Multi-cuisine / General,Budget,4.6,69,1,4.248495242049359,94.66666666666667,2.500675628869215,5.318119993844216,1,1,0,1,0,0,1,1,1,0,1,1,1,1,0,0,1,1,1,0,1,0,1
ChIJm47tc5JZqDsRF-n2T-SM8KM,Tempt Asian,,,11.009445,76.966765,Multi-cuisine / General,Not disclosed,4.8,871,1,6.77078942390898,168.0,1.7514839757174177,5.0689042022202315,1,1,0,1,0,0,0,0,0,0,0,0,0,0,0,0,0,0,1,1,1,0,0
ChIJIXWmNABZqDsRvYkz6X701cU,A Square Briyani,Gandhipuram,Coimbatore,11.019367,76.965022,Multi-cuisine / General,Not disclosed,4.4,994,1,6.902742737158593,147.0,2.7821960368661838,5.313205979041787,1,0,0,1,0,0,1,0,0,0,0,0,0,0,0,0,0,0,1,1,1,0,0
ChIJEy9sEVRYqDsRT_seoxBC2qY,Hotel Cheap And Best,Cross Cut,Coimbatore,11.017899,76.968713,South Indian & Regional,Mid,4.1,5214,0,8.559294367434873,65.43333333333334,2.7109087790941038,5.135798437050262,0,0,0,0,0,0,1,1,1,0,0,0,1,0,0,0,1,1,0,0,1,0,0
ChIJCcJYm1VYqDsRx47WwjKxV38,Lallkudi Restaurant,Ram Nagar,Coimbatore,11.017025,76.964846,North Indian & Global,Not disclosed,3.6,845,0,6.740519359606223,84.0,2.5217546985674244,5.293304824724492,1,0,0,1,0,0,1,0,0,0,0,0,0,0,0,0,0,0,1,0,1,0,0
ChIJ4wTRIqhZqDsRt4W-ar9G4kU,Biryani In Bucket - B.I.B RESTAURANT,Tatabad,Coimbatore,11.017557,76.962617,Biryani & Non-veg,Not disclosed,4.7,4242,1,8.353025845202325,80.5,2.556155773443514,5.407171771460119,1,0,1,1,0,0,1,0,0,0,0,0,0,0,0,0,0,0,0,0,1,0,0
ChIJh3hoM-dZqDsRu7aJfp_Ak7o,HMR Grand Kitchen,Ram Nagar,Coimbatore,11.013866,76.967423,Biryani & Non-veg,Mid,4.0,3552,0,8.175547596021026,77.0,2.240884080443168,5.159055299214529,1,0,0,1,0,0,1,1,1,1,1,0,1,1,1,0,1,1,0,0,1,0,0
ChIJ6S57-hxZqDsRV-fIyijtoIQ,Peking Chinese Restaurant,R.S. Puram,Coimbatore,11.009037,76.947685,North Indian & Global,Premium,4.1,1118,0,7.020190708311925,47.25,2.195015884861098,5.2574953720277815,1,1,0,1,1,0,1,1,1,1,1,0,1,1,0,0,1,1,0,0,1,0,0
ChIJp5tLR2FXqDsRGUUR_kj3Ins,China V'lley Chinese Restaurant,Sungam,Coimbatore,10.997537,76.982861,North Indian & Global,Not disclosed,4.3,2783,1,7.931644021454311,56.0,2.3651965855667836,4.2626798770413155,1,1,0,1,0,1,1,0,0,1,0,0,0,0,0,0,0,0,0,0,1,0,0
ChIJXW0jqZZZqDsRGUAv7gyB2ZY,WOW China,R.S. Puram,Coimbatore,11.009445,76.959055,North Indian & Global,Mid,4.3,77,1,4.356708826689592,84.0,1.67041565264056,5.337538079701318,1,1,0,1,0,0,1,1,1,0,1,1,1,1,0,0,1,1,0,0,1,0,0
ChIJP6GfMKlZqDsRuecQgPVS1cA,Peking Restaurant,Gopalapuram,Coimbatore,11.006564,76.970154,North Indian & Global,Not disclosed,4.1,1084,0,6.98933526597456,52.0,1.637926097055199,4.762173934797756,1,1,0,1,0,0,1,0,0,0,0,0,0,0,0,1,0,0,0,0,1,0,0
ChIJfdgfGUBZqDsRk_rM1-3jeXw,The Asian Stories,Saibaba Colony,Coimbatore,11.02479,76.942027,North Indian & Global,Not disclosed,4.7,1931,1,7.566311014772463,56.0,3.9674327885518004,5.056245805348308,1,0,0,1,0,1,1,0,0,1,0,0,0,0,0,0,0,0,0,0,1,0,0
ChIJO4IjbUJZqDsR3LXmsHhTw4w,SALEM VS BIRIYANI,Tatabad,Coimbatore,11.017767,76.964876,Multi-cuisine / General,Mid,4.5,744,1,6.61338421837956,84.0,2.6038425369185685,5.327876168789581,1,0,0,0,0,0,1,1,1,1,1,1,1,1,0,0,1,1,0,0,1,0,0
ChIJ15sp7aZZqDsRq71XulaMA8I,Chin Chin,Coimbatore,Coimbatore,11.010291,76.980451,North Indian & Global,Premium,4.3,731,1,6.595780513961311,42.0,2.714450839078902,4.290459441148391,1,1,0,1,0,1,1,1,1,1,1,0,1,1,0,1,1,1,0,0,1,0,0
ChIJkxpEmD9ZqDsRPspqLAoXR9I,Suchow Chinese Restaurant,Ganapathy,Coimbatore,11.03086,76.975392,North Indian & Global,Not disclosed,4.4,386,1,5.958424693029782,36.0,4.311466993026698,4.060443010546419,1,0,0,1,0,1,1,0,0,1,0,0,0,0,0,0,0,0,0,0,1,0,0
ChIJn9rWbuRZqDsRdsL7l-IOCLg,Shree Anandhaas- Gandhipuram,Signal,Coimbatore,11.01724,76.96855,Vegetarian,Budget,4.2,4806,1,8.47782846789396,108.38333333333334,2.6356454635459596,5.14166355650266,1,1,0,1,0,0,1,1,1,1,1,0,1,1,0,0,1,1,0,1,1,0,1
ChIJRSk0uytZqDsR85SrguqYnQ4,SS Hyderabad Biryani Coimbatore,Cross Cut Road,Coimbatore,11.017725,76.962617,Multi-cuisine / General,Not disclosed,4.2,14064,1,9.551444720923957,98.5,2.5748114610019996,5.393627546352361,1,1,0,1,0,0,1,0,0,0,0,0,0,0,0,0,0,0,1,0,1,0,0
ChIJIaYlQhRZqDsRpxg_zgHyOcc,The Malabar Restaurant,Ram Nagar,Coimbatore,11.014435,76.966174,South Indian & Regional,Not disclosed,4.0,2223,0,7.707062655370473,84.0,2.266271130676593,5.327876168789581,1,0,0,1,0,0,1,0,0,0,0,0,0,0,0,0,0,0,0,0,1,0,0
ChIJ098A1TxZqDsRdsEIS5Ehpcw,"Mamagoto, Coimbatore",Gopalapuram,Coimbatore,11.008028,76.971497,North Indian & Global,Premium,4.1,98,0,4.59511985013459,52.5,1.8558161266724107,4.736198448394496,1,1,0,1,0,1,1,1,1,1,0,0,1,1,0,0,1,1,0,0,1,0,0
ChIJVwoUpVZYqDsR1HKO2psbNcM,Alankar Biriyani Centre,Gandhipuram,Coimbatore,11.020165,76.969195,Biryani & Non-veg,Not disclosed,4.3,270,1,5.602118820879701,44.5,2.9672925830422896,5.056245805348308,0,0,0,1,0,0,1,0,0,0,0,0,0,0,0,0,0,0,0,0,1,0,0
ChIJE3JJuFVYqDsRJ1Zo3aAPUN0,Dindigul Thalappakatti Restaurant - Gandhipuram,Gandhipuram,Coimbatore,11.017687,76.966387,Multi-cuisine / General,Not disclosed,4.1,8565,0,9.055556158175316,84.0,2.6242315150913686,5.267858159063328,1,1,0,1,0,1,1,1,1,1,1,0,0,1,0,0,1,1,0,0,1,1,0
ChIJNTfuR2NZqDsRnbb2YIAMFRQ,Maiden-China,Selvapuram North,Ponnaiah Raja Puram,10.998515,76.945026,North Indian & Global,Not disclosed,4.9,52,1,3.970291913552122,87.0,1.8395278991802044,4.727387818712341,0,0,0,1,0,0,0,0,0,0,0,0,0,0,0,0,0,0,0,0,0,0,0
ChIJbxdCsOlYqDsRxeY-vP7-6JA,KOWLOON RESTAURANT,Kuppakonam Pudur,Coimbatore,11.027265,76.94328,Multi-cuisine / General,Mid,4.2,1385,1,7.234177179749849,45.0,4.135732496267399,5.087596335232384,1,0,0,1,0,0,1,1,1,1,1,0,1,1,0,0,1,1,0,0,1,0,0
ChIJn6_8K0xZqDsR7Uw9BKhgAF4,Havana multicuisine restaurant,R.S. Puram,Coimbatore,11.008197,76.945885,North Indian & Global,Not disclosed,4.2,405,1,6.0063531596017325,87.0,2.2701948316287632,5.19295685089021,1,0,0,1,0,0,1,0,0,0,0,0,0,0,0,0,0,0,0,0,0,0,0
ChIJ1_WUHLVZqDsRHH-RpJu0moY,TARA MOMOS,R.S. Puram,Coimbatore,11.008383,76.947116,North Indian & Global,Mid,4.3,432,1,6.07073772800249,45.5,2.1862554762689714,5.262690188904886,1,0,0,1,0,1,1,0,1,1,0,0,1,1,0,0,0,1,1,0,1,0,1
ChIJ15Wpl9tZqDsRY19wiaDccG0,KHALIDS BIRIYANI SIGNATURE R S PURAM,R.S. Puram,Coimbatore,11.010251,76.951853,Multi-cuisine / General,Mid,4.5,1146,1,7.044905117129371,84.0,2.0284439968034333,5.4680601411351315,1,1,0,1,0,1,1,1,1,1,1,0,1,1,0,0,1,1,0,0,1,0,0
ChIJAeFmQxtZqDsRXBHy4ioI_Gc,அண்ணபூர்னா ஆர். எஸ். புரம்,R.S. Puram,Coimbatore,11.006948,76.951662,Vegetarian,Mid,4.2,15618,1,9.656243400857722,115.5,1.73638182035638,5.5909869805108565,1,1,0,1,0,0,1,1,1,1,1,0,1,1,0,1,1,1,0,1,1,0,1
ChIJFb2NRhtZqDsR_qwSStIx_Jw,HMR Biriyani Hut,R.S. Puram,Coimbatore,11.006739,76.952326,Biryani & Non-veg,Not disclosed,4.1,8760,0,9.078065332666364,78.0,1.6741934711008462,5.594711379601839,1,0,0,1,0,0,1,0,0,0,0,0,0,0,0,0,0,0,0,0,1,0,0
ChIJWx66sDRZqDsRbjrtKCW-Mkc,Rangaas Cafe,R.S. Puram,Coimbatore,11.013447,76.952515,South Indian & Regional,Not disclosed,4.4,39,1,3.6888794541139363,98.0,2.309206717504704,5.3706380281276624,1,0,0,1,0,0,0,0,0,0,0,0,0,0,0,0,0,0,0,0,1,0,0
ChIJge6oO6RZqDsRn7m2s112JPY,Meenatchi tiffen centre,rr layout,Coimbatore,11.008842,76.957591,Multi-cuisine / General,Budget,4.3,195,1,5.278114659230518,105.0,1.6373038777953492,5.384495062789089,1,0,0,1,0,0,1,1,1,0,0,0,1,1,0,0,0,0,0,0,1,0,0
ChIJQWYg5GxZqDsRFcOV4-5A-yo,RG SHAWARMA CORNER—2,Selvapuram North,Ponnaiah Raja Puram,11.001895,76.948157,Biryani & Non-veg,Not disclosed,3.6,22,0,3.1354942159291497,84.0,1.657554029634834,5.2832037287379885,1,0,0,1,0,0,0,0,0,0,0,0,0,0,0,0,0,0,0,0,1,0,0
ChIJE5nxAHhZqDsRqSNHO7zcMvY,Shawarma Grill house,Selvapuram North,Coimbatore,10.99193,76.949769,Biryani & Non-veg,Premium,4.0,56,0,4.04305126783455,42.0,1.3038273782959426,4.836281906951478,0,0,0,1,0,0,1,0,1,0,0,0,1,1,0,0,0,1,0,0,1,0,0
ChIJMeNgEgBZqDsRqfd8MEIZdG8,RG SHAWARMA CORNER &Briyani,Selvapuram North,Coimbatore,10.996823,76.942371,Biryani & Non-veg,Not disclosed,3.8,12,0,2.5649493574615367,73.38333333333334,2.091739585549574,4.290459441148391,0,0,0,0,0,0,0,0,0,0,0,0,0,0,0,0,0,0,0,0,1,0,0
ChIJdcvkPABZqDsR0gQkdWPxLBE,Fry D Ex Shawarma,Masakalipalayam,Coimbatore,11.012938,76.996205,Fast food & Quick bites,Mid,4.9,27,1,3.332204510175204,42.0,4.3116341421036015,4.07753744390572,1,0,0,1,0,0,1,0,0,0,0,0,1,1,0,0,0,0,0,0,1,0,0
ChIJZTx6e1RZqDsR362iR9htkQE,Khan Saheb | Live Grill | Rolls,R.S. Puram,Coimbatore,11.009647,76.946242,Fast food & Quick bites,Mid,4.2,376,1,5.932245187448011,77.0,2.3530503879313156,5.159055299214529,1,0,0,1,0,0,1,0,1,0,1,0,1,1,0,0,1,1,0,0,1,0,0
ChIJl4VghPpZqDsRk-f4BYE6ZwQ,OG Shawarma Hub,Coimbatore,Coimbatore,11.025092,76.939472,Cafe & Beverages,Not disclosed,4.9,10,1,2.3978952727983707,87.5,4.150211047012245,5.0369526024136295,1,0,0,1,0,0,0,0,0,0,0,0,0,0,0,0,0,0,1,0,1,0,0
ChIJY6n66nFZqDsRGpbfFWIQqrs,ARABIATA,Ukkadam,Coimbatore,10.989257,76.967025,Fast food & Quick bites,Budget,4.8,20,1,3.044522437723423,41.5,0.8543792197538387,4.812184355372417,1,0,0,1,0,0,1,1,0,0,0,0,1,1,1,0,0,1,0,0,1,0,0
ChIJvyiyW_pZqDsR1POHk-gCApc,ABR KITCHEN,R.S. Puram,Coimbatore,11.006008,76.948209,Multi-cuisine / General,Not disclosed,4.4,195,1,5.278114659230518,80.5,1.91890842205423,5.4116460518550396,0,0,0,0,0,0,1,0,0,0,0,0,0,0,0,0,0,0,1,0,1,0,0
ChIJlXNvuulZqDsRLDf8mIllvag,SHAWARMA FEAST,R.S. Puram,Coimbatore,11.000061,76.952035,Fast food & Quick bites,Not disclosed,3.8,11,0,2.4849066497880004,70.0,1.188975748500269,5.318119993844216,1,0,0,1,0,0,0,0,0,0,0,0,0,0,0,0,0,0,0,0,1,0,0
ChIJXYzBWtdZqDsR1CNNMUamlDk,Food Scientist,R.S. Puram,Coimbatore,11.006712,76.947379,Fast food & Quick bites,Mid,4.8,27,1,3.332204510175204,87.0,2.038633164656824,5.351858133476067,1,1,0,1,1,0,1,0,1,0,0,0,1,1,0,0,1,1,0,0,0,0,0
ChIJSaqRMNxZqDsRZdkI8fA1dlg,Golden Shawarma (The Shawarma Shop),Tatabad,Coimbatore,11.0273,76.965352,Fast food & Quick bites,Not disclosed,4.7,86,1,4.465908118654584,49.0,3.661570682657713,4.61512051684126,1,0,1,1,0,0,0,0,0,0,0,0,0,0,0,0,0,0,0,0,1,0,0
ChIJ7ZT2AKRZqDsRLy22vgmvmHk,The Bermuda - A Cocktail Commune,R.S. Puram,Coimbatore,11.010155,76.949431,Multi-cuisine / General,Not disclosed,4.4,619,1,6.429719478039138,84.0,2.167579745324898,5.384495062789089,1,0,0,1,0,1,1,1,0,1,1,1,1,1,0,0,1,1,0,0,1,0,0
ChIJk9X6UaVZqDsRim5Pds0Y1qw,Palm Cafe & Restaurant,R.S. Puram,Coimbatore,11.003548,76.947771,Multi-cuisine / General,Not disclosed,4.7,54,1,4.007333185232471,98.0,1.789701887691366,5.384495062789089,1,1,0,0,0,0,1,0,0,0,0,0,0,0,0,0,0,0,0,0,1,0,0
ChIJTcpEi1ZZqDsRiD_523L6Itw,Cafe June,R.S. Puram,Coimbatore,11.007127,76.953235,Multi-cuisine / General,Not disclosed,4.4,68,1,4.23410650459726,77.0,1.6536497070561749,5.579729825986222,1,0,0,1,0,1,0,0,0,1,0,0,0,0,0,0,0,0,0,0,1,0,0
ChIJrTm69ZBZqDsRW9V63miGTjE,The Mystic Mayans Cafe,R.S. Puram,Coimbatore,11.009293,76.950122,Cafe & Beverages,Premium,4.7,171,1,5.147494476813453,57.5,2.045639290880419,5.480638923341991,1,1,0,1,1,1,1,1,1,1,1,1,1,1,0,0,1,1,0,0,1,0,0
ChIJ5Zc4WQhZqDsR8DelaoFPr8c,Cafe retroo - (Rspuram),R.S. Puram,Coimbatore,11.006853,76.95206,Cafe & Beverages,Mid,4.9,231,1,5.44673737166631,83.5,1.70166430096127,5.602118820879701,1,0,1,1,0,1,1,0,1,1,1,0,0,1,0,0,0,1,1,0,1,0,0
ChIJ881jKSdZqDsRUX89WfhZ1cY,Sazz Kitchen and Lounge - Coimbatore,Selvapuram South,Coimbatore,10.983431,76.946766,Multi-cuisine / General,Not disclosed,4.6,2980,1,8.000014093678072,49.0,2.0233778659532775,3.828641396489095,1,0,0,1,0,1,1,0,0,1,0,0,0,0,0,0,0,0,1,0,1,0,0
ChIJC4AYwZNZqDsRMCJ80wQtJ0U,FRUITBAE® | Coimbatore,R.S. Puram,Coimbatore,11.010465,76.949731,Cafe & Beverages,Mid,4.6,2640,1,7.878912912297132,84.0,2.1758548820908845,5.37989735354046,1,1,0,1,1,0,1,1,1,0,0,0,1,1,0,0,1,1,0,0,1,0,0
ChIJBQPtOCFZqDsRl8Jyl8UgrtA,Ashok coconut sarbath,R.S. Puram,Coimbatore,11.008086,76.957861,Cafe & Beverages,Not disclosed,4.4,2349,1,7.762170607138205,91.0,1.5485290427329232,5.4116460518550396,1,0,0,1,0,1,0,0,0,1,0,0,0,0,0,0,0,0,0,0,1,0,0
ChIJo1MSNxtZqDsR08ekggUjIZI,Dr. Karumbu,R.S. Puram,Coimbatore,11.008968,76.957603,Cafe & Beverages,Not disclosed,4.3,215,1,5.375278407684165,84.0,1.650529645848488,5.389071729816501,1,0,0,1,0,0,1,0,0,0,0,0,0,0,0,0,0,0,0,0,1,0,0
ChIJN3eVIztZqDsRcAt9OzOBctE,Squeez Juice Bars - Brookfields Mall,R.S. Puram,Coimbatore,11.009655,76.958922,Cafe & Beverages,Budget,4.7,489,1,6.194405391104672,105.0,1.6957494650159213,5.375278407684165,1,1,0,1,0,0,1,0,0,0,0,0,1,1,0,0,0,0,1,0,1,0,1
ChIJB0QcGX5ZqDsRj5je6EnBDU8,Juice Mama,Ram Nagar,Coimbatore,11.013754,76.961222,Cafe & Beverages,Not disclosed,4.1,361,0,5.891644211825771,84.0,2.129916239961966,5.5134287461649825,1,0,0,1,0,0,1,0,0,0,0,0,0,0,0,0,0,0,0,0,1,1,0
ChIJF1lQIxtZqDsR6aC_VlKcpRw,Feel well dessert parlour,R.S. Puram,Coimbatore,11.006093,76.950044,Cafe & Beverages,Budget,4.5,581,1,6.366470447731438,84.0,1.780342777255589,5.501258210544727,1,0,0,1,0,1,1,1,1,1,1,0,1,1,0,1,1,1,0,0,1,0,1
ChIJCyN288NZqDsRSgKz5OTmICA,Ashok Coconut Sarbath Shop,Ram Nagar,Coimbatore,11.014692,76.963521,Cafe & Beverages,Not disclosed,4.3,552,1,6.315358001522335,91.0,2.2460912271390265,5.484796933490655,1,0,0,1,0,0,0,0,0,0,0,0,0,0,0,0,0,0,0,0,1,0,0
ChIJzYweIQBZqDsRT6x7-oobCp8,The Juice Story,Town Hall,Coimbatore,10.999563,76.951585,Cafe & Beverages,Budget,4.8,57,1,4.060443010546419,91.0,1.2051195571321607,5.298317366548036,1,0,0,1,0,0,1,0,0,0,0,0,0,1,0,0,0,0,0,0,1,0,0
ChIJ6WDDoXVZqDsRKQPXU6Qzm2A,Mirras Coffee,R.S. Puram,Coimbatore,11.009655,76.947823,Cafe & Beverages,Budget,4.5,256,1,5.54907608489522,84.0,2.235748443113584,5.267858159063328,1,1,0,1,0,0,1,0,1,0,0,0,1,1,0,0,0,1,0,0,1,0,1
ChIJ35PQbBtZqDsRhvfghhf0RB4,JIL X,R.S. Puram,Coimbatore,11.006259,76.950704,Bakery & Desserts,Not disclosed,4.4,354,1,5.872117789475416,84.0,1.7446307913301524,5.556828061699537,1,0,0,1,0,0,0,0,0,0,0,0,0,0,0,0,0,0,0,0,1,0,0
ChIJOc8Xz99ZqDsR78TFDqWRVIU,Ice Cream Cafe,R.S. Puram,Coimbatore,11.006289,76.953328,Bakery & Desserts,Not disclosed,4.4,695,1,6.54534966033442,84.0,1.5702419347991763,5.579729825986222,1,1,0,1,0,0,0,0,0,0,0,0,0,0,0,0,0,0,0,0,1,0,0
ChIJ_ShVVABZqDsRVPl6ZdQqWzw,Peni Ice Candy - R.S. Puram,R.S. Puram,Coimbatore,11.004051,76.95133,Bakery & Desserts,Not disclosed,4.5,155,1,5.049856007249537,91.0,1.5207091951438532,5.54907608489522,1,1,0,1,0,0,1,0,0,0,0,0,1,1,0,0,1,1,0,0,1,1,0
ChIJ_SqXT3pZqDsRXElj7uRB4yU,Falooda Nation Coimbatore,R.S. Puram,Coimbatore,11.008721,76.952448,Bakery & Desserts,Not disclosed,4.8,818,1,6.70808408385307,91.0,1.8493905744304608,5.537334267018537,1,1,0,1,0,0,1,0,0,0,0,0,0,0,0,0,0,0,1,0,1,0,0
ChIJwTSUbhtZqDsR3rZINyL1LlY,Bon Bon Ice Creams,R.S. Puram,Coimbatore,11.006741,76.950844,Bakery & Desserts,Not disclosed,4.1,264,0,5.579729825986222,84.0,1.7748591587128217,5.572154032177765,1,0,0,1,0,0,1,1,1,0,0,0,0,1,0,0,1,1,0,0,1,0,0
ChIJW_g6IIlZqDsRDTnFkJyDMaM,Oswalds Ice cream,R.S. Puram,Coimbatore,11.012863,76.947895,Bakery & Desserts,Not disclosed,4.7,1596,1,7.3758821482150125,87.5,2.509355534299623,5.159055299214529,1,1,0,1,1,1,1,1,1,1,1,1,0,1,0,0,1,1,1,0,1,0,0
ChIJ53pXMZtZqDsRt84ZvZPfAXo,Nic ice cream,R.S. Puram,Coimbatore,11.004765,76.951989,Bakery & Desserts,Not disclosed,4.6,28,1,3.367295829986474,77.0,1.5273414661753428,5.616771097666572,0,0,0,1,0,0,1,0,1,0,0,0,0,1,0,0,1,1,0,0,1,0,0
ChIJQ9rs7xpZqDsRG-Dc1S_oZ1I,Hatsun Distributor (Daily),R.S. Puram,Coimbatore,11.004184,76.950714,Bakery & Desserts,Not disclosed,4.4,86,1,4.465908118654584,115.5,1.5799333602127565,5.545177444479562,1,0,0,1,0,0,1,0,0,0,0,0,0,0,0,0,0,0,0,1,1,0,0
ChIJS0FcEgxZqDsRP9I9tM2i4XE,Scandy - Ice Candy - RS Puram,R.S. Puram,Coimbatore,11.010496,76.952356,Bakery & Desserts,Not disclosed,4.9,39,1,3.6888794541139363,87.5,2.0245339080637197,5.4638318050256105,1,1,0,0,0,0,0,0,0,0,0,0,0,0,0,0,0,0,1,0,1,1,0
ChIJ15LHEhtZqDsRaH4JJZvhmLQ,Amul Ice Cream,R.S. Puram,Coimbatore,11.006239,76.950716,Bakery & Desserts,Not disclosed,4.1,172,0,5.153291594497779,98.0,1.742101813908462,5.556828061699537,0,1,0,1,0,0,1,0,1,0,0,0,0,1,0,0,1,1,0,0,1,1,0
ChIJ722cLgBZqDsRyUys7vWiXik,The Frozen Stick RS Puram,R.S. Puram,Coimbatore,11.009805,76.953288,Multi-cuisine / General,Not disclosed,4.5,59,1,4.0943445622221,91.0,1.9085397061978953,5.472270673671475,1,0,1,1,0,0,1,0,1,0,1,1,1,1,0,0,1,1,0,0,1,0,0
ChIJr6r6OxtZqDsR9Lz9wXIqbP0,The chocolate room,R.S. Puram,Coimbatore,11.005901,76.951714,Cafe & Beverages,Not disclosed,4.4,2672,1,7.890956716138919,73.5,1.6422074835596083,5.579729825986222,1,1,0,1,0,1,1,0,1,1,1,0,1,0,0,0,1,1,0,0,1,0,1
ChIJhVhXCB1ZqDsRaDKFPtquEx0,SHREE KULFI,R.S. Puram,Coimbatore,11.011317,76.95008,Bakery & Desserts,Not disclosed,4.5,1257,1,7.1372784372603855,98.0,2.232035877062808,5.3981627015177525,0,0,0,1,0,0,1,0,0,0,0,0,0,0,0,0,0,0,1,0,1,0,0
ChIJsYHHnB1ZqDsR6eXzFVFMFI8,Boomerang,R.S. Puram,Coimbatore,11.010366,76.953043,Bakery & Desserts,Not disclosed,4.2,1324,1,7.1891677384203225,84.0,1.9762136939611383,5.488937726156687,1,1,0,1,0,0,1,0,0,0,0,0,0,0,0,0,0,0,0,0,1,1,0
ChIJ43AOOABZqDsRuAXotH3edBQ,Happy Ending Ice Creams - RS Puram,R.S. Puram,Coimbatore,11.009096,76.94444,Bakery & Desserts,Not disclosed,4.2,429,1,6.063785208687608,84.0,2.4546129881481615,5.0369526024136295,1,0,0,1,0,1,1,0,0,1,0,0,0,0,0,0,0,0,0,0,1,1,0
ChIJkcLDPAVZqDsRaTLPwjSB-8o,Breezo,R.S. Puram,Coimbatore,11.011386,76.950129,Bakery & Desserts,Not disclosed,4.7,19,1,2.995732273553991,102.0,2.235481660895626,5.402677381872279,0,0,0,0,0,0,1,0,0,0,0,0,0,1,0,0,0,0,1,1,1,0,0
ChIJ26dxpEhZqDsRrspvxlS0NtU,Sticksy R.S. Puram,R.S. Puram,Coimbatore,11.011165,76.948562,Bakery & Desserts,Not disclosed,4.5,87,1,4.477336814478207,84.0,2.3143770021451107,5.288267030694535,1,1,0,1,0,0,1,0,1,0,0,0,0,1,0,0,1,1,0,0,1,0,0
ChIJX5-ncmVZqDsRVyi-hNoXgRk,FROZEN BOTTLE COIMBATORE,R.S. Puram,Coimbatore,11.010293,76.947964,Bakery & Desserts,Not disclosed,4.2,703,1,6.556778356158042,84.0,2.279416934213989,5.25227342804663,1,1,0,1,0,1,1,0,1,1,0,0,0,1,0,0,1,1,0,0,1,0,0
ChIJd_9gCxtZqDsRAOFtCEPd3kc,Hotel Siruvani,R.S. Puram,Coimbatore,11.006171,76.950251,South Indian & Regional,Not disclosed,3.8,1518,0,7.325807502595773,108.5,1.7709774001714251,5.497168225293202,0,0,0,1,0,0,1,0,0,0,0,0,0,0,0,0,0,0,0,1,1,1,0
ChIJTVmt0YJZqDsRQwHPb8sDdMc,Tea Traffic By Delta Cafe,R.S. Puram,Coimbatore,11.001485,76.950518,Cafe & Beverages,Budget,4.9,15,1,2.772588722239781,112.0,1.4131440149952765,5.3471075307174685,1,0,0,1,0,0,1,0,1,0,1,0,1,1,0,0,1,1,0,1,1,0,0
ChIJz5zd6exZqDsRch5r7fUcRW8,Brown Fening Tea,R.S. Puram,Coimbatore,11.005567,76.950185,Cafe & Beverages,Not disclosed,5.0,44,1,3.8066624897703196,89.5,1.7278989461259247,5.541263545158426,1,1,0,0,0,0,1,0,1,0,0,0,0,0,0,0,0,0,0,1,1,1,0
ChIJRbBYC85ZqDsR_sgrYnGp5HM,"Mumbai Chai Cafe - RS Puram, Coimbatore",R.S. Puram,Coimbatore,11.009915,76.947881,Cafe & Beverages,Not disclosed,4.7,103,1,4.6443908991413725,105.0,2.2533256820853858,5.262690188904886,1,1,0,0,0,0,0,0,0,0,0,0,0,0,0,0,0,0,0,1,1,0,0
ChIJ-x6bPnZZqDsRMuen0u2JK1c,Tea Time RS Puram,R.S. Puram,Coimbatore,11.00973,76.946302,Cafe & Beverages,Not disclosed,4.4,38,1,3.6635616461296463,72.0,2.355034178536021,5.159055299214529,1,0,0,1,0,0,1,0,1,0,0,0,0,0,0,0,0,1,0,0,1,0,0
ChIJI2C_d8VZqDsRtiX1ooMkvsc,Black Brews,R.S. Puram,Coimbatore,11.00607,76.948826,Cafe & Beverages,Not disclosed,4.9,23,1,3.1780538303479458,112.0,1.8735923235750933,5.455321115357702,1,1,0,0,0,0,0,0,0,0,0,0,0,0,0,0,0,0,0,1,1,0,0
ChIJJZkpyW1ZqDsRsk7SX94nnj0,INDCO'S TEA HOUSE RS PURAM,R.S. Puram,Coimbatore,11.014464,76.944164,Cafe & Beverages,Not disclosed,4.5,244,1,5.501258210544727,150.0,2.9013850073674385,4.795790545596741,1,0,0,1,0,0,0,0,0,0,0,0,0,0,0,0,0,0,1,1,1,0,0
ChIJG_qltBxZqDsRrzR_3RJ6Qlo,Chai n' Gupshup The Tea Lounge,R.S. Puram,Coimbatore,11.011366,76.951208,Cafe & Beverages,Mid,4.1,1368,0,7.221835825288449,87.5,2.1709841585187126,5.44673737166631,1,1,0,1,1,0,1,1,0,0,0,0,1,1,0,0,1,1,0,0,1,0,1
ChIJU6lqMdlZqDsRd8UdreQn89Y,TEA MATES - RS Puram,R.S. Puram,Coimbatore,11.014714,76.947068,Cafe & Beverages,Not disclosed,5.0,18,1,2.9444389791664403,112.0,2.7293643982970464,5.087596335232384,1,0,0,1,0,0,0,0,0,0,0,0,0,0,0,0,0,0,0,1,1,1,0
ChIJqwoRQsBZqDsRKhH2grj8y48,"Tapriwala, the contemporary tea cafe",R.S. Puram,Coimbatore,11.009271,76.950328,Cafe & Beverages,Mid,4.3,695,1,6.54534966033442,70.0,2.0302215533417582,5.484796933490655,1,0,1,1,1,1,1,1,1,1,0,1,1,1,1,0,1,1,0,0,1,0,1
ChIJe4W24J1ZqDsR8GAjXgdJ3OM,Mr.Irani Cafe,R.S. Puram,Coimbatore,11.00967,76.947972,Cafe & Beverages,Not disclosed,4.7,153,1,5.0369526024136295,98.0,2.2262567915595772,5.272999558563747,1,0,0,1,0,0,1,0,0,0,0,0,0,0,0,0,0,1,0,1,1,0,0
ChIJeUNsJeRZqDsR5WZzB3FPHRY,TeaBoy,R.S. Puram,Coimbatore,11.010093,76.95281,Cafe & Beverages,Not disclosed,4.4,70,1,4.2626798770413155,84.0,1.9613648300241395,5.480638923341991,1,1,0,1,0,0,1,0,0,0,0,0,0,0,0,0,0,0,0,1,1,1,0
ChIJn0GHVQRZqDsR95c3B_obkmI,Time To Time,R.S. Puram,Coimbatore,11.005736,76.955538,Cafe & Beverages,Not disclosed,3.9,11,0,2.4849066497880004,112.0,1.3938114841243026,5.564520407322694,0,0,0,1,0,0,0,0,0,0,0,0,0,0,0,0,0,0,0,1,1,0,0
ChIJX6eM2m1ZqDsRdcmzqfAcaOs,Cothas Coffee,R.S. Puram,Coimbatore,11.004691,76.951168,Cafe & Beverages,Budget,4.4,71,1,4.276666119016055,72.0,1.5831543281301557,5.572154032177765,0,1,0,1,0,1,1,0,1,1,0,0,0,0,0,0,0,1,0,0,1,1,0
ChIJ7WCpigdfqDsRv0Fj6RdGKGk,Chai & Chai,R.S. Puram,Coimbatore,11.004649,76.950106,Cafe & Beverages,Budget,4.5,51,1,3.9512437185814275,65.0,1.6638162626156094,5.54907608489522,1,0,0,0,0,0,1,0,1,0,0,0,1,1,1,0,0,1,0,0,1,1,0
ChIJTf6ZztRZqDsR8mj2iU2xcXo,Café Tantos,R.S. Puram,Coimbatore,11.005669,76.950179,Cafe & Beverages,Not disclosed,4.5,1009,1,6.917705609835305,87.5,1.7363838862647583,5.529429087511423,1,0,1,1,0,0,1,0,0,0,0,0,0,0,0,0,0,0,0,0,1,0,0
ChIJ80xxvwVZqDsR2LhOc3cYn6Y,Coimbatore Coffee House,Tatabad,Coimbatore,11.017815,76.964832,Cafe & Beverages,Budget,4.7,141,1,4.955827057601261,84.0,2.608429003920644,5.332718793265369,1,0,0,0,0,0,1,1,0,0,0,0,1,1,0,0,1,1,0,0,1,0,0
ChIJlRzsfbxZqDsRPRjQPJbKIrE,Sai masala cafe,Tatabad,Coimbatore,11.022244,76.965078,Cafe & Beverages,Not disclosed,4.7,723,1,6.584791392385716,83.9,3.099976470760228,5.278114659230518,1,0,0,1,0,0,1,0,0,0,0,0,0,0,0,0,0,0,1,0,1,0,0
ChIJ-23XOahZqDsRjCrWmkaPrHo,Madras Kaappi and eats,Near Signal,Coimbatore,11.017208,76.968462,Cafe & Beverages,Not disclosed,3.7,86,0,4.465908118654584,112.0,2.6294152271095688,5.147494476813453,0,0,0,0,0,0,0,0,0,0,0,0,0,0,0,0,0,0,0,1,1,0,0
ChIJzduf6kZZqDsRBPyDIJhhB14,Sri sai coffee,Ram Nagar,Coimbatore,11.016952,76.967185,Cafe & Beverages,Not disclosed,4.3,158,1,5.0689042022202315,115.5,2.5643836172454733,5.209486152841421,1,0,0,1,0,0,0,0,0,0,0,0,0,0,0,0,0,0,0,1,1,0,0
ChIJXZhte9NZqDsR7M75NDhlmyo,Sharani Cafe,Opp. Lakshmi Complex,Coimbatore,11.017241,76.965066,Cafe & Beverages,Budget,4.5,37,1,3.6375861597263857,72.0,2.5491654789899627,5.308267697401205,1,0,0,1,0,0,1,0,0,0,0,0,1,1,0,0,0,1,0,0,1,0,0
ChIJi8jt2_5ZqDsRefkia1rgGRE,TOT Café,Avarampalayam,Coimbatore,11.018537,76.977976,Multi-cuisine / General,Not disclosed,4.5,161,1,5.087596335232384,87.0,3.2183744424038503,3.912023005428146,1,0,0,1,0,1,1,1,1,1,1,1,1,1,0,0,1,1,0,0,0,0,0
ChIJJ6i0kwVZqDsR7262ny3SNkA,Street Arabiya Gandhipuram,Ram Nagar,Coimbatore,11.016995,76.966556,Multi-cuisine / General,Mid,4.7,225,1,5.420534999272286,86.0,2.5530109817428874,5.247024072160486,1,1,0,0,0,0,1,1,1,1,1,0,1,1,0,0,1,1,1,0,1,0,0
ChIJTyc70adZqDsRKgDay_KK6Ew,Cafe Blanca,Ram Nagar,Coimbatore,11.009396,76.966832,Cafe & Beverages,Not disclosed,4.7,12,1,2.5649493574615367,168.0,1.7488158006486758,5.0369526024136295,1,1,0,1,0,1,0,0,0,1,0,0,0,0,0,0,0,0,1,1,1,0,0
ChIJgZhHL8NZqDsRsGaUBw31_Tc,Cafe Gluttony,Ram Nagar,Coimbatore,11.009976,76.966148,Bakery & Desserts,Not disclosed,4.3,48,1,3.8918202981106265,87.0,1.7865525813392338,5.170483995038151,1,0,0,1,0,0,0,0,0,0,0,0,0,0,0,0,0,0,0,0,0,0,0
ChIJ92IO6hFZqDsRfTMZYal0g_s,Nellai Karupatti Coffee - Gandhipuram,Tatabad,Coimbatore,11.018872,76.961424,Cafe & Beverages,Not disclosed,3.9,300,0,5.707110264748875,115.5,2.6989245308080494,5.327876168789581,1,0,0,1,0,0,0,0,0,0,0,0,0,0,0,0,0,0,0,1,1,1,0
ChIJa8e6RwBZqDsRjlzkBcckkHM,NS coffee,Cross Cut,Coimbatore,11.018357,76.969098,Cafe & Beverages,Budget,4.9,31,1,3.4657359027997265,91.0,2.772065720885641,5.10594547390058,1,0,0,1,0,0,1,0,0,0,0,0,1,1,0,0,0,0,0,0,1,0,0
ChIJ5-l_qldYqDsRrqs2rhatb2w,Sri Ganapathy Delight Coffee Corner,Doctor's Colony,Coimbatore,11.022507,76.967065,Cafe & Beverages,Budget,4.2,386,1,5.958424693029782,119.0,3.164121266841044,5.220355825078325,0,0,0,1,0,0,1,1,1,0,0,0,0,1,0,0,0,1,0,1,1,0,0
ChIJM2dbwdRZqDsR5XZNpejRxyE,Star Cafe,Tatabad,Coimbatore,11.020731,76.964985,Cafe & Beverages,Not disclosed,5.0,16,1,2.833213344056216,84.0,2.9318642484311535,5.298317366548036,1,0,0,0,0,0,0,0,0,0,0,0,0,0,0,0,0,0,0,0,1,0,0
ChIJ_0sgeYpZqDsRp1vYxAgwlPk,CURIO SIT TEA CAFE,Ram Nagar,Coimbatore,11.014809,76.963511,Cafe & Beverages,Not disclosed,4.4,282,1,5.645446897643238,108.0,2.2589205389635296,5.480638923341991,1,0,0,1,0,1,1,0,0,1,0,0,0,0,0,0,0,0,1,1,1,0,0
ChIJuaR6_KtZqDsRDfJEXqDoZ9Y,Arambam - Flavours of South Gandhipuram,4th Street Extension,Coimbatore,11.020477,76.96799,South Indian & Regional,Mid,4.3,111,1,4.718498871295094,101.5,2.9659335956893775,5.159055299214529,1,1,0,0,0,0,1,1,1,0,0,0,1,1,0,0,1,1,0,1,1,0,1
ChIJ_1tjGwBZqDsRQ2hmNF2LX04,AMMA CAFE,Ram Nagar,Coimbatore,11.014627,76.966721,Multi-cuisine / General,Budget,3.6,25,0,3.258096538021482,87.0,2.3013914125701334,5.236441962829949,1,0,0,1,0,0,1,0,0,0,0,0,0,1,0,0,0,0,0,0,0,0,0
ChIJh-xbrWxZqDsRuKmGuyHjIpE,Shaws Cafe,Saibaba Colony,Coimbatore,11.025716,76.947263,Cafe & Beverages,Mid,4.4,543,1,6.298949246855942,126.0,3.788420474743757,4.969813299576001,1,1,0,1,0,1,1,1,1,1,1,1,1,1,0,0,1,1,1,0,1,0,0
ChIJvaRY51RYqDsR33ZyYz-MFFg,Kovai Hyderabad Biriyani,Ram Nagar,Coimbatore,11.015335,76.96761,Biryani & Non-veg,Not disclosed,3.8,1332,0,7.195187320178709,112.0,2.4031974477423397,5.220355825078325,1,0,0,1,0,0,1,0,0,0,0,0,0,0,0,0,0,0,1,0,1,0,0
ChIJmdhVZR1ZqDsRdMllRfl017A,La Cafe,R.S. Puram,Coimbatore,11.01257,76.950655,Cafe & Beverages,Not disclosed,4.3,1442,1,7.274479558773871,77.0,2.316939745425896,5.3612921657094255,1,1,0,1,0,0,1,0,0,0,0,0,0,0,0,0,0,0,0,0,1,0,0
ChIJoRYvOgBZqDsRJOOsUTy2qfI,Sree Annapoorna Multicusine Resturant,Ram Nagar,Coimbatore,11.01635,76.965492,Multi-cuisine / General,Not disclosed,4.5,1118,1,7.020190708311925,115.5,2.4593862781738483,5.288267030694535,0,0,0,1,0,0,0,0,0,0,0,0,0,0,0,0,0,0,0,1,1,0,0
ChIJb_cZNMxZqDsRQt9FaFnkafw,SMS HOTELS - Cross Cut Rd,Ram Nagar,Coimbatore,11.016977,76.966656,South Indian & Regional,Premium,4.5,554,1,6.318968113746434,84.0,2.5534888426158537,5.231108616854587,1,0,0,1,0,0,1,1,1,1,0,0,0,1,0,1,1,1,0,0,1,0,0
ChIJyZrqNFNZqDsRuyT84VZaknM,Central Biryani,Extn,Coimbatore,11.02235,76.96626,Biryani & Non-veg,Budget,4.1,55,0,4.02535169073515,112.0,3.1309238369826478,5.225746673713202,1,0,0,1,0,0,1,0,1,0,0,0,1,1,0,0,0,1,1,0,1,1,0
ChIJBwbYM9FZqDsRvltkThN93pY,Sahara Restaurant,Gandhipuram,Coimbatore,11.017823,76.964841,Multi-cuisine / General,Not disclosed,4.0,110,0,4.709530201312334,84.0,2.609450554905253,5.332718793265369,1,0,0,1,0,1,0,0,0,1,0,0,0,0,0,0,0,0,0,0,1,0,0
ChIJdUIokqJZqDsRwnaLDasoEFk,SS VENTURESSARANYA S,Ram Nagar,Coimbatore,11.016962,76.966395,Multi-cuisine / General,Not disclosed,4.7,12,1,2.5649493574615367,87.0,2.5456104555079313,5.25227342804663,1,0,0,1,0,0,0,0,0,0,0,0,0,0,0,0,0,0,0,0,0,0,0
ChIJZ12reMxZqDsRLmT-9RXJ-0E,Rasikas Restaurant,Tatabad,Coimbatore,11.018,76.963677,Multi-cuisine / General,Premium,4.6,1732,1,7.457609289715606,84.0,2.61380403291795,5.332718793265369,1,1,0,1,0,1,1,1,1,1,1,0,1,1,0,0,1,1,0,0,1,0,0
ChIJWfo_Cv9YqDsRfHjfp7Z0s6c,Raaju Sri Rayappas Restaurant,Ram Nagar,Coimbatore,11.016391,76.962603,South Indian & Regional,Not disclosed,3.7,1614,0,7.387090235656757,84.0,2.4266038750764327,5.480638923341991,1,0,0,1,0,0,1,0,0,0,0,0,0,0,0,0,0,0,0,0,1,0,0
ChIJW6I-TABZqDsRMrp_xB3LAVo,Oonthuvai Adisil,Gandhipuram,Coimbatore,11.01992,76.964786,Biryani & Non-veg,Mid,4.7,250,1,5.5254529391317835,39.0,2.8396089294599873,5.3230099791384085,1,0,0,1,0,0,1,1,1,0,0,0,1,1,0,0,1,1,0,0,1,0,0
ChIJW4VdqVVYqDsRp9sEW5BUHrQ,Velan Express Eats,Ram Nagar,Coimbatore,11.016964,76.966655,Vegetarian,Budget,4.2,1066,1,6.9726062513017535,122.5,2.552055753202343,5.231108616854587,1,0,0,0,0,0,1,0,1,0,0,0,1,1,0,0,1,1,0,1,1,1,1
ChIJJ_WUAppZqDsRKUzyIM5KvDc,Kin foods,Ram Nagar,Coimbatore,11.015216,76.963648,Multi-cuisine / General,Not disclosed,4.5,97,1,4.584967478670572,48.0,2.3054889374594985,5.459585514144159,1,0,0,1,0,0,0,0,0,0,0,0,0,0,0,0,0,0,0,1,1,0,0
ChIJj0qJ5o1ZqDsRT7cioAvjzSM,KFC,Ram Nagar,Coimbatore,11.01696,76.966266,Multi-cuisine / General,Premium,4.7,1405,1,7.2485040723706105,84.0,2.5424145319686766,5.25227342804663,1,1,0,1,1,1,1,0,1,1,1,0,1,1,0,1,1,1,0,0,1,0,0
ChIJy4aLiFtZqDsROfy-zGH51p0,QUICK BITES TEA HOUSE,Gopalapuram,Coimbatore,11.013782,76.968084,Cafe & Beverages,Not disclosed,3.5,27,0,3.332204510175204,168.0,2.2542620546444256,5.147494476813453,1,0,0,0,0,0,1,0,0,0,0,0,0,0,0,0,0,0,1,1,1,0,0
ChIJgVY08v5YqDsRgrMQXDXcCOQ,Annapoorna - Cross Cut Road,Ram Nagar,Coimbatore,11.016972,76.96785,Vegetarian,Mid,4.0,16625,0,9.718723014091033,115.5,2.585354122636554,5.181783550292085,1,1,0,1,0,0,1,1,1,1,1,0,1,1,0,0,1,1,0,1,1,1,1
ChIJCTa0Na5ZqDsRd7goQ50tibI,Kaviya Fast Food,Tatabad,Coimbatore,11.019589,76.959894,Fast food & Quick bites,Not disclosed,4.0,654,0,6.484635235635252,84.0,2.7835079245370062,5.278114659230518,1,0,0,1,0,0,0,0,0,0,0,0,0,0,0,0,0,0,1,0,1,0,0
ChIJxfCMolVYqDsRXDOS99WvJ0E,Hotel Aryaas x cut road,Opp. Lakshmi Complex,Coimbatore,11.017279,76.965781,South Indian & Regional,Not disclosed,3.7,2396,0,7.781973234434385,112.0,2.566726416251803,5.288267030694535,1,0,0,1,0,1,1,0,0,1,0,0,0,0,0,0,0,0,0,1,1,0,0
ChIJtbhstVdYqDsRX_hlBP6AKBo,SR Bakery,Subbana Gounder Layout,Coimbatore,11.022314,76.965809,Cafe & Beverages,Budget,4.4,32,1,3.4965075614664802,133.0,3.1190053134274307,5.25227342804663,0,0,0,1,0,0,1,1,0,0,0,0,1,0,0,0,0,0,0,1,1,0,0
ChIJZbztfBBZqDsR2TdMv5vkd2w,Cake story,Subbana Gounder Layout,Coimbatore,11.0239,76.965735,Bakery & Desserts,Not disclosed,4.9,23,1,3.1780538303479458,56.0,3.2921903504147862,5.135798437050262,1,0,0,1,0,0,0,0,0,0,0,0,0,0,0,0,0,0,0,0,1,0,0
ChIJ84N-FEJZqDsRJqiUQ-H2tFM,FB Cakes,B.K.R Nagar,Coimbatore,11.021156,76.971462,Bakery & Desserts,Premium,4.6,1391,1,7.238496840894365,105.0,3.1505148575907485,4.9344739331306915,1,1,0,1,1,1,1,0,1,1,0,0,1,0,0,0,1,1,0,0,1,1,0
ChIJv7ulmUNZqDsRqXXD77usbgo,Cake Heist,Ram Nagar,Coimbatore,11.016098,76.963242,Bakery & Desserts,Not disclosed,4.7,243,1,5.497168225293202,101.5,2.3989086319693933,5.459585514144159,1,0,0,1,0,0,1,0,0,0,0,0,0,0,0,0,0,0,1,0,1,0,0
ChIJ1VXsdc1ZqDsRxsl9HXyQrqU,Cake Kafe (1/2 Kg Free),Gandhipuram,Coimbatore,11.022234,76.966334,Bakery & Desserts,Premium,4.7,78,1,4.3694478524670215,94.8,3.1195966851696344,5.225746673713202,1,0,0,1,1,0,1,0,1,0,0,0,0,0,0,0,1,1,1,0,1,0,0
ChIJ5QMX-VRYqDsRnb-RzcvWf7g,Pushpam Bakery & Sweets,Ram Nagar,Coimbatore,11.016209,76.967993,Bakery & Desserts,Not disclosed,3.6,22,0,3.1354942159291497,120.0,2.508258887669885,5.204006687076795,0,0,0,0,0,0,0,0,0,0,0,0,0,0,0,0,0,0,1,1,1,0,0
ChIJ8d3sg3xZqDsRYaPFEQcY3SM,Krishna Bakes & Sweets,Gandhipuram,Coimbatore,11.020325,76.967066,Bakery & Desserts,Not disclosed,3.7,29,0,3.4011973816621555,92.75,2.92657946116631,5.214935757608986,0,0,0,1,0,0,0,0,0,0,0,0,0,0,0,0,0,0,0,0,1,0,0
ChIJlYo8mFVYqDsRfRKzPzOLNjA,Aryaas Cakes & Bakes,Opp. Lakshmi Complex,Coimbatore,11.017239,76.965773,Bakery & Desserts,Mid,3.2,25,0,3.258096538021482,84.0,2.5621938165428726,5.288267030694535,1,0,0,1,0,0,1,0,0,0,0,0,0,0,0,0,0,0,0,0,1,0,0
ChIJ1dNSb5NZqDsRXcFwR02aPHU,City Bakery,Ram Nagar,Coimbatore,11.015294,76.964613,Bakery & Desserts,Not disclosed,4.5,17,1,2.8903717578961645,104.0,2.3276389584994126,5.384495062789089,1,0,0,1,0,0,1,0,1,0,0,0,0,0,0,0,0,0,0,1,1,1,0
ChIJcZjKPv1ZqDsRe6ZoadE98XY,FB Cakes,Town Hall,Coimbatore,10.999476,76.950834,Bakery & Desserts,Not disclosed,4.6,810,1,6.698268054115413,114.0,1.2743990509231535,5.231108616854587,1,1,0,1,0,1,0,0,0,1,0,0,0,0,0,0,0,0,1,1,1,1,0
ChIJ-wm74A1ZqDsRPAEjkI2Z3Uo,Ck's Bakery Siddhapudur,Siddhapudur,Coimbatore,11.020936,76.972372,Bakery & Desserts,Not disclosed,5.0,42,1,3.7612001156935624,98.0,3.1638436577855096,4.8283137373023015,1,1,0,1,0,0,0,0,0,0,0,0,0,0,0,0,0,0,1,0,1,0,0
ChIJwzGrlflYqDsR3c3cDAQBuPA,Call For Cake,Tatabad,Coimbatore,11.023212,76.959505,Bakery & Desserts,Mid,4.7,333,1,5.8111409929767,84.0,3.1882256002527543,4.983606621708336,1,1,0,1,0,0,1,0,1,0,0,0,0,0,0,0,1,1,0,0,1,1,0
ChIJmwVWflNYqDsRnyzoKEk1cVI,Sri Prasanna Lakshmi Bakes,Siddhapudur,Coimbatore,11.01681,76.970339,Bakery & Desserts,Not disclosed,3.5,36,0,3.6109179126442243,168.0,2.655388921155374,5.081404364984463,1,0,0,0,0,0,0,0,0,0,0,0,0,0,0,0,0,0,1,1,1,1,0
ChIJ-e67SFFYqDsRs4kzB4YERQo,Sri Prasanna Lakshmi Bakes,Raju Naidu Layout,Coimbatore,11.020627,76.970614,Bakery & Desserts,Not disclosed,4.0,115,0,4.7535901911063645,126.0,3.063833561486878,5.017279836814924,1,0,0,1,0,0,0,0,0,0,0,0,0,0,0,0,0,0,0,1,1,1,0
ChIJ1_btY3ZZqDsRRMtJ7ekd6SY,Sathuragiri Bakes & Tea Park,Tatabad,Coimbatore,11.021479,76.959029,Bakery & Desserts,Not disclosed,4.0,192,0,5.262690188904886,168.0,2.99999154567531,5.1298987149230735,0,0,0,1,0,0,1,0,0,0,0,0,0,0,0,0,0,0,1,1,1,0,0
ChIJGYR9cQtZqDsRuW0ft1j-GgI,Unlimited Hyderabad Biriyani,Ram Nagar,Coimbatore,11.014677,76.967311,Multi-cuisine / General,Budget,3.7,447,0,6.104793232414985,112.0,2.323821519993719,5.225746673713202,1,0,0,0,0,0,1,1,1,0,1,0,1,1,0,0,1,1,1,0,1,0,0
ChIJG1MaN_9YqDsRt-eDdqXsN1I,Dindigul Venu Biriyani Hotel,Gandhipuram,Coimbatore,11.018693,76.962606,Biryani & Non-veg,Not disclosed,3.7,2970,0,7.9966538754626075,84.0,2.682251360388831,5.356586274672012,0,0,0,0,0,0,1,0,0,0,0,0,0,0,0,0,0,0,0,0,1,1,0
ChIJRUC2X1VYqDsRXV9zK5p2fDE,Hyderabad Biryani,Ram Nagar,Coimbatore,11.015069,76.964449,Biryani & Non-veg,Mid,3.8,2441,0,7.80057265467065,84.0,2.3002508402830673,5.41610040220442,0,0,0,1,0,1,1,1,1,1,1,0,1,1,0,0,1,1,0,0,1,0,0
ChIJzYG_SABZqDsRt9QCKuMTV1o,SS Hyderabad Biryani,Tatabad,Coimbatore,11.017732,76.962464,Multi-cuisine / General,Budget,4.5,12,1,2.5649493574615367,87.0,2.574781511087777,5.41610040220442,0,0,0,0,0,0,1,0,0,0,0,0,0,1,0,0,0,0,0,0,0,0,0
ChIJ59s_OlVYqDsRoma6ysY2amQ,Raja Biriyani Hotel,Ram Nagar,Coimbatore,11.014501,76.966171,Biryani & Non-veg,Not disclosed,3.6,1036,0,6.9440872082295275,90.5,2.273338948083518,5.327876168789581,1,0,0,1,0,0,1,0,0,0,0,0,0,0,0,0,0,0,1,0,1,0,0
ChIJlcvvHVRYqDsR2AgKDAsSanU,Vaandu Mess Tiffin,2nd Street Extension,Coimbatore,11.021365,76.968699,Multi-cuisine / General,Not disclosed,3.8,31,0,3.4657359027997265,77.0,3.080918646660328,5.0689042022202315,0,0,0,1,0,0,1,0,0,0,0,0,0,0,0,0,0,0,0,0,1,0,0
ChIJu2H8EPZZqDsRBh1yRq9eLkI,Sri Ayyanar Anbu Mess,Tatabad,Coimbatore,11.024454,76.965712,Multi-cuisine / General,Not disclosed,4.6,12,1,2.5649493574615367,112.0,3.3528111046206557,5.087596335232384,0,0,0,0,0,0,0,0,0,0,0,0,0,0,0,0,0,0,0,1,1,0,0
ChIJEZnmkk5YqDsRJWTgS9r3uaY,Aachi mess,Tatabad,Coimbatore,11.018793,76.957102,South Indian & Regional,Budget,4.3,4170,1,8.335911094196945,63.0,2.7307370537087188,5.075173815233827,1,1,0,1,0,0,1,1,1,0,1,0,1,1,0,0,1,0,0,0,1,1,1
ChIJFw0UGQBZqDsRMjjcSDX5KVg,THOOTHUKUDI PONSIVAN MESS,Ram Nagar,Coimbatore,11.014493,76.963546,Biryani & Non-veg,Not disclosed,4.8,13,1,2.639057329615259,31.383333333333333,2.224368163302194,5.484796933490655,0,0,0,1,0,0,0,0,0,0,0,0,0,0,0,0,0,0,0,0,1,0,0
ChIJV4osM1ZYqDsR9P9Q-Ug7aAQ,Naachiyaar Mess,Tatabad,Coimbatore,11.022184,76.962318,South Indian & Regional,Not disclosed,4.0,38,0,3.6635616461296463,84.0,3.0688370538886622,5.204006687076795,0,0,0,0,0,0,0,0,0,0,0,0,0,0,0,0,0,0,0,0,1,0,0
ChIJOw8SsaZZqDsRhiBX2SNjksc,SREE SUBBU MESS - Restaurant in Coimbatore,Gopalapuram,Coimbatore,10.997105,76.969237,Biryani & Non-veg,Not disclosed,4.0,1543,0,7.342131730584722,87.0,0.8996427379930643,4.812184355372417,1,0,0,1,0,0,1,1,1,1,1,0,1,1,0,0,1,1,0,0,0,1,0
ChIJHc9QtZ5ZqDsRUkUVsfX8ySc,Valarmathi Mess,Race Course,Coimbatore,11.001836,76.975934,South Indian & Regional,Mid,4.3,13398,1,9.502935356288608,54.25,1.7788011100155634,4.812184355372417,1,0,0,1,0,0,1,1,1,1,1,0,1,1,0,0,1,1,0,0,1,0,0
ChIJCcLcxnRZqDsR7HqaqQaCx2I,Hotel Sai brindhavan,Gandhipuram,Coimbatore,11.022217,76.965233,Vegetarian,Not disclosed,4.3,578,1,6.361302477572996,112.0,3.09923792600995,5.2832037287379885,1,0,0,1,0,0,1,0,0,0,0,0,0,0,0,0,0,0,0,1,1,1,0
ChIJG7rzCAFZqDsRIc2Ba0IsNmI,Geetha Canteen,Ram Nagar,Coimbatore,11.009374,76.965675,South Indian & Regional,Not disclosed,4.3,8621,1,9.06207235530708,108.5,1.7077784514040502,5.170483995038151,0,0,0,1,0,0,1,0,0,0,0,0,0,0,0,0,0,0,0,1,1,0,0
ChIJo7kmwfxZqDsRxi9W5B_qGNY,Covai Sri Lakshmi Bhavan - Veg & Non Veg Hotel,Ram Nagar,Coimbatore,11.014867,76.967566,Multi-cuisine / General,Not disclosed,3.9,31,0,3.4657359027997265,87.0,2.3519381679464706,5.220355825078325,0,0,0,0,0,0,1,1,0,0,0,0,1,1,0,0,0,0,0,0,0,0,0
ChIJQVVVlVVYqDsRynJ92w1xWNo,Adyar Ananda Bhavan - A2B,Siddhapudur,Coimbatore,11.016429,76.971171,Vegetarian,Not disclosed,3.9,11637,0,9.362030885216615,112.0,2.6512430706364793,5.003946305945459,1,1,0,1,0,0,1,0,0,0,0,0,0,0,0,1,0,0,0,1,1,1,0
ChIJe8PbiKpZqDsRkifZjnJlfH4,Hotel Junior Kuppanna Family Restaurant,Ram Nagar,Coimbatore,11.011387,76.965108,Biryani & Non-veg,Mid,4.1,4884,0,8.493924564476883,81.0,1.9100031867713987,5.278114659230518,1,1,0,1,0,0,1,1,1,1,1,0,1,1,0,0,1,1,0,1,1,0,0
ChIJW9ZeccJZqDsRQiSlEb4YqkQ,Saiva Sampoornam,Tatabad,Coimbatore,11.021683,76.963948,Vegetarian,Not disclosed,3.6,140,0,4.948759890378168,105.0,3.024306742767675,5.272999558563747,1,0,0,1,0,0,0,0,0,0,0,0,0,0,0,0,0,0,0,1,1,0,0
ChIJyw_hd-VZqDsR7NJRhhjWmOo,Nanjai Virundhu,Siddhapudur,Coimbatore,11.016396,76.972188,Multi-cuisine / General,Premium,4.1,1118,0,7.020190708311925,77.0,2.694510667493855,4.927253685157205,1,0,0,1,0,1,1,1,1,1,1,0,1,1,1,0,1,1,1,0,1,0,0
ChIJ-8gQ21RYqDsRFnALS2Ondfo,Dindugal Dum Biriyani Veg and Non Veg,Ram Nagar,Coimbatore,11.014836,76.967669,Biryani & Non-veg,Not disclosed,3.5,189,0,5.247024072160486,84.0,2.3518817711816022,5.209486152841421,0,0,0,1,0,0,0,0,0,0,0,0,0,0,0,0,0,0,0,0,1,0,0
ChIJLY1-x1dYqDsR6zJDEzNIbp8,M.S. Hotel,Subbana Gounder Layout,Coimbatore,11.023087,76.96569,Biryani & Non-veg,Budget,3.9,601,0,6.400257445308821,98.0,3.2020319143594946,5.220355825078325,0,0,0,1,0,0,1,1,1,0,0,0,1,0,0,0,1,1,0,0,1,0,0
ChIJ12RMGlZYqDsRnWZwG6Elpdw,M.S.Hotels,Subbana Gounder Layout,Coimbatore,11.023032,76.965179,Multi-cuisine / General,Not disclosed,3.9,76,0,4.343805421853684,101.25,3.188287816054516,5.25227342804663,0,0,0,1,0,1,0,0,0,1,0,0,0,0,0,0,0,0,0,0,1,0,0
ChIJzcRGBABZqDsR6wlu8R3kFXw,GIRI RESTAURANT,2nd Street Corner,Coimbatore,11.017642,76.968853,Multi-cuisine / General,Budget,3.0,25,0,3.258096538021482,108.5,2.68819658623573,5.123963979403259,1,0,0,1,0,0,1,1,0,1,1,0,1,1,0,0,1,1,0,1,1,0,0
ChIJ36hUCvRZqDsRKB-Ev-pTnDg,Welcomcafe Kovai,Gopalapuram,Coimbatore,10.996293,76.973846,Multi-cuisine / General,Not disclosed,4.4,702,1,6.555356891810665,112.0,1.3715075386510618,4.634728988229636,1,1,0,1,0,1,1,0,0,1,0,0,0,0,0,1,0,0,0,1,1,0,0
ChIJXfRT401ZqDsRlSh3uty8pG8,Kanakathara Restaurant,Ram Nagar,Coimbatore,11.017032,76.964905,Multi-cuisine / General,Premium,2.8,45,0,3.828641396489095,84.0,2.52349262838134,5.293304824724492,1,0,0,1,0,1,1,1,1,1,1,0,1,1,0,0,1,0,0,0,1,0,0
ChIJJQlRsBxZqDsRcexzlUDqkPI,Chives all-day-diner,Siddhapudur,Coimbatore,11.016483,76.9709,North Indian & Global,Not disclosed,4.7,2756,1,7.921898411023797,84.0,2.645005919917166,5.043425116919247,1,1,0,1,0,1,1,0,0,1,0,0,0,0,0,1,0,0,0,0,1,0,0
ChIJnVgCCX9ZqDsRBbeRkARuNAg,La Cabana Rooftop Bar and Grill,Ram Nagar,Coimbatore,11.009359,76.966853,Multi-cuisine / General,Not disclosed,4.5,3249,1,8.086410275323782,45.5,1.745726009640254,5.0369526024136295,1,1,0,1,0,1,1,0,0,1,0,0,0,0,0,0,0,0,1,0,1,0,0
ChIJ10dUqAFZqDsRyp8sjTkuRGQ,Kadhambam Multi-cuisine Restaurant,Tatabad,Coimbatore,11.020007,76.960379,Multi-cuisine / General,Premium,4.3,2096,1,7.64826303090192,77.0,2.82732663171828,5.303304908059076,1,1,0,1,1,1,1,1,1,1,1,0,1,1,1,0,1,1,0,0,1,0,0
ChIJk2mv21RYqDsRuyyqCgTwiDY,New Chettinadu Hotel,Ram Nagar,Coimbatore,11.014929,76.967675,Multi-cuisine / General,Mid,1.0,16,0,2.833213344056216,87.0,2.361967255859472,5.214935757608986,1,0,0,1,0,0,1,1,0,0,0,0,0,0,0,0,0,0,0,0,0,0,0
ChIJQfKWRqBZqDsR3Z6QNM7HZ1M,Raja Chettinadu Unavagam,4th Street Extension,Coimbatore,11.02066,76.968613,Multi-cuisine / General,Not disclosed,2.5,22,0,3.1354942159291497,87.0,3.0027863220198925,5.081404364984463,0,0,0,1,0,0,0,0,0,0,0,0,0,0,0,0,0,0,0,0,0,0,0
ChIJ3cXlmpZZqDsRvv0lVhYjNFE,Annalakshmi chettinad Hotel,Papanaickenpalayam,Coimbatore,11.014503,76.9807,South Indian & Regional,Not disclosed,4.1,442,0,6.093569770045136,73.5,3.0554267208868295,3.9512437185814275,1,0,0,1,0,0,1,0,0,0,0,0,0,0,0,0,0,0,0,0,1,0,0
ChIJg72821RYqDsRIPdiDGR800o,Madurai idly kadai,Ram Nagar,Coimbatore,11.014869,76.967663,South Indian & Regional,Not disclosed,3.6,843,0,6.738152494595957,119.0,2.3552025254373192,5.198497031265826,1,0,0,1,0,0,1,0,0,0,0,0,0,0,0,0,0,0,0,1,1,0,0
ChIJO_U8LQBZqDsRXoVpIlwRbE0,SRI SAI VIRUNTHU,Subbana Gounder Layout,Coimbatore,11.022328,76.964731,Multi-cuisine / General,Budget,3.8,42,0,3.7612001156935624,112.0,3.1045754199571185,5.272999558563747,0,0,0,1,0,0,1,1,0,0,0,0,1,1,0,0,0,0,0,1,1,0,0
ChIJk5i2jKZZqDsRlNutx9FHk_g,Anandass Chettynadu Unavu Viduthi,Gopalapuram,Coimbatore,10.999732,76.968651,South Indian & Regional,Not disclosed,4.2,911,1,6.815639990074331,59.5,0.9757389455481137,4.836281906951478,0,0,0,1,0,0,1,0,0,0,0,0,0,0,0,0,0,0,0,0,1,0,0
ChIJq2w-11RYqDsRdLyG8QlOo14,Annapoorna - M.T.P Road,Tatabad,Coimbatore,11.019233,76.953467,South Indian & Regional,Mid,4.2,14222,1,9.562615651570228,112.0,2.8726689679981505,4.969813299576001,1,1,0,1,0,0,1,1,1,1,1,1,1,1,0,1,1,1,0,1,1,1,1
ChIJjyKOzU1YqDsR8PDQyx9VaLA,Ammayi Veedu Pot Cook,G K D Nagar,Coimbatore,11.01928,76.978765,South Indian & Regional,Mid,4.0,4015,0,8.298041661371565,112.0,3.3352052638552308,3.8712010109078907,1,1,0,1,0,0,1,1,1,1,1,0,1,1,0,0,1,1,0,1,1,0,0
ChIJXxVUdSVZqDsRLgW-G90tWHs,Amote Patisserie and Chocolates,R.S. Puram,Coimbatore,11.012415,76.949658,Bakery & Desserts,Mid,4.6,897,1,6.8001700683022,92.0,2.3593925278776626,5.298317366548036,1,0,0,1,0,1,1,0,1,1,0,0,1,0,0,0,1,1,1,0,1,0,0
ChIJDT5AQ9BbqDsR9-FGkmbusSw,Ayyar & Co Bakers & Confectioners,R.S. Puram,Coimbatore,11.008784,76.950568,Bakery & Desserts,Not disclosed,4.1,375,0,5.929589143389895,101.5,1.971147484526616,5.517452896464707,1,0,0,1,0,0,1,0,0,0,0,0,0,0,0,0,0,0,0,1,1,0,0
ChIJEz0evRpZqDsRyOVEaamMtFg,Aroma Bakery,R.S. Puram,Coimbatore,11.00656,76.950874,Bakery & Desserts,Not disclosed,3.9,691,0,6.539585955617669,126.0,1.7574567000081023,5.572154032177765,1,1,0,1,0,0,0,0,0,0,0,0,0,0,0,0,0,0,0,1,1,1,0
ChIJh_BOvLZZqDsRJyj_iMsOGSM,Shri Balaaji and co Bakers,R.S. Puram,Coimbatore,11.012085,76.948861,Bakery & Desserts,Not disclosed,4.6,45,1,3.828641396489095,81.0,2.3776585075859007,5.2574953720277815,1,1,0,1,0,0,0,0,0,0,0,0,0,0,0,0,0,0,0,0,1,1,0
ChIJKXvSuXNZqDsRpAs54Y5bJ-0,The Sugar Wheels Café,R.S. Puram,Coimbatore,11.010512,76.951497,Bakery & Desserts,Not disclosed,4.7,447,1,6.104793232414985,63.0,2.0733873525760447,5.4510384535657,1,0,0,1,0,0,1,0,1,0,0,0,0,0,0,0,1,1,1,0,1,0,0
ChIJT6taSRxZqDsRF7RwPVn2T2o,Kovai KRS Bakery,R.S. Puram,Coimbatore,11.009426,76.95141,Bakery & Desserts,Not disclosed,4.3,354,1,5.872117789475416,91.0,1.9765677263630483,5.480638923341991,1,1,0,1,0,0,1,0,1,0,0,0,0,0,0,0,1,1,0,0,1,0,0
ChIJwycTTQBZqDsRxlwHfCnvXIc,Sugar Cubes Dessert House,R.S. Puram,Coimbatore,11.012521,76.950257,Bakery & Desserts,Not disclosed,4.1,123,0,4.820281565605037,42.5,2.3345775027751188,5.3230099791384085,1,0,0,1,0,0,1,0,0,0,0,0,0,0,0,0,0,0,1,0,1,0,0
ChIJ13KQC5NZqDsRgn18zjZEpvE,Cake Mall- Coimbatore,R.S. Puram,Coimbatore,11.010104,76.95523,Bakery & Desserts,Not disclosed,4.8,29,1,3.4011973816621555,57.5,1.8508405226538713,5.442417710521793,1,0,0,1,0,0,0,0,0,0,0,0,0,0,0,0,0,0,0,0,1,0,0
ChIJAZE9sOJYqDsRhm5mVi7UMjM,Oven Fresh,R.S. Puram,Coimbatore,11.013986,76.952283,Bakery & Desserts,Mid,3.8,235,0,5.4638318050256105,80.5,2.3742346439946496,5.3612921657094255,0,0,0,1,0,0,1,0,1,0,0,0,0,0,0,0,1,1,0,0,1,0,0
ChIJC2fgLgNZqDsR4pml8iR7zoc,J.R. Bakery,R.S. Puram,Coimbatore,11.003492,76.951407,Bakery & Desserts,Not disclosed,4.1,61,0,4.127134385045092,126.0,1.472199932077464,5.521460917862246,0,0,0,0,0,0,1,0,1,0,0,0,0,0,0,0,0,0,1,1,1,0,0
ChIJn6cp0ARZqDsRC50xaHwyniY,RED CHERRY,R.S. Puram,Coimbatore,11.00609,76.952789,Bakery & Desserts,Not disclosed,4.2,412,1,6.023447592961033,98.0,1.5861153175464615,5.572154032177765,0,0,0,1,0,0,1,0,0,0,0,0,0,0,0,0,0,0,0,0,1,0,0
ChIJC9mSmxxZqDsRiyiJ_dM1j_4,Wake n bake,R.S. Puram,Coimbatore,11.008084,76.95093,Bakery & Desserts,Not disclosed,4.2,152,1,5.030437921392435,83.5,1.88522827322472,5.54907608489522,1,0,0,1,0,0,1,0,1,0,0,0,0,0,0,0,0,1,0,0,1,0,0
ChIJl2R48dtZqDsR4sESXRuD17Y,Jays Pastry,R.S. Puram,Coimbatore,11.006175,76.952668,Bakery & Desserts,Not disclosed,4.4,50,1,3.9318256327243257,48.0,1.6015629565028344,5.5909869805108565,1,0,0,1,0,0,1,0,0,0,0,0,0,0,0,0,0,0,0,0,1,0,0
ChIJL3wXsB9ZqDsR4awaBUXZM_I,Sri Venkateswara Bakery & Pazhamudir Nilayam,R.S. Puram,Coimbatore,11.010925,76.943421,Bakery & Desserts,Budget,4.0,757,0,6.630683385642372,140.0,2.6732507288722154,4.718498871295094,0,0,0,1,0,0,1,0,1,0,0,0,1,0,0,0,0,0,1,1,1,0,0
ChIJrdSjNR9ZqDsRbsnKb1A2Xes,Sri Balaji Bakery,R.S. Puram,Coimbatore,11.007479,76.942499,Bakery & Desserts,Not disclosed,4.3,182,1,5.209486152841421,105.0,2.5113991649281813,4.787491742782046,1,1,0,1,0,0,0,0,0,0,0,0,0,0,0,0,0,0,0,1,1,0,0
ChIJaSKwT4JZqDsRUOL6YXTh1QM,Sweet Truth R S Puram,Ranganathapuram,Coimbatore,11.014882,76.954918,Bakery & Desserts,Not disclosed,2.9,53,0,3.9889840465642745,112.0,2.363630701803499,5.393627546352361,1,1,0,1,0,0,0,0,0,0,0,0,0,0,0,0,0,0,1,0,1,0,0
ChIJjYnl-xxZqDsRUudpfqSO5LM,Kalaivani Bakery,R.S. Puram,Coimbatore,11.010085,76.950748,Bakery & Desserts,Not disclosed,3.6,20,0,3.044522437723423,112.0,2.077642448684943,5.459585514144159,0,0,0,1,0,0,1,0,1,0,0,0,1,0,0,0,0,0,0,1,1,1,0
ChIJhV30nmtZqDsR1Cts8KyFhhU,Amote Patisserie Brookefields,R.S. Puram,Coimbatore,11.008603,76.959708,Bakery & Desserts,Not disclosed,4.5,28,1,3.367295829986474,84.0,1.5679770508240403,5.272999558563747,1,0,0,0,0,1,1,0,1,1,0,0,0,0,0,0,1,1,0,0,1,0,0
ChIJWVYnRgBZqDsRA4UpQPHgRzw,The wheels turbo cafe,R.S. Puram,Coimbatore,11.00591,76.945861,Cafe & Beverages,Not disclosed,4.7,49,1,3.912023005428146,72.5,2.1114891997819636,5.298317366548036,1,1,0,0,0,1,0,0,0,1,0,0,0,0,0,0,0,0,1,0,1,0,0
ChIJM5bLLBFZqDsRUUCRUUeFcdA,Palms Rooftop Restaurant,Town Hall,Coimbatore,10.998423,76.964201,North Indian & Global,Not disclosed,4.2,14,1,2.70805020110221,87.0,0.5236261741855763,5.10594547390058,0,0,0,0,0,0,1,0,0,0,0,0,0,0,0,0,0,0,0,0,0,0,0
ChIJ44-u_RxZqDsR57TswM-lcvM,Food Garden,R.S. Puram,Coimbatore,11.010173,76.950387,Bakery & Desserts,Not disclosed,4.8,33,1,3.5263605246161616,87.5,2.1079778295632554,5.455321115357702,1,0,0,1,0,0,0,0,0,0,0,0,0,0,0,0,0,0,0,0,1,0,0
ChIJ22P9h95ZqDsRrugNywV0WAo,La Cafe - Riders Cult,R.S. Puram,Coimbatore,11.011176,76.948909,Cafe & Beverages,Premium,4.7,373,1,5.924255797414532,63.0,2.2926262005118154,5.318119993844216,1,1,0,1,1,1,1,1,1,1,1,1,1,1,0,0,1,1,0,0,1,0,0
ChIJT-Ey2ZxZqDsRrw2xzq-vs5c,Becafe,R.S. Puram,Coimbatore,11.011733,76.94288,Cafe & Beverages,Mid,4.8,125,1,4.836281906951478,112.0,2.777727087012065,4.61512051684126,1,0,0,0,0,1,1,0,1,1,0,0,1,1,0,0,0,0,1,0,1,0,0
ChIJowXFPANZqDsRnXSI_in68I8,Bulls & Bears Bistro,R.S. Puram,Coimbatore,11.009211,76.950874,Cafe & Beverages,Premium,4.6,405,1,6.0063531596017325,84.0,1.9898695544356724,5.488937726156687,1,0,0,1,0,1,1,1,0,1,1,1,1,1,0,0,1,1,0,0,1,0,0
ChIJvZ2NcBBZqDsR3MSfv8F4v40,D.R.Biriyani - Sivaji Kadai,R.S. Puram,Coimbatore,11.002017,76.948549,Biryani & Non-veg,Not disclosed,4.2,4359,1,8.38022733634308,59.5,1.6272084429617355,5.313205979041787,1,0,0,1,0,0,1,0,0,0,0,0,0,0,0,0,0,0,0,0,1,0,0
ChIJZ-ykJRxZqDsR_hVkZPFwlbE,Café Coffee Day,R.S. Puram,Coimbatore,11.009543,76.947518,Cafe & Beverages,Not disclosed,4.2,2026,1,7.614312146452,168.0,2.2487352377230687,5.231108616854587,1,1,0,1,0,1,1,0,0,1,0,0,0,0,0,0,0,0,1,1,1,0,0
ChIJX55vRtFZqDsRRHecofty794,NAVARASA BY VIBESPOT - R.S. Puram,R.S. Puram,Coimbatore,11.001982,76.951846,Multi-cuisine / General,Not disclosed,4.6,663,1,6.498282149476434,84.0,1.3271410077785315,5.501258210544727,1,0,0,1,0,0,1,0,0,0,0,0,0,0,0,0,0,0,0,0,1,0,0
ChIJZ9MvvLJZqDsREsNuQhYLvS8,Chickpet Donne Biryani House - Coimbatore,R.S. Puram,Coimbatore,11.00828,76.948998,Biryani & Non-veg,Mid,4.1,628,0,6.444131256700441,62.5,2.0362661643465896,5.472270673671475,1,1,0,1,0,0,1,1,1,0,1,0,1,1,0,0,1,1,0,0,1,0,0
ChIJMc27-ARZqDsRbIAzf7CcDUs,Monis brownie,R.S. Puram,Coimbatore,11.008625,76.949837,Cafe & Beverages,Mid,4.9,130,1,4.875197323201151,50.5,2.0062421981856713,5.4680601411351315,1,0,0,1,0,0,1,1,1,1,0,0,1,1,0,0,1,1,0,0,1,0,0
ChIJFecArwdZqDsRTkrHCfo_kOA,Mehran biryani,R.S. Puram,Coimbatore,11.008986,76.950803,Multi-cuisine / General,Not disclosed,4.8,117,1,4.770684624465665,84.0,1.9740265680957787,5.488937726156687,1,0,0,1,0,1,0,0,0,1,0,0,0,0,0,0,0,0,1,0,1,0,0
ChIJO4kqQOFZqDsRlQfiBsFbX-o,Behrouz Biryani R S Puram,R.S. Puram,Coimbatore,11.015177,76.954824,Biryani & Non-veg,Not disclosed,3.7,231,0,5.44673737166631,77.0,2.3980002528789335,5.393627546352361,1,1,0,1,0,0,1,0,0,0,0,0,0,0,0,0,0,0,0,0,1,0,0
ChIJG7sauJtZqDsRQu9ygOY6xYc,Chennai's Empire Biryani Coimbatore,R.S. Puram,Coimbatore,11.009756,76.944091,Multi-cuisine / General,Mid,4.7,1158,1,7.055312843339752,84.0,2.531714933076083,4.941642422609304,1,0,0,1,0,0,1,1,1,0,1,0,1,1,0,0,1,1,0,0,1,0,0
ChIJz1slbx1ZqDsRmeAmMIayCKw,Ambur Star Briyani ( TV Samy Road ),R.S. Puram,Coimbatore,11.009766,76.946965,Biryani & Non-veg,Not disclosed,4.4,9100,1,9.116139576577355,84.0,2.3078974689583536,5.19295685089021,1,1,0,1,0,1,1,0,0,1,0,0,0,0,0,0,0,0,0,0,1,1,0
ChIJdRxEo4lZqDsR2KTQAORjgao,Bohri's - The Family Kitchen,R.S. Puram,Coimbatore,11.009098,76.9578,Multi-cuisine / General,Premium,5.0,27,1,3.332204510175204,73.5,1.6593025386648423,5.402677381872279,1,0,0,0,0,0,1,1,0,0,0,0,1,1,0,0,0,1,0,0,1,0,0
ChIJ7f___xxZqDsRbUGsam4AVhA,Kovai Biriyani Hotel,Mall,Coimbatore,11.009132,76.957506,Biryani & Non-veg,Mid,3.6,1892,0,7.545918151209323,77.0,1.6708495065985824,5.384495062789089,1,0,0,1,0,0,1,1,1,0,1,0,1,1,1,0,1,1,0,0,1,0,0
ChIJyejy9P1ZqDsROH_zARQ-Smw,BiryaniSpotCBE,R.S. Puram,Coimbatore,11.018929,76.967993,Biryani & Non-veg,Not disclosed,4.9,57,1,4.060443010546419,77.0,2.7993383911470593,5.176149732573829,0,0,0,0,0,0,0,0,0,0,0,0,0,0,0,0,0,0,0,0,1,0,0
ChIJs4jLTq1ZqDsR3uwSyH3U4ko,Burger Tree,R.S. Puram,Coimbatore,11.012183,76.949579,Fast food & Quick bites,Not disclosed,4.4,2446,1,7.802618063442671,78.5,2.3425140169124132,5.313205979041787,1,1,0,1,0,0,1,0,0,0,0,0,0,0,0,0,0,0,0,0,1,0,0
ChIJY3Y-0OFYqDsRjvul4LYn304,Deepti Biryani,R.S. Puram,Coimbatore,11.008548,76.946586,Biryani & Non-veg,Mid,4.9,137,1,4.927253685157205,84.0,2.2405408574749504,5.220355825078325,1,0,0,1,0,0,1,0,1,1,0,0,1,1,0,0,0,1,0,0,1,0,0
ChIJrS3Egi1ZqDsRa80vdXHqzmQ,Heatsquare Restaurant Coimbatore,Ram Nagar,Coimbatore,11.008868,76.959536,Biryani & Non-veg,Premium,4.5,378,1,5.937536205082426,91.0,1.5995218433549243,5.272999558563747,1,1,0,1,1,1,1,1,1,1,0,0,1,1,0,0,1,1,0,0,1,0,0
ChIJ1YOk7HpZqDsRqK2Z15Kjk9I,Lunchbox_RS Puram FC,R.S. Puram,Coimbatore,11.014882,76.954918,Multi-cuisine / General,Not disclosed,3.5,24,0,3.2188758248682006,112.0,2.363630701803499,5.393627546352361,1,0,0,1,0,0,1,0,1,0,0,0,0,0,0,0,0,0,1,0,1,0,0
ChIJF9rnJIBZqDsRUNGn0f4iQFs,LA FOODRINK,R.S. Puram,Coimbatore,11.002411,76.959746,Fast food & Quick bites,Not disclosed,5.0,42,1,3.7612001156935624,21.0,0.887108787195434,5.288267030694535,1,0,0,1,0,0,0,0,0,0,0,0,0,0,0,0,0,0,0,0,1,0,0
ChIJbXO7IEVZqDsRCAABJhUxaJM,Fried and Frossted,R.S. Puram,Coimbatore,11.014476,76.95386,Multi-cuisine / General,Not disclosed,4.6,74,1,4.31748811353631,42.0,2.3583692435172967,5.3612921657094255,1,0,0,1,0,0,0,0,0,0,0,0,0,0,0,0,0,0,0,0,1,0,0
ChIJpdilrfVZqDsR5svSPmmanB0,Faasos R S Puram,R.S. Puram,Coimbatore,11.014877,76.954945,Multi-cuisine / General,Not disclosed,3.5,52,0,3.970291913552122,112.0,2.3622195527254255,5.393627546352361,1,1,0,1,0,0,0,0,0,0,0,0,0,0,0,0,0,0,1,0,1,0,0
ChIJfUfZMgNZqDsRHhqKecBeLDc,Calcutta Chat,R.S. Puram,Coimbatore,11.00972,76.952845,Fast food & Quick bites,Budget,4.0,2476,0,7.814803429489359,99.5,1.9231796833814012,5.480638923341991,1,0,0,1,0,0,1,0,1,0,0,0,1,1,0,0,1,1,0,0,1,0,1
ChIJ9WOxUNhZqDsRx536-qgRDlE,Chaat Singh,R.S. Puram,Coimbatore,11.007448,76.942144,Fast food & Quick bites,Budget,4.4,225,1,5.420534999272286,94.5,2.5413874215907866,4.709530201312334,1,0,0,1,0,0,1,0,1,0,0,0,1,1,0,0,0,1,0,0,1,0,1
ChIJbQee0ZtZqDsRB2JixmY3ysA,Pizza Paradize @ Home,Pappanaickenpalayam,Coimbatore,11.020172,76.984633,Fast food & Quick bites,Not disclosed,4.3,43,1,3.784189633918261,77.0,3.8099823567125837,4.07753744390572,1,0,0,1,0,0,0,0,0,0,0,0,0,0,0,0,0,0,0,0,1,1,0
ChIJM_laqC5ZqDsRMcPlck6PxMA,Rashi Sandwich corner,R.S. Puram,Coimbatore,11.008966,76.952841,Fast food & Quick bites,Budget,4.4,311,1,5.7430031878094825,63.0,1.8505537126835376,5.53338948872752,1,0,0,1,0,0,1,0,1,0,0,0,1,1,0,0,1,0,0,0,1,0,1
ChIJqXsA-qRZqDsR6cWV2DJuovY,SOW CAFE,Tatabad,Coimbatore,11.023715,76.964051,Fast food & Quick bites,Not disclosed,4.5,139,1,4.941642422609304,78.0,3.25034532039633,5.1647859739235145,1,0,0,1,0,0,1,0,0,0,0,0,0,0,0,0,0,0,0,0,1,0,0
ChIJOc73wFNXqDsRjnaTwu35v-o,Moms Chicken,Opposite G.P. Hospital,Coimbatore,11.019558,76.970509,Multi-cuisine / General,Mid,4.7,1352,1,7.210079628170788,70.0,2.9479259495853745,5.056245805348308,1,0,0,1,1,0,1,1,1,0,1,1,1,1,0,0,0,1,0,0,1,0,0
ChIJuS_V-fNZqDsRDp0_yGCYuWg,Saa Boo Three Shawarma,R.S. Puram,Coimbatore,11.000041,76.952049,Fast food & Quick bites,Budget,4.6,417,1,6.035481432524756,87.0,1.1865267113069813,5.318119993844216,1,0,0,1,0,0,1,0,1,1,0,0,1,1,0,1,0,1,0,0,0,0,0
ChIJ7QIgJuFXqDsRivD3Eq3gj5M,Arabian Knights,Balan Nagar,Coimbatore,11.019354,77.018632,Multi-cuisine / General,Not disclosed,4.3,403,1,6.0014148779611505,49.0,6.826370661720869,5.056245805348308,1,0,0,1,0,0,1,0,0,0,0,0,0,0,0,0,0,0,0,0,1,1,0
ChIJD3StQc1ZqDsRXQyb0v_TQJk,COCKRACO,Singanallur,Coimbatore,10.997502,77.009115,Multi-cuisine / General,Not disclosed,4.0,3120,0,8.045908742270779,87.0,5.218242453823889,3.5263605246161616,1,1,0,1,0,1,1,1,1,1,1,0,1,1,0,0,1,1,0,0,0,1,0
ChIJK9EJJGtZqDsRjieaZyXCWb0,Arabian Shawarma Hub,Peelamedu,Coimbatore,11.025088,77.007037,Fast food & Quick bites,Not disclosed,4.6,292,1,5.680172609017068,78.5,6.025381449254468,4.465908118654584,1,0,0,1,0,0,0,0,0,0,0,0,0,0,0,0,0,0,0,0,1,0,0
ChIJM5jX_ZxXqDsRmN4eaHIQhUM,MSD SHAWARMA,Vivekanandha Nagar,Coimbatore,11.002594,77.039842,Fast food & Quick bites,Budget,4.6,115,1,4.7535901911063645,38.5,8.608156203654499,4.143134726391533,1,0,0,1,0,1,1,0,1,1,0,0,1,1,1,0,1,1,0,0,1,1,0
ChIJKz04ec1ZqDsRpoC8WWT0ohw,Wrap & Eat,Sowripalayam Pirivu,Coimbatore,10.997175,77.001815,Fast food & Quick bites,Mid,4.8,237,1,5.472270673671475,38.5,4.420720444809128,4.343805421853684,1,0,0,1,0,0,1,0,1,0,0,0,1,1,1,0,1,1,0,0,1,0,0
ChIJkWkDnDlXqDsRQ-iGHkFTFUk,Street Arabiya Ramanathapuram,Kallimadai,Coimbatore,10.997361,77.0116,Biryani & Non-veg,Not disclosed,4.2,709,1,6.565264970035361,63.0,5.488097141609848,3.2188758248682006,1,1,0,1,0,1,1,0,0,1,0,0,0,0,0,0,0,0,0,0,1,0,0
ChIJr26HLt5XqDsRkEFT2B3T95c,Engineer's Shawarma,G.V. Residency,Coimbatore,11.012275,77.01236,Fast food & Quick bites,Not disclosed,4.4,194,1,5.272999558563747,54.0,5.899328298971659,4.007333185232471,1,0,0,1,0,0,0,0,0,0,0,0,0,0,0,0,0,0,1,1,1,0,0
ChIJwwNLHNxXqDsRFo_agJ4mzVg,Shawarma kaaran,Kamachipuram,Pallapalayam,11.004627,77.065886,Fast food & Quick bites,Not disclosed,4.5,246,1,5.5093883366279774,40.25,11.459236658238499,2.1972245773362196,1,0,0,1,0,0,1,0,0,0,0,0,0,0,0,0,0,0,0,0,1,0,0
ChIJV3cuKvBZqDsR4CwRDdxaTu0,Ammayi Veedu,Singanallur,Coimbatore,10.997527,77.00899,South Indian & Regional,Mid,3.7,2600,0,7.8636512654486515,112.0,5.204797329095195,3.6109179126442243,1,1,0,1,0,0,1,1,1,0,1,0,1,1,1,0,1,1,0,1,1,0,0
ChIJGwtGTlFYqDsRj5DQKxCuZvE,Liyaqat food company,Kothari Layout,Coimbatore,10.997259,77.00815,Fast food & Quick bites,Mid,3.9,876,0,6.776506992372183,84.0,5.111483120063927,3.8712010109078907,1,0,1,1,0,1,1,1,1,1,0,0,1,1,0,0,1,1,0,0,1,0,0
ChIJaS86P6tZqDsR2FIoH3he2t8,Zwarma Coimbatore,R.S. Puram,Coimbatore,11.00977,76.953231,Fast food & Quick bites,Budget,4.2,260,1,5.564520407322694,87.0,1.9079925222584329,5.480638923341991,1,0,0,0,0,0,1,0,0,0,0,0,0,1,0,0,0,1,0,0,0,0,0
ChIJMWf68p9fqDsRtLDxORPnTkY,My Shawarma Bae,HUDCO Colony,Coimbatore,11.022602,77.00721,Fast food & Quick bites,Not disclosed,4.5,17,1,2.8903717578961645,87.0,5.890336078780404,4.584967478670572,1,0,0,1,0,0,0,0,0,0,0,0,0,0,0,0,0,0,0,0,0,0,0
ChIJI7oskCBZqDsRSprjSvlcn5k,Mario juicy,Tatabad,Coimbatore,11.022263,76.966107,Cafe & Beverages,Not disclosed,3.7,179,0,5.19295685089021,87.0,3.118595567010881,5.241747015059643,0,0,0,0,0,0,0,0,0,0,0,0,0,0,0,0,0,0,0,0,0,1,0
ChIJw9Dzb4FZqDsR3Qa1E6bIDFk,YADHA FOOD'S & YADHA JUICY,Sivaram Nagar,Coimbatore,10.994421,76.985149,North Indian & Global,Mid,4.7,60,1,4.110873864173311,168.0,2.5923746362139073,4.007333185232471,1,0,0,1,1,0,1,0,1,1,0,0,1,1,0,0,0,1,1,1,1,0,0
ChIJT7YLKP5ZqDsRUo3Mlj2FVV0,"Fruit Shop on Greams Road, Race Course",Gopalapuram,Coimbatore,11.004014,76.975863,Cafe & Beverages,Mid,4.0,476,0,6.1675164908883415,91.0,1.8941915606929582,4.709530201312334,1,0,0,1,0,0,1,1,1,0,0,0,1,1,0,0,1,1,0,0,1,0,0
ChIJy-UCjf9ZqDsRy6d3ywUQ0TI,Bangalore Juicy & Foods (BJF),Pulian Thoppu,Coimbatore,10.997633,76.982824,Cafe & Beverages,Not disclosed,4.5,1305,1,7.174724309836376,74.0,2.362696366138729,4.276666119016055,1,0,0,1,0,1,1,0,0,1,0,0,0,0,0,1,0,0,1,0,1,0,0
ChIJAR4JT6lZqDsR4LtoZ960NwA,Pure & Natural,Gopalapuram,Coimbatore,11.007378,76.969955,Cafe & Beverages,Not disclosed,4.0,194,0,5.272999558563747,85.16666666666667,1.7002289718616765,4.762173934797756,1,0,0,1,0,0,0,0,0,0,0,0,0,0,0,0,0,0,0,0,1,0,0
ChIJOSSIxUNZqDsRr_9voEUZsLE,SKV ENTERPRISES KARUPATTI RAJA COFFEE & JUICE BAR,7th St Extension,Coimbatore,11.020181,76.965956,Cafe & Beverages,Not disclosed,5.0,21,1,3.091042453358316,112.0,2.8876189198381406,5.293304824724492,1,0,0,1,0,0,0,0,0,0,0,0,0,0,0,0,0,0,0,1,1,0,0
ChIJIeajo1VYqDsR6uzj1h1e5cM,Glaicier Park,Gandhipuram,Coimbatore,11.017255,76.966189,Bakery & Desserts,Not disclosed,4.1,1435,0,7.269616749608169,87.0,2.572781622967498,5.267858159063328,0,0,0,1,0,1,1,1,1,1,0,0,0,1,0,0,1,1,0,0,1,0,0
ChIJIe3Ph2VZqDsR-DJxNr70Ot0,Rajesh,Racecourse,Coimbatore,11.000216,76.981966,Multi-cuisine / General,Not disclosed,4.5,31,1,3.4657359027997265,87.0,2.3300784969548602,4.663439094112067,1,0,0,1,0,0,0,0,0,0,0,0,0,0,0,0,0,0,0,0,0,0,0
ChIJg3EdQBpZqDsRn07hkqDIGJM,Oswalds Ice Cream,Ram Nagar,Coimbatore,11.014261,76.963563,Bakery & Desserts,Not disclosed,4.8,2881,1,7.966239776559467,94.5,2.1989145134718373,5.476463551931511,1,1,0,1,0,0,0,0,0,0,0,0,0,0,0,0,0,0,1,0,1,0,0
ChIJ42QpnmpZqDsRK32QCT12o3c,Rabbits Gelato,Gopalapuram,Coimbatore,11.003218,76.975796,Bakery & Desserts,Not disclosed,4.6,68,1,4.23410650459726,84.0,1.8405055784960205,4.787491742782046,1,1,0,1,0,0,1,0,1,0,0,0,0,0,0,0,0,0,0,0,1,0,0
ChIJMxpQo9FfqDsRr3Zypz3PYi8,Butter Pump Co.,Thomas Park,Coimbatore,11.002246,76.982416,Bakery & Desserts,Not disclosed,4.3,18,1,2.9444389791664403,87.5,2.4464341713027524,4.543294782270004,1,0,0,0,0,0,0,0,0,0,0,0,0,0,0,0,0,0,0,0,1,0,0
ChIJ6biZuFdYqDsRYqVxlkiwtiI,Arun Ice Cream,Subbana Gounder Layout,Coimbatore,11.02321,76.965807,Bakery & Desserts,Not disclosed,4.3,48,1,3.8918202981106265,119.0,3.217446890982467,5.204006687076795,0,0,0,0,0,0,1,0,0,0,1,0,0,1,0,0,0,0,0,1,1,1,0
ChIJ-3Usz1lZqDsRm2TB-5k6GZs,"Sticksy, RaceCourse",Gopalapuram,Coimbatore,11.000593,76.98188,Bakery & Desserts,Not disclosed,4.4,271,1,5.605802066295998,84.0,2.332662813892183,4.653960350157523,1,1,0,1,0,0,0,0,0,0,0,0,0,0,0,0,0,0,0,0,1,0,0
ChIJOXRF2KhZqDsR0Notxx1CQ24,Boomerang Ice Cream,Gopalapuram,Coimbatore,11.005634,76.969183,Bakery & Desserts,Not disclosed,4.2,1670,1,7.421177528595393,94.5,1.4923286146789658,4.7535901911063645,1,1,0,1,0,1,1,1,1,1,1,1,1,1,0,0,1,1,1,0,1,1,0
ChIJr6pCtMdZqDsR3ImVRvgGq0U,Bon Bon Icecream,Gopalapuram,Coimbatore,11.005669,76.969097,Bakery & Desserts,Not disclosed,4.2,314,1,5.752572638825633,91.0,1.4902176503761475,4.7535901911063645,1,1,0,1,0,0,0,0,0,0,0,0,0,0,0,0,0,0,0,0,1,0,0
ChIJCZ-tMzdZqDsRWcb5Pqy3tDY,Boomerang icecream,Papanaickenpalayam,Coimbatore,11.021317,76.986897,Bakery & Desserts,Not disclosed,4.4,192,1,5.262690188904886,87.0,4.070694955269245,4.060443010546419,0,1,0,1,0,0,1,1,1,0,0,0,0,1,0,0,1,1,0,0,0,0,0
ChIJe19tXQFZqDsRfvxOare6RwU,"ibaco - Brookefields Mall Food Court, Coimbatore",R.S. Puram,Coimbatore,11.009072,76.959202,Bakery & Desserts,Not disclosed,4.3,502,1,6.220590170099739,84.0,1.626998889407831,5.298317366548036,1,1,0,1,0,0,0,0,0,0,0,0,0,0,0,0,0,0,0,0,1,1,0
ChIJVzRXYABZqDsR4C59NWxZlKI,Polar Bear Ice Cream Sundaes - Ganapathy,Ganapathy,Coimbatore,11.043129,76.984713,Bakery & Desserts,Not disclosed,4.8,1600,1,7.3783837129967145,84.0,5.966004233088603,4.060443010546419,1,1,0,1,1,0,1,1,1,0,0,1,1,1,0,0,1,1,0,0,1,1,0
ChIJETcrWw9ZqDsR1PfC1e-gTyk,Hanifa Jigarthanda,Coimbatore,Gandhipuram,11.017167,76.96804,Bakery & Desserts,Not disclosed,2.8,12,0,2.5649493574615367,87.0,2.61190273061888,5.170483995038151,1,0,0,1,0,0,0,0,0,0,0,0,0,0,0,0,0,0,0,0,0,0,0
ChIJzenvO3FZqDsRYXXVDV79w3w,High on Pops Ice Cream,Gopalapuram,Coimbatore,11.001287,76.973331,Bakery & Desserts,Not disclosed,5.0,16,1,2.833213344056216,28.0,1.4996234413952187,4.820281565605037,1,0,0,1,0,0,1,0,0,0,0,0,0,1,0,0,0,1,0,0,1,0,0
ChIJeZGcrE9YqDsRtVT6LJTU6_s,Arun Ice Creams - Geetham Parlour,Balaji Nagar,Coimbatore,11.022771,76.9784,Bakery & Desserts,Not disclosed,4.3,68,1,4.23410650459726,87.5,3.6407923767688413,3.8918202981106265,0,1,0,0,0,0,1,1,1,0,0,0,0,1,0,0,0,1,0,0,1,1,0
ChIJY8fb8yZZqDsRjxdckmZ2aEY,Ram's Tea House,Tatabad,Coimbatore,11.019019,76.961837,Cafe & Beverages,Budget,4.6,596,1,6.391917113392602,112.0,2.715687832241959,5.337538079701318,0,0,0,0,0,0,1,0,0,0,0,0,1,1,1,0,1,1,0,1,1,0,1
ChIJ0f-vBmlZqDsRCl5_BGt07p4,Tea Time,Gandhipuram,Coimbatore,11.022458,76.971404,Cafe & Beverages,Not disclosed,4.3,67,1,4.219507705176107,119.0,3.2844859646829967,4.882801922586371,0,0,0,1,0,0,0,0,0,0,0,0,0,0,0,0,0,0,0,1,1,1,0
ChIJmQmhN_lZqDsR8c0urRNs7mA,Chai Sutta Bar Gandhipuram,Tatabad,Coimbatore,11.017825,76.962476,Cafe & Beverages,Budget,4.6,45,1,3.828641396489095,112.0,2.58517132915509,5.393627546352361,1,1,0,1,0,1,1,0,1,1,1,0,1,1,1,0,1,1,0,1,1,0,1
ChIJ7bnrraRZqDsR9Dr5xKSX8qk,Richy Rich,Gopalapuram,Coimbatore,10.998427,76.976528,Bakery & Desserts,Not disclosed,4.4,1539,1,7.3395376954076745,84.0,1.7052216359149788,4.762173934797756,1,0,0,1,0,1,0,0,0,1,0,0,0,0,0,0,0,0,0,0,1,0,0
ChIJaZPjOVxZqDsRB2qUCGwlQyo,Tea Boy,Ram Nagar,Coimbatore,11.012157,76.963023,Cafe & Beverages,Not disclosed,4.6,65,1,4.189654742026425,87.0,1.9602704216225881,5.424950017481403,1,1,0,1,0,0,1,0,0,0,0,0,0,0,0,0,0,0,0,1,1,1,0
ChIJ0XVXSABZqDsR_THggi9M65A,TEA BOY,Near Signal,Coimbatore,11.017812,76.968801,Bakery & Desserts,Budget,3.9,24,0,3.2188758248682006,87.0,2.70451864756435,5.14166355650266,0,0,0,0,0,0,1,0,0,0,0,0,0,0,0,0,0,0,0,0,0,1,0
ChIJ68yZa2RZqDsRqGdkNl_REC8,Barbequeen Restaurant (Saibaba Colony),Saibaba Colony,Coimbatore,11.02295,76.950453,Biryani & Non-veg,Not disclosed,4.7,6795,1,8.824089482791823,84.0,3.3712229648377114,5.003946305945459,1,1,0,1,0,0,1,0,0,0,0,0,0,0,0,0,0,0,0,0,1,0,0
ChIJ-aMwIJZZqDsRdturAubW5ek,Wah Wah Indo-Asian Vegetarian Restaurant,Saibaba Colony,Coimbatore,11.02256,76.944016,Vegetarian,Not disclosed,4.6,649,1,6.476972362889683,49.0,3.6422838895844873,5.081404364984463,1,1,0,1,0,1,1,0,0,1,0,0,0,0,0,0,0,0,0,0,1,0,0
ChIJg9m5sxRZqDsRbjP0JQ7Vuh8,Amirtham Heritage Restaurant,Saibaba Colony,Coimbatore,11.021877,76.946907,Multi-cuisine / General,Premium,4.6,101,1,4.624972813284271,49.0,3.420799551143291,5.049856007249537,1,0,0,1,1,1,1,0,0,1,1,0,1,1,0,0,1,1,0,0,1,0,0
ChIJ-eTZC5BZqDsRCrDvAYpSXVE,Annam Iyarkai Unavakam,Saibaba Colony,Coimbatore,11.02417,76.939803,Multi-cuisine / General,Not disclosed,4.7,1882,1,7.5406215286571525,42.0,4.045730540627772,5.0106352940962555,1,0,0,1,0,0,1,0,0,0,0,0,0,0,0,1,0,0,0,0,1,0,0
ChIJq_467NBZqDsRD7hjl7gDxPA,Beyond The Stories (BTS),Saibaba Colony,Coimbatore,11.026051,76.943496,Multi-cuisine / General,Not disclosed,4.6,1241,1,7.124478262493424,87.5,4.006145399322074,5.087596335232384,1,0,1,1,0,1,1,1,1,1,1,0,1,1,1,0,1,1,1,0,1,0,0
ChIJuQEblBpZqDsRpRs4O0kS4nw,Sree Sampoornaa,Saibaba Colony,Coimbatore,11.02512,76.946149,Biryani & Non-veg,Mid,3.7,611,0,6.416732282512326,87.0,3.779940866341703,4.997212273764115,1,0,0,0,0,0,1,1,1,1,1,0,1,1,0,1,1,1,0,0,0,0,0
ChIJOSqPdRxZqDsRWXBZU_xK5_s,Nalla Mess,Saibaba Colony,Coimbatore,11.025814,76.944783,Multi-cuisine / General,Not disclosed,4.2,444,1,6.09807428216624,87.0,3.9161566203231297,5.087596335232384,1,1,0,1,0,0,1,0,0,0,0,0,0,0,0,0,0,0,0,0,0,0,0
ChIJcwhrXvBYqDsRn7nHPsqpHXo,Annapoorna - Saibaba colony,Saibaba Colony,Coimbatore,11.025571,76.942444,South Indian & Regional,Not disclosed,4.2,12548,1,9.437396260110308,112.0,4.017549104982529,5.062595033026967,1,1,0,1,0,0,1,0,0,0,0,0,0,0,0,1,0,0,0,1,1,1,0
ChIJey783RpZqDsR06dQ61p1Gn4,Manna Mess - Coimbatore (Saibaba Colony),Saibaba Colony,Coimbatore,11.02697,76.949337,South Indian & Regional,Premium,4.4,1623,1,7.392647520721623,87.0,3.8326370829487697,4.882801922586371,1,0,0,1,0,0,1,1,0,0,1,0,1,1,0,0,1,1,0,0,0,0,0
ChIJs0TlNwBZqDsRyKP_8h6TDGQ,RAM'S TEA HOUSE,Saibaba Colony,Coimbatore,11.026751,76.946292,Cafe & Beverages,Not disclosed,4.6,104,1,4.653960350157523,119.0,3.937010724818915,4.969813299576001,0,0,0,0,0,0,1,0,0,0,0,0,0,0,0,0,0,0,0,1,1,0,0
ChIJJW8lQ95ZqDsRYajVNeO_k2A,Martram's The South Indian Coffee house - Saibaba Colony,Saibaba Colony,Coimbatore,11.025312,76.946133,Cafe & Beverages,Budget,4.2,768,1,6.645090969505644,94.5,3.799885506671117,4.997212273764115,1,1,0,1,0,0,1,0,1,0,0,0,1,1,0,0,0,1,0,1,1,1,0
ChIJ5_QO4xBZqDsRSAXpXlcsGcw,Chai n' Gupshup Express - Saibaba Colony,Saibaba Colony,Coimbatore,11.022605,76.944222,Cafe & Beverages,Not disclosed,4.8,17,1,2.8903717578961645,115.5,3.6349069988610125,5.093750200806762,1,0,0,1,0,0,0,0,0,0,0,0,0,0,0,0,0,0,1,1,1,0,0
ChIJ3YbSITJZqDsRWl5btC9kUG8,"Tapriwala, the contemporary tea cafe",Saibaba Colony,Coimbatore,11.022729,76.945401,Cafe & Beverages,Budget,4.3,238,1,5.476463551931511,70.0,3.5822629583126835,5.0689042022202315,1,0,1,1,1,1,1,1,1,1,0,0,1,1,0,1,1,1,0,0,1,0,0
ChIJa2xdgpxZqDsRUIzJRSSjCAg,JJ Premium Tea,Saibaba Colony,Coimbatore,11.025558,76.937244,Cafe & Beverages,Not disclosed,4.1,124,0,4.8283137373023015,96.0,4.336070446597735,4.836281906951478,1,1,0,1,0,0,0,0,0,0,0,0,0,0,0,0,0,0,0,1,1,0,0
ChIJi7-RUiRZqDsRrAv1zwP4Aec,CARDIFF CAFE SAIBABACOLONY,Saibaba Colony,Coimbatore,11.025902,76.940356,Cafe & Beverages,Mid,4.7,448,1,6.1070228877422545,84.0,4.170198351981934,5.049856007249537,1,0,0,0,0,1,1,1,1,1,1,1,1,1,0,1,1,1,1,0,1,0,0
ChIJnSf-jEJZqDsR1o6d_O3IY7I,The best Coffee spot,Saibaba Colony,Coimbatore,11.025827,76.946013,Cafe & Beverages,Not disclosed,4.8,42,1,3.7612001156935624,89.0,3.857117055470894,5.0106352940962555,1,0,0,1,0,0,0,0,0,0,0,0,0,0,0,0,0,0,0,1,1,0,0
ChIJiffWbpVZqDsRPPhEguBP49A,TEA TIME KOVAI,Saibaba Colony,Tatabad,11.021881,76.951867,Cafe & Beverages,Not disclosed,4.9,16,1,2.833213344056216,105.0,3.207000200980879,5.0369526024136295,0,0,0,0,0,0,1,0,0,0,0,0,0,0,0,0,0,0,0,1,1,0,0
ChIJ_TI_xwtZqDsR5QMJjAcC3F0,Chai Kings - Saibaba Colony,Saibaba Colony,Coimbatore,11.026913,76.948568,Cafe & Beverages,Not disclosed,4.0,721,0,6.582025138892826,168.0,3.8563702965017943,4.867534450455582,1,1,0,1,0,0,1,0,0,0,0,0,0,0,0,0,0,0,1,1,1,1,0
ChIJqWF3TABZqDsR_hukeYuiVpw,Chai and chai Saibaba Colony,Saibaba Colony,Coimbatore,11.022859,76.946936,Cafe & Beverages,Budget,4.8,45,1,3.828641396489095,87.0,3.5165553211502467,5.056245805348308,1,0,0,0,0,0,1,1,1,0,1,0,0,0,0,0,0,1,1,1,1,0,0
ChIJyfbA1elZqDsR5vg0gMDgPvU,Shaay Saibaba colony,Saibaba Colony,Coimbatore,11.027314,76.933236,Cafe & Beverages,Not disclosed,4.4,20,1,3.044522437723423,57.0,4.762571699350597,4.143134726391533,1,0,0,1,0,0,0,0,0,0,0,0,0,0,0,0,0,0,0,0,1,0,0
ChIJ9YmLJ-lYqDsRMGQYpGMNMpE,Velan Kaappi,Saibaba Colony,Coimbatore,11.026948,76.946095,Cafe & Beverages,Budget,4.3,1559,1,7.352441100243583,119.0,3.9659214660295032,4.969813299576001,1,1,0,1,0,0,1,0,1,0,0,0,1,1,1,0,1,0,0,1,1,1,1
ChIJX8WNKABZqDsRGD0jv7F5SDg,Daily Zone Cafe,Saibaba Colony,Coimbatore,11.026559,76.947766,Cafe & Beverages,Not disclosed,4.9,51,1,3.9512437185814275,105.0,3.8526803979281743,4.9344739331306915,1,0,1,0,0,0,0,0,0,0,0,0,0,0,0,0,0,0,0,0,1,0,0
ChIJcZxM6w9ZqDsRDDZKGqwrrOU,Hideinn cafe,Saibaba Colony,Coimbatore,11.026483,76.936916,Cafe & Beverages,Premium,4.3,160,1,5.081404364984463,100.5,4.43962393207414,4.68213122712422,1,0,0,1,0,1,1,1,1,1,1,0,1,1,1,0,1,1,1,0,1,0,0
ChIJzcM-w_5ZqDsRNuRDJ-tbq30,TEA BOY,Saibaba Colony,Coimbatore,11.028799,76.951349,Bakery & Desserts,Not disclosed,4.9,22,1,3.1354942159291497,112.0,3.9578340955858056,4.812184355372417,1,0,0,0,0,0,0,0,0,0,0,0,0,0,0,0,0,0,0,1,1,1,0
ChIJw5O6JRlZqDsR38yPd7J0F5M,Cothas coffee,Saibaba Colony,Coimbatore,11.023142,76.942173,Cafe & Beverages,Budget,4.1,35,0,3.58351893845611,97.0,3.804820985891315,5.056245805348308,0,0,0,0,0,0,1,0,0,0,0,0,1,1,0,0,0,1,0,1,1,1,0
ChIJ21yLRGxZqDsRAsJPQMCWnSQ,Kaapi Bytze,Saibaba Colony,Coimbatore,11.026118,76.950052,Cafe & Beverages,Not disclosed,4.4,48,1,3.8918202981106265,84.0,3.7170788740696583,4.90527477843843,1,0,0,1,0,0,1,0,0,0,0,0,0,0,0,0,0,0,0,0,1,0,0
ChIJmxI-dWRZqDsRspOLOhg9wTk,Cafe retroo - (saibaba colony),Saibaba Colony,Coimbatore,11.024549,76.945917,Multi-cuisine / General,Not disclosed,4.8,989,1,6.897704943128636,84.0,3.734433245238254,5.049856007249537,1,0,1,1,0,1,0,0,0,1,0,0,0,0,0,0,0,0,0,0,1,0,0
ChIJDcXrZ_P3qDsROn5aCUP3jgc,Green Leaf Restaurant,Saravanampatti,Coimbatore,11.078605,77.003884,Biryani & Non-veg,Mid,4.0,2134,0,7.666221925662725,77.0,10.428391603198698,4.2626798770413155,1,0,0,1,0,1,1,1,1,1,1,0,1,1,0,0,1,1,0,0,1,0,0
ChIJv09uUcT3qDsRll3-gspjPTA,Covai Maman Biryani,Saravanampatti,Coimbatore,11.080723,77.004998,South Indian & Regional,Not disclosed,4.6,548,1,6.3080984415095305,83.5,10.693393346661187,4.23410650459726,1,0,0,0,0,0,0,0,0,0,0,0,0,0,0,0,0,0,1,0,1,0,0
ChIJO5e82wP3qDsRQxthux2voB0,SALEM RR BIRIYANI SARAVANAMPATTI,Saravanampatti,Coimbatore,11.081153,76.991807,Multi-cuisine / General,Mid,4.2,717,1,6.576469569048224,84.0,10.180328551941232,4.3694478524670215,1,0,0,0,0,0,1,1,1,0,0,0,1,0,0,0,0,1,0,0,1,0,0
ChIJ5-mZIED3qDsRvOGIYiqNJS8,Thoppu Kari Virunthu - Saravanampatti,Saravanampatti,Coimbatore,11.081119,76.99321,South Indian & Regional,Not disclosed,3.9,1145,0,7.044032897274685,84.0,10.227710269075132,4.356708826689592,1,0,0,1,0,1,1,0,0,1,0,0,0,0,0,0,0,0,0,0,1,0,0
ChIJgY9mH6b3qDsRFzTfA6k2kkM,Green Tree Restaurant,Saravanampatti,Coimbatore,11.079922,76.998664,South Indian & Regional,Mid,4.2,1485,1,7.303843225277705,80.5,10.32231183124014,4.51085950651685,1,0,1,1,0,0,1,1,1,1,1,0,1,1,0,0,1,1,0,0,1,0,0
ChIJoTdUm3j3qDsR1Xbyy52-QIo,Siruvaani,Saravanampatti,Coimbatore,11.079599,76.99851,Multi-cuisine / General,Not disclosed,4.8,1104,1,7.007600613951853,73.5,10.282680000436372,4.51085950651685,1,1,0,1,0,0,0,0,0,0,0,0,0,0,0,0,0,0,0,0,1,0,0
ChIJh7BdCmH3qDsRNkR1s2vtF40,Khalids Multi Cuisine Restaurant Saravanampatti,Saravanampatti,Coimbatore,11.081618,76.990026,Multi-cuisine / General,Mid,3.8,662,0,6.4967749901858625,84.0,10.167826677079761,4.418840607796598,1,1,0,0,0,0,1,1,1,1,0,0,1,1,0,0,1,1,0,0,1,0,0
ChIJk0xkTQhYqDsRcIoU-gxcWEE,FOUR SEASONS FAMILY RESTAURANT,Saravanampatti,Coimbatore,11.096004,77.015595,Biryani & Non-veg,Not disclosed,3.8,3182,0,8.065579427282092,84.0,12.732699254051674,2.8903717578961645,1,0,0,1,0,1,1,0,0,1,0,0,0,0,0,0,0,0,0,0,1,0,0
ChIJa6Ysqez3qDsRHh6OGDEE1dI,Curry Factory,Saravanampatti,Coimbatore,11.081077,76.993468,Biryani & Non-veg,Mid,4.3,2882,1,7.9665866976384025,40.0,10.232913709079954,4.48863636973214,1,1,0,1,0,0,1,0,1,0,0,0,1,1,0,0,1,0,0,0,1,0,0
ChIJdx9PK7P3qDsRdAl0fTJA1rY,Mohabbath Restaurant,Saravanampatti,Coimbatore,11.083842,77.000222,South Indian & Regional,Not disclosed,4.1,1854,0,7.5256399750415355,77.5,10.789932184669048,4.276666119016055,1,0,0,1,0,1,1,0,0,1,0,0,0,0,0,0,0,0,0,0,1,0,0
ChIJJXg-nlH3qDsRGHYKnYYm-AI,Hide in Heaven,Saravanampatti,Coimbatore,11.061103,76.997941,Multi-cuisine / General,Premium,4.2,377,1,5.934894195619588,84.0,8.401684694163793,4.276666119016055,1,0,1,1,0,1,1,1,0,1,1,1,1,1,0,0,1,1,0,0,1,0,0
ChIJc0yHmtT3qDsRY2hd2bH8pg8,WOOF HEAVEN MULTI CUISINE RESTAURANT,Saravanampatti,Coimbatore,11.076209,76.994941,Multi-cuisine / General,Not disclosed,4.4,63,1,4.1588830833596715,84.0,9.785031931699665,4.454347296253507,1,0,0,1,0,1,0,0,0,1,0,0,0,0,0,0,0,0,1,0,1,0,0
ChIJG6N0XglZqDsRumn2paTMuIM,Ammayi Veedu Saravanampatti,Saravanampatti,Coimbatore,11.075353,77.001919,South Indian & Regional,Mid,3.6,473,0,6.161207321695077,84.0,10.009202336423149,4.330733340286331,1,1,0,1,0,0,1,1,1,0,1,0,1,1,0,0,1,1,0,0,1,0,0
ChIJ2fsqIwP3qDsRJ_-YwxtOo3c,CueUp Cafe,Saravanampatti,Coimbatore,11.080318,76.995396,Cafe & Beverages,Not disclosed,4.9,60,1,4.110873864173311,84.0,10.22808505421984,4.5217885770490405,1,0,1,1,0,1,1,0,0,1,0,0,0,0,0,0,0,0,0,0,1,0,0
ChIJDfMl1dBZqDsR0KSQ1-sNynk,Aasife & Brothers Biriyani Centre,Saravanampatti,Coimbatore,11.054968,76.995093,Biryani & Non-veg,Not disclosed,3.8,2849,0,7.955074273262696,105.0,7.653893642805194,4.189654742026425,1,0,0,1,0,0,1,0,0,0,0,0,0,0,0,0,0,0,1,0,1,0,0
ChIJRQjw75X3qDsRAqzz4Tx4Dzc,Aradhanas Restaurant,Saravanampatti,Coimbatore,11.083259,76.975698,Biryani & Non-veg,Mid,4.1,910,0,6.814542897259958,72.5,9.981165268373317,3.367295829986474,1,0,0,1,0,1,1,1,1,1,1,0,1,1,1,0,1,1,0,0,1,0,0
ChIJpWGMZFH3qDsR8bTtgLme-Ec,Malila restaurant,Chinnavedampatti,Coimbatore,11.082831,76.981727,Multi-cuisine / General,Mid,4.0,124,0,4.8283137373023015,84.0,10.058531113067803,4.110873864173311,1,1,0,1,0,1,1,0,1,1,0,0,1,1,0,0,1,1,1,0,1,0,0
ChIJL-LHPgD5qDsR_MqIc1QZoYo,Saravanampatti kochai Varuval,Saravanampatti,Coimbatore,11.094231,77.015344,Multi-cuisine / General,Not disclosed,4.1,1146,0,7.044905117129371,84.0,12.545576155827915,2.833213344056216,1,0,0,1,0,0,1,0,0,0,0,0,0,0,0,0,0,0,0,0,1,0,0
ChIJP_iqV0JYqDsRkfd9o2skd5s,Hifive Cafe,Saravanampatti,Coimbatore,11.072905,77.001222,Cafe & Beverages,Not disclosed,4.3,1243,1,7.126087273299125,77.0,9.731543639333847,4.31748811353631,1,1,0,1,0,1,1,1,1,1,1,1,1,1,1,1,1,1,0,0,1,0,0
ChIJccwuLZX3qDsRvV3j6Vqmuaw,Green Banana,Saravanampatti,Coimbatore,11.081499,76.989192,Biryani & Non-veg,Not disclosed,3.9,1354,0,7.2115567333138015,77.0,10.127604017960776,4.382026634673881,1,0,0,1,0,1,1,0,0,1,0,0,0,0,0,0,0,0,0,0,1,0,0
ChIJVY-KHgD5qDsR9oneyt3WGzI,The Hot Chick (Kondayampalayam Road),Saravanampatti,Keeranatham,11.103666,77.011907,Biryani & Non-veg,Not disclosed,4.6,31,1,3.4657359027997265,26.0,13.321436202000973,1.6094379124341003,1,0,0,1,0,0,1,0,1,0,0,0,1,1,1,0,0,1,1,0,1,1,0
ChIJgTgzCTz3qDsRDGxwLPfLBhQ,Tandoori Joint,Saravanampatti,Coimbatore,11.079106,77.002212,North Indian & Global,Mid,2.8,83,0,4.430816798843313,94.5,10.398859588671916,4.356708826689592,1,0,0,1,0,0,1,1,1,0,0,0,1,1,0,0,1,1,1,0,1,0,0
ChIJ_SnndO73qDsRwni7AXDIo5I,Faasos Saravanampatti,Saravanampatti,Coimbatore,11.073999,77.002244,Multi-cuisine / General,Not disclosed,3.8,115,0,4.7535901911063645,112.0,9.890300531295129,4.276666119016055,1,1,0,1,0,0,1,0,1,0,0,0,1,1,0,0,1,1,1,0,1,0,0
ChIJuUIRSLD3qDsRZKk3DfDtIV0,THE HOT CHICK chil sez It park Keernatham,Saravanampatti,Coimbatore,11.103256,76.9888,Multi-cuisine / General,Not disclosed,4.8,27,1,3.332204510175204,91.0,12.446538287339713,3.9318256327243257,1,0,0,0,0,0,0,0,0,0,0,0,0,0,0,0,0,0,0,0,1,0,0
ChIJh-khAH33qDsRprQ-T3fCoC8,Buckets & Burger,Saravanampatti,Coimbatore,11.079368,77.002226,Multi-cuisine / General,Not disclosed,4.1,39,0,3.6888794541139363,77.0,10.42584439108518,4.356708826689592,0,0,0,1,0,0,0,0,0,0,0,0,0,0,0,0,0,0,0,0,1,0,0
ChIJ_xbWhfD3qDsRaAt3mzQxSn0,Me (Meat And Eat ),Saravanampatti,Coimbatore,11.083122,77.005594,Biryani & Non-veg,Premium,3.8,1155,0,7.052721049232323,84.0,10.961387907536794,4.0943445622221,1,1,0,1,0,0,1,1,1,0,0,0,1,1,0,0,1,0,0,0,1,0,0
ChIJeZ43v8z3qDsR7DAshbnH-VM,Chixy Chick & Cafe 2.0,Saravanampatti,Keeranatham,11.101862,76.99601,Multi-cuisine / General,Not disclosed,4.1,931,0,6.837332814685591,105.0,12.510787414041678,4.04305126783455,1,0,1,1,0,1,0,0,0,1,0,0,0,0,0,0,0,0,1,0,1,0,0
ChIJ3fDnufX3qDsRhfBrbdvwWq0,KOKKARAKO BIRIYANI & FAST FOOD,Saravanampatti,Coimbatore,11.075114,77.005398,Multi-cuisine / General,Premium,4.3,10,1,2.3978952727983707,87.0,10.159229039227728,4.276666119016055,1,0,0,1,0,0,1,0,0,0,0,0,1,1,0,0,0,0,0,0,0,0,0
ChIJo-zxMwD3qDsRUt8JYiBqd1E,The Red Box -Saravanampatti,Saravanampatti,Coimbatore,11.079106,77.004289,North Indian & Global,Mid,4.5,73,1,4.304065093204169,101.5,10.497952214693031,4.2626798770413155,1,1,0,1,0,1,1,0,1,1,0,0,1,1,0,0,0,0,1,0,1,0,0
ChIJ8fYMoPn3qDsR7s9M6efF2d4,Food Street Fiesta,Saravanampatti,Coimbatore,11.079025,77.002159,Multi-cuisine / General,Not disclosed,4.1,1379,0,7.22983877815125,84.0,10.388243602885764,4.356708826689592,1,1,0,1,0,0,1,0,0,0,0,0,0,0,0,1,0,0,0,0,1,0,0
ChIJ6XscZglYqDsR94NqlJaZdak,McDonald's,Saravanampatti,Coimbatore,11.05561,76.993982,Fast food & Quick bites,Not disclosed,4.5,1397,1,7.242797922793756,77.0,7.659532356058042,4.1588830833596715,1,1,0,1,1,0,1,0,1,0,1,0,0,1,0,1,1,1,0,0,1,1,0
ChIJ_zNJzhlZqDsRLrxYfEpXX38,Heatsquare Restaurant Prozone,Saravanampatti,Coimbatore,11.055189,76.994043,Fast food & Quick bites,Not disclosed,4.8,204,1,5.3230099791384085,101.0,7.621212549355989,4.174387269895637,1,1,0,1,0,0,0,0,0,0,0,0,0,0,0,0,0,0,1,0,1,0,0
ChIJWzGxJtH3qDsR9y7SpSShMBg,Snack Exchange,Saravanampatti,Coimbatore,11.081082,76.99307,Multi-cuisine / General,Mid,4.8,55,1,4.02535169073515,56.0,10.218662254073216,4.406719247264253,1,0,0,1,0,0,1,1,0,1,1,0,1,1,1,1,1,1,0,0,1,0,0
ChIJS8Jg9SX3qDsRpNLswjlXxJo,CAFE INC.,Saravanampatti,Coimbatore,11.083328,76.985491,Cafe & Beverages,Not disclosed,4.8,343,1,5.840641657373398,68.25,10.21042874859987,4.343805421853684,1,0,0,1,0,1,1,0,0,1,0,0,0,0,0,0,0,0,0,0,1,0,0
ChIJF2VbofxZqDsRo2xRFjlDzjY,Popeyes - Famous Louisiana Chicken,Saravanampatti,Coimbatore,11.054908,76.993994,Multi-cuisine / General,Premium,4.2,666,1,6.502790045915623,84.0,7.591098289360883,4.174387269895637,1,1,0,1,1,0,1,0,1,0,1,0,1,1,0,0,1,1,0,0,1,0,0
ChIJu9dRZwD3qDsR2FBRbqQjeUk,Kovai's Brew Cafe,Saravanampatti,Keeranatham,11.092223,76.988291,Cafe & Beverages,Not disclosed,4.8,68,1,4.23410650459726,115.5,11.24490415229878,2.772588722239781,1,0,0,1,0,0,0,0,0,0,0,0,0,0,0,0,0,0,0,1,1,0,0
ChIJc7MeUrZZqDsR3ehE-y0NQ84,Beatles Cafe,Saravanampatti,Coimbatore,11.054863,76.995141,Cafe & Beverages,Not disclosed,4.3,596,1,6.391917113392602,84.0,7.646178184309214,4.189654742026425,1,0,0,1,0,0,0,0,0,0,0,0,0,0,0,0,0,0,0,0,1,0,0
ChIJfwKXCyX3qDsRa3K_sbvWX2Q,Stories Cafe,Saravanampatti,Keeranatham,11.101697,76.995559,Cafe & Beverages,Budget,4.7,47,1,3.8712010109078907,84.0,12.478505494018519,4.060443010546419,1,0,0,1,0,0,1,0,0,0,0,0,1,1,0,0,0,1,1,0,1,0,0
ChIJAfWYCpv3qDsR8DSOrBO9DXI,Den Culture Café,Saravanampatti,Coimbatore,11.081046,76.992673,Cafe & Beverages,Budget,4.6,54,1,4.007333185232471,84.0,10.200316083942395,4.394449154672439,1,0,0,0,0,0,1,1,1,0,1,0,1,1,1,0,1,1,0,0,1,0,0
ChIJTb1ZnpT3qDsRtv-P2u2imyw,Cairo Cafe and Resto,Saravanampatti,Keeranatham,11.098811,76.997382,Cafe & Beverages,Not disclosed,5.0,18,1,2.9444389791664403,92.0,12.235031289436545,3.8918202981106265,1,0,0,1,0,0,1,0,0,0,0,0,0,0,0,0,0,0,1,1,1,0,0
ChIJwQnInw_3qDsRdS2CkhOa1mM,THE VIBE,Saravanampatti,Coimbatore,11.083071,76.985456,Cafe & Beverages,Budget,4.8,128,1,4.859812404361672,84.0,10.181832693413462,4.343805421853684,1,0,0,1,0,0,1,1,0,0,1,0,1,1,0,0,1,1,1,0,1,0,0
ChIJU4nrPLL3qDsRS9N_a0KukuM,NAVARASA BY VIBESPOT - Saravanampatti,Saravanampatti,Coimbatore,11.072953,77.001865,Cafe & Beverages,Not disclosed,4.4,332,1,5.808142489980444,133.0,9.767846963169749,4.304065093204169,1,1,0,0,0,0,1,0,0,0,0,0,0,0,0,0,0,0,0,1,1,0,0
ChIJ33-2IABZqDsRW0KVVeWuJsY,Velaa Cafe,Saravanampatti,Coimbatore,11.055438,76.995347,Cafe & Beverages,Not disclosed,4.5,239,1,5.480638923341991,117.0,7.713046010411722,4.23410650459726,1,0,0,0,0,0,0,0,0,0,0,0,0,0,0,0,0,0,0,1,1,0,0
ChIJe-zVrVL3qDsRVazqo1RaXjg,Tempt Cafe,Saravanampatti,Coimbatore,11.081912,76.988012,Cafe & Beverages,Budget,4.8,112,1,4.727387818712341,73.0,10.1337703465375,4.343805421853684,1,0,0,1,0,0,1,1,1,0,0,0,1,1,0,0,0,1,0,0,1,0,0
ChIJy4d9S-33qDsRSwHgtdFLbf8,V 16 Cafe & Bakehouse,Saravanampatti,Coimbatore,11.080699,76.993665,Cafe & Beverages,Mid,4.9,42,1,3.7612001156935624,87.0,10.200829630180689,4.454347296253507,1,0,0,1,0,0,1,1,1,0,0,0,1,1,0,0,1,1,0,0,0,0,0
ChIJ4TLGK4n3qDsRuk6JXIQvk3M,ZAN Café - Coimbatore,Saravanampatti,Coimbatore,11.083005,76.983066,Cafe & Beverages,Budget,4.3,78,1,4.3694478524670215,76.0,10.110578506107078,4.1588830833596715,1,0,0,1,0,0,1,0,1,0,0,0,1,1,1,0,1,1,0,0,1,0,0
ChIJXezTsWP3qDsR-1Q_TtrTdw8,Oru Middle Class Cafe,Saravanampatti,Keeranatham,11.098661,76.996072,Multi-cuisine / General,Not disclosed,4.1,298,0,5.700443573390686,87.0,12.17404380352017,4.07753744390572,1,1,0,1,0,0,1,0,0,0,0,0,0,0,0,0,0,0,0,0,0,0,0
ChIJBScrjyb5qDsRr55RFgb4R1o,Garage Cafe,Saravanampatti,Coimbatore,11.088924,77.017304,Cafe & Beverages,Not disclosed,4.5,92,1,4.532599493153256,101.0,12.13382454193709,2.302585092994046,1,0,0,1,0,0,0,0,0,0,0,0,0,0,0,0,0,0,0,1,1,0,0
ChIJS9QT5G33qDsRz0Qox4QVgYA,Blasuz Maggie cafe,Saravanampatti,Coimbatore,11.082554,76.987855,Fast food & Quick bites,Not disclosed,4.5,546,1,6.304448802421981,57.0,10.197317683709164,4.343805421853684,1,0,0,1,0,1,1,0,0,1,0,0,0,0,0,0,0,0,0,0,1,0,0
ChIJf4efFQD3qDsRMgywsu9r4rA,Chai Sutta Bar - Saravanampatti,Saravanampatti,Coimbatore,11.08049,77.001851,Cafe & Beverages,Budget,4.5,183,1,5.214935757608986,105.0,10.521531030877707,4.394449154672439,0,0,0,0,0,0,1,1,0,0,0,0,1,1,1,0,1,1,1,1,1,0,0
ChIJP6z3Gj33qDsRSXVNXhUa3hQ,Hotpresso,Saravanampatti,Coimbatore,11.081051,76.993051,Cafe & Beverages,Budget,4.9,25,1,3.258096538021482,84.0,10.21471708796908,4.406719247264253,1,0,0,1,0,0,1,0,1,0,0,0,1,1,0,0,0,0,0,0,1,0,0
ChIJyYFEQwD3qDsRVAzhnHYpivA,Atti Cafe,Saravanampatti,Coimbatore,11.082038,76.988152,Cafe & Beverages,Not disclosed,4.3,19,1,2.995732273553991,84.0,10.151577628856826,4.343805421853684,1,0,0,0,0,0,0,0,0,0,0,0,0,0,0,0,0,0,0,0,1,0,0
ChIJ0xyQQsf3qDsRVei7Reb2lSg,Selvi Bakery,Saravanampatti,Coimbatore,11.0824,76.987388,Bakery & Desserts,Mid,4.0,312,0,5.746203190540153,119.0,10.166559240254852,4.3694478524670215,1,0,0,1,0,0,1,0,1,0,0,0,0,0,0,0,0,1,0,1,1,0,0
ChIJkya0oQb3qDsRionR7iBkots,The Good Baker,Saravanampatti,Coimbatore,11.081493,76.98929,Bakery & Desserts,Not disclosed,4.8,258,1,5.556828061699537,87.5,10.130176067817372,4.382026634673881,1,0,0,0,0,0,0,0,0,0,0,0,0,0,0,0,0,0,0,0,1,1,0
ChIJa5H5qwlYqDsRZWo6YwOJl9c,L.J Iyyengars Cake Shop,Saravanampatti,Coimbatore,11.057012,76.995665,Bakery & Desserts,Not disclosed,4.4,638,1,6.459904454377535,91.0,7.883401265484587,4.2626798770413155,1,0,1,1,0,0,1,0,0,0,0,0,0,0,0,0,0,0,0,0,1,0,0
ChIJFVkhv0P3qDsR_2LAW5fJq34,The Baking Society - Keeranatham,Saravanampatti,Keeranatham,11.101913,76.992496,Bakery & Desserts,Mid,4.8,1377,1,7.228388451573604,70.0,12.405851061529104,4.04305126783455,1,1,0,1,1,1,1,0,1,1,0,0,1,0,0,0,1,1,0,0,1,0,0
ChIJfyEVD573qDsRZxuIRuN_QaE,Anbudan Bakes (Home baking),Saravanampatti,Coimbatore,11.085481,77.002829,Bakery & Desserts,Budget,5.0,56,1,4.04305126783455,87.0,11.070893393802626,3.970291913552122,1,0,1,1,1,0,1,0,1,0,0,0,0,0,0,0,0,0,0,0,0,0,0
ChIJJVbwsUL3qDsRozHFJHS5xP4,Ariya Bakery,Saravanampatti,Coimbatore,11.080615,77.004701,Bakery & Desserts,Not disclosed,4.4,168,1,5.1298987149230735,98.0,10.668242224922505,4.23410650459726,1,0,0,1,0,1,0,0,0,1,0,0,0,0,0,0,0,0,0,1,1,0,0
ChIJv18GNAxYqDsRF-gM8t9saho,Parsley bakery and cake shops,Saravanampatti,Coimbatore,11.054034,76.993986,Bakery & Desserts,Not disclosed,4.0,636,0,6.456769655572163,91.0,7.504972913926104,4.174387269895637,1,0,0,1,0,0,1,0,1,0,0,0,1,0,0,0,1,1,0,0,1,0,0
ChIJRye6DAD5qDsRrMMnH-pQcPs,Bakers Hunt,Saravanampatti,Coimbatore,11.06683,77.004002,Bakery & Desserts,Not disclosed,4.9,107,1,4.68213122712422,27.0,9.280387445986245,3.784189633918261,1,0,0,1,0,0,0,0,0,0,0,0,0,0,0,0,0,0,0,0,1,0,0
ChIJDVun8kT3qDsRyv72Xog5svo,FB Cakes,Chinnavedampatti,Coimbatore,11.083051,76.984451,Bakery & Desserts,Not disclosed,4.7,375,1,5.929589143389895,101.5,10.15194907139982,4.290459441148391,1,1,0,1,0,0,0,0,0,0,0,0,0,0,0,0,0,0,0,0,1,1,0
ChIJeSvaA0j3qDsRAFtcrVnoPcQ,Home Bakes,Saravanampatti,Coimbatore,11.072346,77.00886,Bakery & Desserts,Not disclosed,4.9,84,1,4.442651256490317,91.0,10.077960438151981,3.7376696182833684,1,0,1,1,0,0,1,0,1,0,0,0,0,0,0,0,0,0,0,0,1,0,0
ChIJ_5fmNbv3qDsRrhcg-vF1RPw,"ibaco - Saravanampatti, Coimbatore",Saravanampatti,Coimbatore,11.061212,76.998039,Bakery & Desserts,Not disclosed,4.5,365,1,5.902633333401366,84.0,8.417430011756483,4.2626798770413155,1,1,0,1,0,0,1,1,1,0,0,0,0,1,0,0,1,1,0,0,1,1,0
ChIJi-EeY-33qDsRtjIDDXCMSNI,Just Bake - Saravanampatti,Saravanampatti,Coimbatore,11.079724,76.998672,Bakery & Desserts,Not disclosed,4.2,236,1,5.4680601411351315,91.0,10.30242498520207,4.51085950651685,1,1,0,1,0,0,0,0,0,0,0,0,0,0,0,0,0,0,0,0,1,0,0
ChIJ91-vdPH3qDsRvjA939jfCac,Ragam cake shop,Saravanampatti,Coimbatore,11.075942,77.002489,Bakery & Desserts,Budget,4.1,2090,0,7.645397699428633,112.0,10.095475930922811,4.304065093204169,1,1,0,1,0,0,1,0,1,0,0,0,1,0,0,0,1,1,0,1,1,0,0
ChIJOwajTqf3qDsRh8_nrhsuH-U,ATM CAKES,Saravanampatti,Coimbatore,11.081334,76.990804,Bakery & Desserts,Not disclosed,4.6,231,1,5.44673737166631,91.0,10.164267711735565,4.356708826689592,1,0,0,1,0,0,0,0,0,0,0,0,0,0,0,0,0,0,0,0,1,0,0
ChIJtcUPJvD3qDsRT98Djs6SeWI,Nandy's Cafe & Cakes,Fathima Nagar,Coimbatore,11.083455,76.968671,Bakery & Desserts,Not disclosed,4.7,247,1,5.5134287461649825,91.0,9.912040839165247,1.791759469228055,1,0,0,1,0,0,0,0,0,0,0,0,0,0,0,0,0,0,0,0,1,0,0
ChIJ45sp-br3qDsRqwcB81dQ4TM,Athu's bakes and cakes ( Athuram home baker),Saravanampatti,Coimbatore,11.079414,76.98441,Bakery & Desserts,Premium,5.0,37,1,3.6375861597263857,74.0,9.759513314055866,4.276666119016055,1,0,1,1,1,0,1,0,1,0,0,0,0,0,0,0,0,0,0,0,1,0,0
ChIJSX1po5z3qDsRr3QKplm6EdY,Ragam Bakery Factory Outlet,Vinayagapuram,Coimbatore,11.064128,76.999999,Bakery & Desserts,Not disclosed,3.9,80,0,4.394449154672439,108.5,8.804430320069319,3.912023005428146,0,0,0,1,0,0,0,0,0,0,0,0,0,0,0,0,0,0,0,1,1,0,0
ChIJB-pFvp_3qDsRVEe-uO5BzU4,Riti Bakes,Saravanampatti,Keeranatham,11.101799,76.988884,Bakery & Desserts,Budget,3.9,2846,0,7.954021087278037,132.0,12.291569629736776,4.007333185232471,1,0,0,1,0,0,1,0,1,0,0,0,1,0,0,0,1,1,0,1,1,0,0
ChIJ-YVa75_3qDsRaGcyy-s0zXY,BHAVANI BAKERY,Saravanampatti,Keeranatham,11.102755,76.988668,Bakery & Desserts,Budget,4.1,102,0,4.634728988229636,168.0,12.389000944184284,3.9318256327243257,1,1,0,1,0,0,1,0,0,0,1,1,1,0,0,0,0,1,1,1,1,0,0
ChIJMyH1dNz3qDsRvCf0ncRt5qg,Sri Kumaran Mess,Saravanampatti,Coimbatore,11.067292,77.003011,Multi-cuisine / General,Not disclosed,3.8,422,0,6.0473721790462776,78.75,9.271424354213973,3.713572066704308,1,0,0,1,0,0,1,0,0,0,0,0,0,0,0,0,0,0,1,0,1,1,0
ChIJz6azDb_3qDsRDHOazirbsI4,Ayyanar Mess,Saravanampatti,Coimbatore,11.081645,76.984045,Multi-cuisine / General,Not disclosed,3.7,81,0,4.406719247264253,108.5,9.989507392485185,4.2626798770413155,0,0,0,0,0,0,0,0,0,0,0,0,0,0,0,0,0,0,0,1,1,0,0
ChIJu9JIjCD3qDsRfKKwTo0W45Q,SHREE LAKSHMI MESS,Saravanampatti,Coimbatore,11.074383,77.009053,Multi-cuisine / General,Budget,4.3,31,1,3.4657359027997265,112.0,10.283544936232351,4.07753744390572,1,0,0,1,0,0,1,0,1,0,0,0,1,1,0,0,0,0,0,1,1,0,0
ChIJr57ToiT3qDsRpRwXXGCIe9o,RR Mess (Rajarajeswari Foods),Saravanampatti,Keeranatham,11.101674,76.995258,Multi-cuisine / General,Not disclosed,3.7,337,0,5.823045895483019,112.0,12.466288733682994,4.060443010546419,1,1,0,1,0,0,0,0,0,0,0,0,0,0,0,0,0,0,0,1,1,0,0
ChIJlW8vXO33qDsR6hkBdPZMSLE,Susee Elite Mess,Saravanampatti,Coimbatore,11.060613,76.997696,Multi-cuisine / General,Budget,4.6,46,1,3.8501476017100584,84.0,8.341037912917997,4.2626798770413155,1,0,0,1,0,0,1,1,0,0,0,0,1,1,0,0,0,0,0,0,1,0,0
ChIJZUOvmjr3qDsR39IiXFI-Ziw,Ranjani Mess,Saravanampatti,Coimbatore,11.080153,76.99738,Multi-cuisine / General,Budget,4.2,235,1,5.4638318050256105,18.0,10.291645600719258,4.51085950651685,1,0,0,1,0,0,1,1,0,0,0,0,1,0,0,0,1,0,0,0,1,0,0
ChIJ2TnKFFdZqDsRm7h8JSgp1bc,Aachi Mess,Saravanampatti,Coimbatore,11.053871,76.994461,Multi-cuisine / General,Not disclosed,3.1,74,0,4.31748811353631,98.0,7.513776625208837,4.127134385045092,0,0,0,1,0,0,0,0,0,0,0,0,0,0,0,0,0,0,1,0,1,1,0
ChIJL3nAfSr4qDsRntJ58YIt8Sk,Kumaran Mess,Saravanampatti,Keeranatham,11.101535,77.010748,Multi-cuisine / General,Not disclosed,4.0,421,0,6.045005314036012,105.0,13.05339868321958,2.302585092994046,1,0,0,1,0,0,1,0,0,0,0,0,0,0,0,0,0,0,0,1,1,0,0
ChIJdfpJgnr5qDsRo-JsdGvRSis,Caiu mess,Saravanampatti,Keeranatham,11.102628,77.012112,Multi-cuisine / General,Not disclosed,4.5,90,1,4.51085950651685,21.0,13.22579629254403,2.302585092994046,1,0,0,1,0,0,0,0,0,0,0,0,0,0,0,0,0,0,0,0,1,0,0
ChIJ0-M8jxJYqDsRujWrFtnvQtA,Sudha Mess & catering Service,KK Nagar,Coimbatore,11.047306,76.98979,South Indian & Regional,Budget,4.3,615,1,6.423246963533519,90.0,6.629362205110398,3.9512437185814275,1,0,0,1,0,0,1,1,1,0,0,0,1,1,0,0,0,0,0,1,1,0,0
ChIJ1737Ze_3qDsRtgfcF90zaDU,Karaikudi Chetinadu Mess,Saravanampatti,Coimbatore,11.079586,77.000648,South Indian & Regional,Not disclosed,3.9,20,0,3.044522437723423,101.5,10.375486542088533,4.430816798843313,0,0,0,0,0,0,0,0,0,0,0,0,0,0,0,0,0,0,0,0,1,0,0
ChIJo1I3eoL3qDsRTHh8UaYzzXk,Ashwini Mess,Saravanampatti,Coimbatore,11.088165,77.007333,Multi-cuisine / General,Budget,3.7,39,0,3.6888794541139363,105.0,11.54868501475645,2.8903717578961645,1,0,0,1,0,0,1,1,0,0,0,0,1,0,0,0,0,0,0,1,1,0,0
ChIJ7zt4Pn73qDsRdSgOm3u2mY8,SRI DURGA MESS,Saravanampatti,Coimbatore,11.062728,76.99245,Multi-cuisine / General,Not disclosed,4.2,45,1,3.828641396489095,112.0,8.298930190435252,3.9889840465642745,0,0,0,0,0,0,1,1,0,0,0,0,1,0,0,0,1,0,0,1,1,0,0
ChIJM5sHwp_3qDsRK3Uc3V4aa-8,Divya Mess,Saravanampatti,Keeranatham,11.102688,76.988814,Multi-cuisine / General,Not disclosed,3.6,145,0,4.983606621708336,96.0,12.385608373773737,3.9318256327243257,0,0,0,0,0,0,1,1,1,0,0,0,1,0,0,0,0,0,1,1,1,0,0
ChIJ3X0eoXn3qDsRJZ5pW3F_M_Y,SALEM VS BIRIYANI,Saravanampatti,Keeranatham,11.101837,76.989696,Multi-cuisine / General,Not disclosed,4.4,267,1,5.5909869805108565,84.0,12.31758454662286,3.9889840465642745,1,0,0,0,0,0,0,0,0,0,0,0,0,0,0,0,0,0,0,0,1,0,0
ChIJe5Gf2MX3qDsRkHsnAQ1iwD8,Central Biryani,Saravanampatti,Coimbatore,11.079319,76.999764,Multi-cuisine / General,Budget,3.6,132,0,4.890349128221754,112.0,10.308893386706377,4.418840607796598,1,0,0,0,0,0,1,1,1,0,0,0,0,1,0,0,0,1,1,0,1,1,0
ChIJtaZ13g33qDsRbVkt_UB-avA,Elite Delight Biryani,Saravanampatti,Coimbatore,11.067346,77.001962,Biryani & Non-veg,Budget,4.3,310,1,5.739792912179234,54.0,9.221151417122613,3.713572066704308,1,0,0,1,0,0,1,1,1,1,0,0,1,1,0,0,1,1,0,0,1,0,0
ChIJxR1aw_P3qDsR0KU-1bGKmjw,Hyderabad Biriyani Hut,Saravanampatti,Coimbatore,11.077222,77.002844,Biryani & Non-veg,Not disclosed,3.5,1448,0,7.278628942320682,95.5,10.240238430639703,4.276666119016055,1,0,0,1,0,1,1,0,0,1,0,0,0,0,0,0,0,0,1,1,1,0,0
ChIJc14JFsj3qDsRgDwo7V7q7mI,Seeraga Samba Biriyani,Saravanampatti,Coimbatore,11.083807,76.984903,Multi-cuisine / General,Mid,4.7,175,1,5.170483995038151,87.0,10.245649470984079,4.276666119016055,1,0,1,1,1,0,1,0,1,1,1,1,1,1,0,0,0,1,0,0,0,0,0
ChIJd0HEpL_3qDsRJm4_gT5Remo,Kovai Kabab,Saravanampatti,Coimbatore,11.082949,76.985132,Biryani & Non-veg,Not disclosed,4.3,1406,1,7.249215057114389,84.0,10.159654254725416,4.343805421853684,1,0,0,1,0,0,1,0,0,0,0,0,0,0,0,0,0,0,0,0,1,0,0
ChIJizqABQD3qDsRI_wxqvf-V-4,KR Corporate foods,Saravanampatti,Coimbatore,11.081517,76.990255,Biryani & Non-veg,Not disclosed,4.5,205,1,5.327876168789581,105.0,10.164855168658715,4.394449154672439,1,1,0,1,0,0,0,0,0,0,0,0,0,0,0,0,0,0,1,0,1,0,0
ChIJkblQJABZqDsRvzMMMN45sBo,MMA Ambur biriyani point,Saravanampatti,Coimbatore,11.056479,76.995791,Multi-cuisine / General,Budget,4.5,31,1,3.4657359027997265,80.5,7.8378561091603975,4.2626798770413155,1,0,0,1,1,1,1,1,1,1,0,0,1,1,0,0,0,1,0,0,1,0,0
ChIJa-3YRgD3qDsRudpjaC7nnlA,Hotel sathar rowthar Biriyani (HSR),Saravanampatti,Coimbatore,11.080813,76.993889,Multi-cuisine / General,Budget,3.7,227,0,5.429345628954441,73.5,10.221182354351614,4.454347296253507,0,0,0,1,0,0,1,1,1,0,0,0,1,0,0,0,1,1,0,0,1,0,0
ChIJq5yrfFT3qDsRVKEx7JiJja4,Midnight biriyani,Saravanampatti,Coimbatore,11.085543,76.998969,South Indian & Regional,Not disclosed,4.1,21,0,3.091042453358316,87.0,10.912013623869008,4.23410650459726,1,0,0,1,0,0,0,0,0,0,0,0,0,0,0,0,0,0,0,0,0,0,0
ChIJ7cETWZL3qDsRJaQzAd-hdA4,SS BIRYANI HOUSE,Saravanampatti,Coimbatore,11.083344,76.982525,Biryani & Non-veg,Mid,3.9,13,0,2.639057329615259,77.0,10.133635721669933,4.143134726391533,1,1,0,1,1,0,1,0,1,1,0,0,1,1,0,0,0,1,1,1,1,0,0
ChIJwwFyMwD3qDsRi1f5SjMN730,The Aahara,Saravanampatti,Coimbatore,11.061944,76.998826,Vegetarian,Not disclosed,4.6,155,1,5.049856007249537,112.0,8.52993627408351,4.219507705176107,1,0,0,1,0,0,0,0,0,0,0,0,0,0,0,0,0,0,0,1,1,0,0
ChIJq2GwK1X3qDsRqbLQK2ztIS8,Hotel Shree Lakshmi,Saravanampatti,Coimbatore,11.082778,77.006256,Vegetarian,Not disclosed,4.0,976,0,6.884486652042782,108.5,10.959135796069674,4.07753744390572,0,0,0,0,0,0,1,0,0,0,0,0,0,0,0,0,0,0,0,1,1,0,0
ChIJWy2eaAlYqDsRJEa1J4PR_gE,Annapoorana - Prozone Mall,Saravanampatti,Coimbatore,11.055649,76.993916,Multi-cuisine / General,Mid,4.1,4050,0,8.30671904320269,81.0,7.660033423758781,4.1588830833596715,1,0,0,1,0,0,1,1,1,0,1,0,1,1,0,1,1,1,0,0,1,0,0
ChIJx6i9WOz3qDsRMx32RvB1la0,Sree aksshayam-Saravanampatti,Saravanampatti,Coimbatore,11.074231,77.002515,Vegetarian,Not disclosed,3.6,569,0,6.345636360828596,117.0,9.926669714726073,4.2626798770413155,1,0,0,1,0,0,1,0,0,0,0,0,0,0,0,1,0,0,0,1,1,0,0
ChIJ4dk4ohn3qDsR95KPvzmldrU,Annam Iyarkai Unavakam & Wah Wah Saravanampatti,Saravanampatti,Coimbatore,11.083393,76.978865,Multi-cuisine / General,Mid,4.7,498,1,6.212606095751519,42.0,10.055636822877016,3.7612001156935624,1,0,0,1,0,1,1,1,1,1,1,0,1,1,1,1,1,1,0,0,1,0,1
ChIJM_gmAPH3qDsRKx0LQhTwwc4,Guru Amuthas,Saravanampatti,Coimbatore,11.073595,77.001762,South Indian & Regional,Budget,3.7,5171,0,8.551014739891748,112.0,9.826527259488397,4.304065093204169,0,0,0,1,0,0,1,1,1,0,1,0,1,1,1,0,1,1,0,1,1,0,1
ChIJTzaHOr73qDsRen9aKzLPzmE,Shri Aakarshna,Saravanampatti,Coimbatore,11.081987,76.988225,Multi-cuisine / General,Not disclosed,3.8,126,0,4.844187086458591,108.5,10.148441961944691,4.356708826689592,1,0,0,0,0,0,1,0,0,0,0,0,0,0,0,1,0,0,0,1,1,0,0
ChIJIWtpuLj3qDsRmY5rYGrF5gI,AMMAIYAPPA RESTAURANT,Saravanampatti,Coimbatore,11.066429,77.000833,Vegetarian,Not disclosed,4.0,285,0,5.655991810819852,115.5,9.072744735173053,3.6635616461296463,1,0,0,1,0,0,1,0,0,0,0,0,0,0,0,0,0,0,0,1,1,0,0
ChIJ008vUfr3qDsR0LTPT_ctSrI,"Hotel Aryaas, Saravanampatti",Saravanampatti,Coimbatore,11.068537,77.002357,South Indian & Regional,Budget,3.9,3674,0,8.209308411646937,112.0,9.358052458186908,3.6635616461296463,0,0,0,1,0,0,1,1,1,0,1,0,1,1,0,0,1,1,0,1,1,1,1
ChIJ66gndwD3qDsR3VtUmEkeXkw,The South Indian Cafe,Saravanampatti,Coimbatore,11.082671,76.986671,Vegetarian,Budget,4.3,392,1,5.973809611869261,119.0,10.17400870576055,4.3694478524670215,1,1,0,1,1,0,1,0,1,0,1,0,1,1,0,0,1,1,0,1,1,0,1
ChIJ6_14GgD3qDsR8W8OCOSiR80,Quicker by Anandhaas,Saravanampatti,Coimbatore,11.081372,76.991152,Multi-cuisine / General,Budget,3.9,369,0,5.91350300563827,112.0,10.180327218639963,4.382026634673881,0,0,0,0,0,0,1,0,1,0,1,0,1,1,0,0,1,1,0,1,1,0,1
ChIJH1TJpJ33qDsRd30VpAHukmY,Sharma Punjabi Restaurant,Saravanampatti,Keeranatham,11.101847,76.993753,North Indian & Global,Not disclosed,4.0,1078,0,6.983789965258135,75.5,12.437039782452732,4.060443010546419,0,0,0,1,0,0,1,0,0,0,0,0,0,0,0,0,0,0,1,0,1,0,0
ChIJZdNCsKj3qDsRTnRBqNQmn6s,Attil,Saravanampatti,Coimbatore,11.082075,76.987585,Multi-cuisine / General,Not disclosed,4.0,321,0,5.7745515455444085,108.5,10.137900822488072,4.356708826689592,1,0,0,1,0,0,1,0,0,0,0,0,0,0,0,0,0,0,0,1,1,0,0
ChIJfQlFOtv3qDsRQh8TkuLC8fQ,"Burmese Treats, Saravanampatty",Saravanampatti,Coimbatore,11.080704,76.993708,North Indian & Global,Not disclosed,4.2,253,1,5.537334267018537,66.5,10.202972293134168,4.454347296253507,1,1,0,1,0,1,1,0,0,1,0,0,0,0,0,0,0,0,0,0,1,0,0
ChIJWS96X6j3qDsR5tzjgK0WGms,Ar-Raheem Restaurant,Saravanampatti,Coimbatore,11.079177,77.002161,Multi-cuisine / General,Premium,4.2,43,1,3.784189633918261,101.5,10.403612598187815,4.356708826689592,1,0,0,1,0,0,1,0,0,0,0,0,0,1,0,0,0,0,1,0,1,0,0
ChIJp1YbNVj5qDsR0PK5Gtx4gLA,Aradhanas Restaurant,Saravanampatti,Coimbatore,11.094477,77.014679,Multi-cuisine / General,Mid,4.4,53,1,3.9889840465642745,73.5,12.53590917682986,2.833213344056216,1,0,0,1,0,0,1,0,0,0,0,0,1,1,0,0,0,1,0,0,1,0,0
ChIJl6_ncQD3qDsRKzFK3d8L3kE,Saral Restaurant,Saravanampatti,Coimbatore,11.101761,76.989167,Multi-cuisine / General,Not disclosed,4.0,17,0,2.8903717578961645,108.0,12.29504771738013,4.007333185232471,1,0,0,0,0,0,0,0,0,0,0,0,0,0,0,0,0,0,1,0,1,0,0
ChIJRVQyWQD3qDsRD4D_6YiqY-g,CCB Multi Cuisine Restaurant A/C,Saravanampatti,Coimbatore,11.082044,76.988239,Multi-cuisine / General,Not disclosed,4.1,12,0,2.5649493574615367,66.0,10.154951315185972,4.356708826689592,1,0,0,0,0,0,1,0,1,0,0,0,1,1,0,0,1,1,0,0,1,0,0
ChIJx4NPgY33qDsRbWkCid9Wa6E,Divya Chettinadu Mess & Bakery,Saravanampatti,Coimbatore,11.080889,76.993702,Multi-cuisine / General,Not disclosed,3.5,229,0,5.438079308923196,101.5,10.222052125897225,4.465908118654584,0,0,0,1,0,0,1,0,0,0,0,0,0,0,0,0,0,0,0,0,1,0,0
ChIJVwuFQgD3qDsRc0FXYchW8JM,Hotel Annalakahmi Chettinad,Vinayagapuram,Coimbatore,11.064935,77.000641,Multi-cuisine / General,Mid,4.4,49,1,3.912023005428146,68.5,8.916768817254706,3.828641396489095,0,0,0,1,0,0,1,0,0,0,0,0,1,1,0,0,0,0,0,0,1,0,0
ChIJz2ztbzJZqDsROeWlU6Unqn8,Hotel Kannappa,Ganapathy,Coimbatore,11.041526,76.982635,South Indian & Regional,Not disclosed,4.0,2694,0,7.899153483343097,80.5,5.709514693220634,4.143134726391533,1,0,0,1,0,0,1,0,0,0,0,0,0,0,0,0,0,0,0,0,1,0,0
ChIJTURXY2P5qDsRHECTW_t4L-U,Kuttippa Nattukoli Manpaanai Virundhu,Saravanampatti,Coimbatore,11.095366,77.016468,Multi-cuisine / General,Premium,4.4,1129,1,7.029972911706386,84.0,12.714676750047584,2.772588722239781,1,0,0,1,0,0,1,1,1,0,1,1,1,1,1,0,1,1,0,0,1,0,0
ChIJ0xPNTAD3qDsREF6ynQFxiiw,Chennai Thalappakattu biriyani,Saravanampatti,Coimbatore,11.085543,77.006688,South Indian & Regional,Budget,2.7,29,0,3.4011973816621555,87.0,11.255662378490753,3.7612001156935624,0,0,0,0,0,0,1,1,0,0,0,0,1,1,0,0,0,1,0,0,0,0,0
ChIJy8L6sur3qDsR-rE-FLgJ150,Chennai Thalapakattu Dum Biryani,Chinnavedampatti,Coimbatore,11.083017,76.984738,Biryani & Non-veg,Not disclosed,3.8,173,0,5.159055299214529,84.0,10.156096524949538,4.31748811353631,0,0,0,1,0,0,0,0,0,0,0,0,0,0,0,0,0,0,0,0,1,0,0
ChIJd4TkexD3qDsR3RBEqGrM43o,Le Hive Lounge & Kitchen,Saravanampatti,Coimbatore,11.079396,77.000224,Multi-cuisine / General,Not disclosed,4.5,385,1,5.955837369464831,84.0,10.337194419244419,4.430816798843313,1,1,0,1,0,1,1,1,1,1,1,0,1,0,0,0,1,1,1,0,1,0,0
ChIJjzevAY35qDsRbyXT8NPk8Ao,On The Rocks,Villankurichi,Coimbatore,11.067543,77.021327,Multi-cuisine / General,Not disclosed,4.6,1555,1,7.349873704738337,87.5,10.419412711912186,3.044522437723423,1,0,0,1,0,1,1,0,0,1,0,0,0,0,0,0,0,0,1,0,1,0,0
ChIJ81lsKQD3qDsREa6dYodfydg,Vaigai Spice club,Saravanampatti,Keeranatham,11.098806,76.988812,Multi-cuisine / General,Premium,4.4,41,1,3.7376696182833684,73.5,11.967136884467555,4.060443010546419,1,0,0,1,0,1,1,1,1,1,1,1,1,1,0,0,1,1,0,0,1,0,0
ChIJsYcMjRv5qDsRt8rDfscZnK4,Anandham Restaurant,Vinayagapuram,Coimbatore,11.064937,77.014667,South Indian & Regional,Mid,4.2,406,1,6.008813185442595,80.5,9.745149144482411,3.4339872044851463,1,0,0,1,0,0,1,1,1,0,1,0,1,1,0,0,1,1,0,0,1,1,0
ChIJVzoDpu73qDsRbX8fLTaZtak,The Hunters Kitchen,Saravanampatti,Coimbatore,11.08181,76.983904,Biryani & Non-veg,Not disclosed,4.5,36,1,3.6109179126442243,77.0,10.003495801159577,4.219507705176107,1,0,0,1,0,0,0,0,0,0,0,0,0,0,0,0,0,0,0,0,1,0,0
ChIJt1lt7HH3qDsRX4XbOizUBUQ,Meat Mr. Dosa,Saravanampatti,Coimbatore,11.081004,76.99303,South Indian & Regional,Not disclosed,4.1,130,0,4.875197323201151,39.0,10.209023875348914,4.418840607796598,1,0,0,1,0,0,0,0,0,0,0,0,0,0,0,0,0,0,0,0,1,0,0
ChIJUY8mFQD3qDsRn8zwotZ7H-k,Thennan Cholai,Chinnavedampatti,Coimbatore,11.083474,76.972657,South Indian & Regional,Premium,4.2,917,1,6.822197390620491,84.0,9.958411693969742,2.5649493574615367,1,0,0,1,0,1,1,1,1,1,1,1,1,1,1,1,1,1,0,0,1,0,0
ChIJDaPaJxr3qDsRkqUElkvs8AE,Street Prasadam,Saravanampatti,Coimbatore,11.036597,76.969845,Multi-cuisine / General,Mid,4.8,23,1,3.1780538303479458,95.0,4.759951034007038,3.9318256327243257,1,0,0,1,0,0,1,1,1,1,0,0,1,1,0,0,0,1,0,1,1,0,0
ChIJoYmYbXL7qDsRM8h59uf41r4,Chinese Wok,Saravanampatti,Coimbatore,11.055608,76.99398,North Indian & Global,Not disclosed,4.2,167,1,5.123963979403259,84.0,7.6592340496640405,4.1588830833596715,1,1,0,1,0,1,0,0,0,1,0,0,0,0,0,0,0,0,0,0,1,1,0
ChIJS4SHezFYqDsRKhOBH_CuDSE,The Cascade,Peelamedu,Coimbatore,11.021295,76.995091,North Indian & Global,Not disclosed,4.3,3902,1,8.269500767180615,49.0,4.725877627960091,4.2626798770413155,1,0,0,1,0,1,1,0,0,1,0,0,0,0,0,0,0,0,0,0,1,0,0
ChIJmcMVken3qDsR4UYCwMZgUek,Pandiyanadu Restaurant,Saravanampatti,Coimbatore,11.060093,76.997474,South Indian & Regional,Not disclosed,3.5,1105,0,7.00850518208228,98.0,8.278650385428428,4.276666119016055,1,0,0,1,0,1,1,0,0,1,0,0,0,0,0,0,0,0,1,0,1,0,0
ChIJLbZlskdXqDsREr1_yrI9q4E,Chinese Wok,Hope College,Coimbatore,11.026466,77.01963,North Indian & Global,Mid,4.1,388,0,5.963579343618446,102.0,7.276678825706778,5.081404364984463,1,1,0,1,0,1,1,1,1,1,0,0,1,1,0,0,1,1,1,0,1,1,0
ChIJzyNWeYv3qDsR1qHnNM5HHnM,Bamboo Paradaise Restaurant,Saravanampatti,Keeranatham,11.101754,76.991926,Multi-cuisine / General,Mid,3.9,79,0,4.382026634673881,77.0,12.371951293154797,4.04305126783455,1,0,0,0,0,0,1,1,1,0,0,0,1,1,0,0,1,1,0,0,1,0,0
ChIJXy5CaQlYqDsRh_UasQ8Qj5Y,"Domino's Pizza | Prozone Mall, Coimbatore",Saravanampatti,Coimbatore,11.05487,76.99396,Fast food & Quick bites,Not disclosed,3.9,806,0,6.693323668269949,77.0,7.585626791858472,4.174387269895637,1,1,0,1,0,0,1,0,0,0,0,0,0,0,0,0,0,0,0,0,1,1,0
ChIJN6wCc6xZqDsRLJSsMRuNpJM,Zomibi Gourmet Pizza | saravanampatti,Saravanampatti,Coimbatore,11.07986,77.002483,Fast food & Quick bites,Not disclosed,4.5,135,1,4.912654885736052,84.0,10.487290212535754,4.343805421853684,1,1,0,1,0,1,0,0,0,1,0,0,0,0,0,0,0,0,0,0,1,0,0
ChIJZ_Z7aAlYqDsR9jQ0Pc-m9ig,"Pizza Hut | Prozone Mall, Coimbatore",Saravanampatti,Coimbatore,11.055935,76.993969,Fast food & Quick bites,Not disclosed,4.7,1198,1,7.089243155027514,84.0,7.6909013853580985,4.1588830833596715,1,1,0,1,0,1,1,0,0,1,0,0,0,0,0,0,0,0,0,0,1,1,0
ChIJj_v9DPVZqDsRX7iNUdPYrbY,Pizza Time,Saravanampatti,Coimbatore,11.077824,76.969142,Fast food & Quick bites,Budget,4.3,62,1,4.143134726391533,44.75,9.292580888129907,1.791759469228055,1,0,0,1,1,0,1,1,1,0,0,0,1,1,0,0,1,1,0,0,1,0,0
ChIJZZ8I4GxYqDsREa6d4_vpcuw,"Domino's Pizza | Ganapathy, Coimbatore",Ganapathy,Coimbatore,11.045072,76.98592,Fast food & Quick bites,Not disclosed,3.5,1794,0,7.492760300922379,84.0,6.217661430822548,3.912023005428146,1,1,0,1,0,0,1,0,0,0,0,0,0,0,0,0,0,0,0,0,1,1,0
ChIJ0VoqxBtXqDsR9wcvwP88Wg0,Fryizza Bites,Cheran ma Nagar,Coimbatore,11.057025,77.014911,North Indian & Global,Mid,4.4,220,1,5.3981627015177525,77.0,9.071469791801853,3.8712010109078907,1,0,0,1,0,0,1,1,1,0,0,0,1,1,0,0,1,1,0,0,1,0,0
ChIJvXN9AvP3qDsRV-BJbzy4vVk,MI Pizza | மை பிட்ஸா,Saravanampatti,Coimbatore,11.079668,77.001816,Fast food & Quick bites,Not disclosed,3.9,930,0,6.836259277277067,84.0,10.437022166027976,4.430816798843313,1,1,0,1,0,1,1,0,0,1,0,0,0,0,0,0,0,0,0,0,1,0,0
ChIJXUpiBfP3qDsRds0C84cCr7A,ice cream shop,Chinnavedampatti,Coimbatore,11.067937,76.969118,Bakery & Desserts,Not disclosed,4.0,1129,0,7.029972911706386,87.0,8.198092203007095,0.6931471805599453,1,0,0,0,0,0,1,0,0,0,0,0,0,0,0,0,0,0,0,0,0,0,0
ChIJS26fNzD3qDsRvJC88S0hoLQ,The Village Express -nonveg,Saravanampatti,Coimbatore,11.082979,77.005504,Multi-cuisine / General,Mid,4.7,78,1,4.3694478524670215,105.0,10.942787739865457,4.0943445622221,1,0,0,1,0,0,1,0,1,0,1,0,1,1,0,0,1,1,0,0,1,0,0
ChIJw9OPIAn7qDsRXyFgid8MPsM,STREET OF ARABIA,Saravanampatti,Coimbatore,11.055541,76.993856,Fast food & Quick bites,Not disclosed,3.5,359,0,5.886104031450156,84.0,7.646357342343194,4.1588830833596715,1,1,0,1,0,0,0,0,0,0,0,0,0,0,0,0,0,0,0,0,1,0,0
ChIJI-sAWzL3qDsR2ChMkD7xw6w,ZWARMA by CORNER CUISINE,Saravanampatti,Coimbatore,11.080226,76.997215,Fast food & Quick bites,Mid,3.8,256,0,5.54907608489522,70.0,10.29229660470403,4.51085950651685,1,1,0,1,0,0,1,1,1,0,0,0,1,1,0,0,0,1,0,0,1,0,0
ChIJWdFFJvb3qDsR_8kvYm4PvG0,The Professors kitchen shawarma shop Coimbatore,Saravanampatti,Coimbatore,11.083136,76.982704,Fast food & Quick bites,Not disclosed,4.9,58,1,4.07753744390572,42.0,10.115587658410242,4.143134726391533,1,0,0,1,0,0,1,0,0,0,0,0,0,0,0,0,0,0,0,0,1,0,0
ChIJh9bUGTz3qDsR7-Ha5t5LlFo,Sri Agnihotra shawarma & BBQ ( food truck ),Saravanampatti,Coimbatore,11.080379,77.004438,Biryani & Non-veg,Not disclosed,4.7,32,1,3.4965075614664802,35.0,10.632010703083948,4.248495242049359,1,0,0,1,0,0,0,0,0,0,0,0,0,0,0,0,0,0,0,0,1,0,0
ChIJNy3-SdL3qDsRy3ZvG01jZmc,Arab Skew,Saravanampatti,Coimbatore,11.079212,77.002217,Fast food & Quick bites,Mid,3.3,113,0,4.736198448394496,77.0,10.409744664934657,4.356708826689592,0,0,0,1,0,0,1,1,1,0,0,0,1,1,1,0,1,1,0,0,1,0,0
ChIJxai4VGr3qDsR0jLTPoFEvpU,SHAW KINGZ,Saravanampatti,Coimbatore,11.08145,76.990243,Fast food & Quick bites,Not disclosed,3.4,12,0,2.5649493574615367,49.0,10.157366085753896,4.406719247264253,1,0,0,0,0,0,0,0,0,0,0,0,0,0,0,0,0,0,0,0,1,0,0
ChIJL2mPgdFXqDsRtMF-sSNdz5s,ARABIAN KNIGHTS,Cheran ma Nagar,Coimbatore,11.054182,77.020388,Fast food & Quick bites,Mid,4.0,210,0,5.351858133476067,87.0,9.238122480677195,3.6109179126442243,0,0,0,1,0,0,1,1,1,0,0,0,1,1,0,0,1,1,0,0,0,1,0
ChIJkxy6fWxXqDsRGu9q4msw9c0,Vanithamani Mess,Agraharam,Singanallur,11.000611,77.030266,Multi-cuisine / General,Budget,4.4,10,1,2.3978952727983707,9.0,7.546577803750812,4.23410650459726,0,0,0,1,0,0,1,1,0,0,0,0,1,0,0,0,0,0,0,0,1,0,0
ChIJ4VftRQBXqDsR54DEMaeZe0c,SREE SELVEES MESS,Lakshmipuram,Coimbatore,11.021676,77.018081,Multi-cuisine / General,Budget,4.8,68,1,4.23410650459726,112.0,6.880356197125965,5.10594547390058,1,0,0,1,0,0,1,0,0,0,0,0,1,1,0,0,0,0,0,1,1,0,0
ChIJx8UTcBP3qDsRL133m-agrrw,"Rooster Cafe - Saravanampatti, Coimbatore",Saravanampatti,Coimbatore,11.082942,76.984196,Cafe & Beverages,Not disclosed,4.1,45,0,3.828641396489095,91.0,10.13333879750365,4.2626798770413155,1,0,0,1,0,0,0,0,0,0,0,0,0,0,0,0,0,0,0,0,1,0,0
ChIJk7OS2UlXqDsRa2gTQ0DmC0I,Venkateshwara Mess and Catering Services,ELGI Nagar,Vellalur,10.979771,77.033266,Multi-cuisine / General,Not disclosed,4.0,473,0,6.161207321695077,78.0,8.016079237801298,3.4011973816621555,0,0,0,1,0,0,1,0,0,0,0,0,0,0,0,0,0,0,0,0,1,0,0
ChIJ02mgHn1XqDsRpEg3mPxV8J8,Gounder Mess,Rajiv Gandhi Nagar,Coimbatore,11.006564,77.013032,Multi-cuisine / General,Mid,3.5,253,0,5.537334267018537,112.0,5.790610309839928,3.970291913552122,0,0,0,1,0,0,1,1,0,0,0,0,1,0,0,0,0,0,0,1,1,1,0
ChIJb-2Jl6dZqDsRrsbCa9cUypk,Balaji Mess veg & Non veg,Singanallur,Coimbatore,11.028179,77.001374,Multi-cuisine / General,Budget,4.3,122,1,4.812184355372417,87.0,5.742627084591573,4.2626798770413155,1,0,0,1,0,0,1,0,0,0,0,0,0,1,0,0,0,0,0,0,0,0,0
ChIJbyk9hSpXqDsR383I2vLk_ns,Shanthi Social Service canteen - Singanallur,Neelikonampalayam,Neelikonampalayam,11.003358,77.039189,South Indian & Regional,Not disclosed,4.8,9706,1,9.180602553712227,71.75,8.546515775299643,4.0943445622221,0,1,0,1,0,0,1,0,0,0,0,0,0,0,0,1,0,0,0,1,1,0,0
ChIJqeVJdVlXqDsRQA3nWJtqmOg,Kovai Kongu Mess,Singanallur,Coimbatore,11.002877,77.028419,Biryani & Non-veg,Not disclosed,4.7,19,1,2.995732273553991,94.0,7.372956145491859,4.330733340286331,1,1,0,0,0,0,1,0,0,0,0,0,0,0,0,1,0,0,1,0,1,0,0
ChIJRWdlzW1XqDsR75b6R3ecw5s,Sri Karpagam Mess,Singanallur,Singanallur,11.002996,77.028366,Fast food & Quick bites,Not disclosed,3.0,16,0,2.833213344056216,85.5,7.368879634740614,4.330733340286331,0,0,0,1,0,0,0,0,0,0,0,0,0,0,0,0,0,0,0,0,1,0,0
ChIJy_DkJ51XqDsR4J4PLYFcw-o,Friends Chettinadu Mess,post,Coimbatore,11.018989,77.022663,South Indian & Regional,Not disclosed,3.3,124,0,4.8283137373023015,108.5,7.215828102271397,4.812184355372417,1,0,0,1,0,0,1,0,0,0,0,0,0,0,0,0,0,0,0,1,1,0,0
ChIJl0oaOZtXqDsRMs8gA_kg5DI,Amman Mess,Hope College,Coimbatore,11.023472,77.022852,Multi-cuisine / General,Not disclosed,4.1,51,0,3.9512437185814275,94.5,7.4361293045765615,4.990432586778736,0,0,0,1,0,0,0,0,0,0,0,0,0,0,0,0,0,0,0,0,1,1,0
ChIJgVfw29xZqDsRf5dbil7LmIs,Thirupathi Mess,Sowripalayam Pirivu,Coimbatore,10.996344,76.999889,South Indian & Regional,Budget,4.1,3451,0,8.146709052203319,94.5,4.205687699387659,4.465908118654584,1,1,0,1,0,0,1,1,1,0,0,0,1,1,0,0,1,1,0,1,1,0,0
ChIJzT-nTdFZqDsRQZCHOBBsUoY,Sri Thirupathi Chettinadu Mess,Udayampalayam,Coimbatore,11.009195,77.00444,South Indian & Regional,Budget,3.9,80,0,4.394449154672439,90.0,4.970287346884318,3.6375861597263857,1,0,0,1,0,1,1,0,1,0,0,0,0,0,0,0,0,1,0,0,1,0,0
ChIJVVVlVS5YqDsRT8Et0H5SjAY,SRI AMMAN MESS,Peelamedu,Coimbatore,11.02352,77.001386,Multi-cuisine / General,Not disclosed,3.8,223,0,5.4116460518550396,84.0,5.421182797105978,4.3694478524670215,1,1,0,1,0,1,1,0,0,1,0,0,0,0,0,0,0,0,1,0,1,0,0
ChIJF2_2L65ZqDsRzhpVJNc3NTs,Polar Bear Ice Cream Sundaes - Saibaba Colony,Saibaba Colony,Coimbatore,11.025291,76.939457,Bakery & Desserts,Not disclosed,4.6,1541,1,7.340835554123275,84.0,4.16924792607399,5.0369526024136295,1,1,0,1,1,0,1,1,1,0,0,0,1,1,0,0,1,1,0,0,1,1,0
ChIJV-gxJQBZqDsRL6znuncm4Aw,Boomerang Ice Cream,Saibaba Colony,Coimbatore,11.019666,76.939662,Bakery & Desserts,Not disclosed,4.9,39,1,3.6888794541139363,101.5,3.6603550107297806,4.919980925828125,1,0,0,1,0,0,0,0,0,0,0,0,0,0,0,0,0,0,1,0,1,1,0
ChIJ3fhc1OJZqDsRVCCgOgr77lY,Friday Ice Cream,Saibaba Colony,Coimbatore,11.024407,76.939535,Bakery & Desserts,Not disclosed,4.9,58,1,4.07753744390572,66.0,4.084200157337245,5.017279836814924,1,0,0,1,0,0,0,0,0,0,0,0,0,0,0,0,0,0,1,0,1,0,0
ChIJ8aUyNzZZqDsR8p28f_uNZEc,L'affinage (Formerly Dumont),Saibaba Colony,Coimbatore,11.02603,76.941457,Cafe & Beverages,Mid,4.7,1594,1,7.374629015218945,69.5,4.117307999812652,5.043425116919247,1,0,0,1,0,0,1,0,1,1,0,1,1,1,0,0,1,1,0,0,1,0,0
ChIJOxoAqlNZqDsRM_xn1sXY-74,Waffles and Cream,Saibaba Colony,Coimbatore,11.02524,76.946109,Bakery & Desserts,Budget,4.6,972,1,6.880384082186005,84.0,3.793843734167478,5.0106352940962555,1,0,0,1,0,0,1,0,1,0,0,0,1,1,0,0,1,1,1,0,1,0,0
ChIJZVlhhthZqDsRvWo294CHS8g,Cream Stone Saibaba colony,Saibaba Colony,Coimbatore,11.025507,76.936151,Bakery & Desserts,Not disclosed,4.8,297,1,5.697093486505405,88.0,4.405203007071623,4.61512051684126,1,1,0,1,0,1,0,0,0,1,0,0,0,0,0,0,0,0,1,0,1,0,0
ChIJA5ngOilZqDsRkBcfEsItxKA,Icespot Coimbatore,Saibaba Colony,Coimbatore,11.026065,76.943454,Bakery & Desserts,Not disclosed,4.5,84,1,4.442651256490317,90.0,4.009741817086951,5.087596335232384,1,0,0,1,0,0,1,0,1,0,0,0,0,1,0,0,1,1,0,0,1,0,0
ChIJU0fk4UFZqDsRQddw_VzA4o0,Cream and Fudge,Kuppakonam Pudur,Coimbatore,11.02598,76.941475,Bakery & Desserts,Not disclosed,4.0,39,0,3.6888794541139363,105.0,4.111550384722121,5.043425116919247,1,1,0,1,0,0,0,0,0,0,0,0,0,0,0,0,0,0,1,0,1,1,0
ChIJGxkXVuhYqDsR4AW8o-p7MWg,Arun Ice-Creams,Saibaba Colony,Coimbatore,11.025857,76.940682,Bakery & Desserts,Not disclosed,4.3,322,1,5.777652323222656,87.5,4.146511154542065,5.049856007249537,0,0,0,1,0,0,1,0,0,0,0,0,0,0,0,0,0,0,0,0,1,1,0
ChIJKcVE8UxZqDsRX-8pePpds3g,FruitSticks,Saibaba Colony,Coimbatore,11.02584,76.946197,Bakery & Desserts,Not disclosed,4.8,12,1,2.5649493574615367,84.0,3.8497191708802108,4.990432586778736,1,0,0,0,0,0,0,0,0,0,0,0,0,0,0,0,0,0,0,0,1,1,0
ChIJv6-FiQ1ZqDsRzNKUmkGr4is,Ca Sa Taa,Saibaba Colony,Coimbatore,11.022947,76.944254,Bakery & Desserts,Not disclosed,4.8,106,1,4.672828834461906,84.0,3.6657535687704,5.093750200806762,1,0,0,1,0,0,1,0,1,0,0,0,0,1,0,0,1,1,0,0,1,0,0
ChIJyytadPxZqDsR3Ta7qYQH548,Richy Rich,Saibaba Colony,Coimbatore,11.025617,76.946105,Bakery & Desserts,Not disclosed,4.2,605,1,6.406879986069314,84.0,3.8317240005916116,5.003946305945459,1,0,0,1,0,0,1,1,1,0,1,0,1,1,0,0,1,1,0,0,1,0,0
ChIJac7RxStZqDsRpFvK63YoOEo,Ice Bay Popsicles Saibaba Colony,Saibaba Colony,Coimbatore,11.026815,76.947382,Bakery & Desserts,Not disclosed,5.0,14,1,2.70805020110221,86.0,3.895224204253593,4.955827057601261,1,1,0,0,0,0,1,0,1,0,0,0,0,1,0,0,1,1,1,0,1,0,0
ChIJLykE-HZZqDsRzxC-KKH6Z6k,Bombay Kulfi Ice Creams Saibaba colony,Saibaba Colony,Coimbatore,11.020283,76.93969,Bakery & Desserts,Not disclosed,4.7,110,1,4.709530201312334,77.0,3.7109091370935383,4.9344739331306915,1,1,0,1,0,0,0,0,0,0,0,0,0,0,0,0,0,0,0,0,1,0,0
ChIJ9_yYCFFZqDsR75OWZ8Y38iY,The Fruit Creamery,Saibaba Colony,Coimbatore,11.02152,76.938766,Bakery & Desserts,Not disclosed,4.5,143,1,4.969813299576001,70.0,3.8811737506956043,4.941642422609304,1,1,0,1,0,1,0,0,0,1,0,0,0,0,0,0,0,0,0,0,1,0,0
ChIJQ2s-sm5ZqDsRLFSRGD7fGOE,Baskin Robbins,Saibaba Colony,Coimbatore,11.025454,76.939498,Bakery & Desserts,Not disclosed,4.1,83,0,4.430816798843313,105.0,4.181536305219627,5.0369526024136295,1,1,0,1,0,0,0,0,0,0,0,0,0,0,0,0,0,0,1,0,1,1,0
ChIJx08CRuhYqDsR_DhwwJEWFUI,"ibaco - Saibaba Colony, Coimbatore",Kuppakonam Pudur,Coimbatore,11.025522,76.936963,Bakery & Desserts,Not disclosed,4.3,654,1,6.484635235635252,84.0,4.351624556633059,4.727387818712341,1,1,0,1,0,0,1,1,1,0,0,0,0,1,0,0,1,1,0,0,1,1,0
ChIJGSFWNBb3qDsRpGggBWNgroY,Juicebox,Saravanampatti,Coimbatore,11.101663,76.995025,Cafe & Beverages,Not disclosed,3.9,117,0,4.770684624465665,80.5,12.457606504928956,4.060443010546419,1,0,1,1,0,0,0,0,0,0,0,0,0,0,0,0,0,0,0,0,1,0,0
ChIJyVDDKpX3qDsRpD3byqWYM6k,Mario Juicy,Saravanampatti,Coimbatore,11.081594,76.989855,Cafe & Beverages,Not disclosed,4.3,3431,1,8.140898460607852,97.33333333333333,10.159566973564717,4.418840607796598,0,0,0,1,0,0,1,0,0,0,0,0,0,0,0,0,0,0,0,0,1,1,0
ChIJge_TR1dZqDsRNQpxSutlny0,The Maple Waffle,Kuppakonam Pudur,Coimbatore,11.025965,76.941429,Bakery & Desserts,Not disclosed,4.5,34,1,3.5553480614894135,105.0,4.112793860594152,5.043425116919247,1,1,0,1,0,0,1,0,1,0,0,0,1,0,0,1,1,1,1,0,1,1,0
ChIJW8bQmdn3qDsRTsfX-VrhwMA,JuicyFi,Saravanampatti,Coimbatore,11.10339,76.988919,Cafe & Beverages,Budget,5.0,16,1,2.833213344056216,98.0,12.464125198175765,3.9318256327243257,1,0,0,1,0,0,1,0,0,0,0,0,0,1,0,0,0,0,0,0,1,0,0
ChIJqcLOGwD3qDsRmrAgKVf29eE,FRUITBAE® | Saravanampatti | Coimbatore,Saravanampatti,Coimbatore,11.081591,76.99024,Bakery & Desserts,Not disclosed,4.5,188,1,5.241747015059643,81.75,10.172172268825893,4.394449154672439,1,0,0,1,0,0,0,0,0,0,0,0,0,0,0,0,0,0,1,0,1,0,0
ChIJRYcF71f3qDsRG_UYm5tAHY4,Juice world Saravanampatty,Saravanampatti,Coimbatore,11.076776,77.002664,Cafe & Beverages,Budget,4.2,98,1,4.59511985013459,84.0,10.187070741301898,4.290459441148391,1,0,0,1,0,1,1,1,1,1,1,1,1,1,0,0,1,1,0,0,1,0,1
ChIJAVExHvpZqDsRz0aQwAr5Tgw,SRI KALYANI JUICE CORNER AND AGENCY,Saravanampatti,Coimbatore,11.057019,76.995852,Cafe & Beverages,Not disclosed,4.3,12,1,2.5649493574615367,87.0,7.893788079768374,4.23410650459726,1,0,0,1,0,0,0,0,0,0,0,0,0,0,0,0,0,0,0,0,0,0,0
ChIJ7c9cPbf3qDsRoLOW4vk7JyA,DUBAI CAFETERIA - coimbatore,Saravanampatti,Coimbatore,11.079271,77.002218,Cafe & Beverages,Not disclosed,4.5,17,1,2.8903717578961645,69.0,10.415720971883564,4.356708826689592,1,0,0,1,0,0,1,0,1,0,0,0,0,1,0,0,0,1,0,0,1,0,0
ChIJiXNLyzj5qDsRjRzbxwHLRbw,5G Juice,Villankurichi,Coimbatore,11.072957,77.016775,Cafe & Beverages,Budget,5.0,49,1,3.912023005428146,105.0,10.603758317577523,3.2188758248682006,1,0,0,1,0,0,1,0,1,0,0,0,0,1,0,0,0,0,0,0,1,0,0
ChIJofrFPrRZqDsReFxJKAqKDMc,Seasons - Prozone Mall,Saravanampatti,Coimbatore,11.055785,76.994025,Cafe & Beverages,Mid,3.2,87,0,4.477336814478207,77.0,7.678947111897636,4.174387269895637,0,0,0,1,0,0,1,0,1,0,0,0,0,1,0,1,1,1,0,0,1,0,0
ChIJCyq_EQBZqDsRCxVzBMkF8vk,Velan cafe,Saravanampatti,Coimbatore,11.041279,76.983049,Cafe & Beverages,Not disclosed,4.8,20,1,3.044522437723423,66.0,5.702998513853782,4.0943445622221,0,0,0,0,0,0,0,0,0,0,0,0,0,0,0,0,0,0,0,0,1,0,0
ChIJLc5dMUf3qDsR1SBhfWLzsc8,Last bencher cafe,Saravanampatti,Coimbatore,11.073867,76.985339,Cafe & Beverages,Not disclosed,4.8,31,1,3.4657359027997265,84.0,9.193164462382292,3.6109179126442243,1,0,0,1,0,0,0,0,0,0,0,0,0,0,0,0,0,0,0,0,1,0,0
ChIJ8VzJWIP3qDsRPL7NMa9Ea0E,Drunken Monkey,Saravanampatti,Coimbatore,11.080715,76.993543,Cafe & Beverages,Mid,4.2,124,1,4.8283137373023015,94.5,10.197911484162855,4.477336814478207,1,1,0,1,0,0,1,1,1,0,0,0,0,1,0,0,1,1,1,0,1,1,0
ChIJL2iLq4v3qDsRAX6SmBqwv00,Scoop & Snack (IcePole),Saravanampatti,Coimbatore,11.081028,76.993033,Bakery & Desserts,Not disclosed,4.9,88,1,4.48863636973214,91.0,10.211646041402346,4.418840607796598,1,0,1,1,0,0,0,0,0,0,0,0,0,0,0,0,0,0,0,0,1,0,0
ChIJH1F5KPBZqDsRqSa5Ct_Zi-U,"Frozen Bottle - Milkshakes, Desserts And Ice Cream",Saravanampatti,Coimbatore,11.054631,76.994128,Bakery & Desserts,Not disclosed,4.8,204,1,5.3230099791384085,91.0,7.570792777685758,4.189654742026425,1,1,0,1,0,0,0,0,0,0,0,0,0,0,0,0,0,0,0,0,1,0,0
ChIJ6cyR8pn3qDsRgUbA5FNCt9E,Creamy Crush,Saravanampatti,Coimbatore,11.079688,77.00244,Bakery & Desserts,Not disclosed,4.8,44,1,3.8066624897703196,84.0,10.46799568000258,4.343805421853684,1,1,0,1,0,0,1,1,0,0,1,1,1,1,0,0,1,1,0,0,1,0,0
ChIJ8dT0gfD3qDsRt4uXMLwoSTI,Bon Bon Ice Cream,Saravanampatti,Coimbatore,11.070984,77.001964,Bakery & Desserts,Not disclosed,4.3,1112,1,7.014814351275545,91.0,9.578068403092438,4.143134726391533,1,1,0,1,0,0,1,1,1,0,1,0,1,1,0,1,1,1,0,0,1,0,1
ChIJhd3dzp_3qDsR4Ek3X-Rt1ro,Peni Ice Candy Saravanampatti,Saravanampatti,Coimbatore,11.081937,76.98805,Bakery & Desserts,Not disclosed,4.7,24,1,3.2188758248682006,77.0,10.137622676182248,4.343805421853684,1,1,0,1,0,0,0,0,0,0,0,0,0,0,0,0,0,0,0,0,1,0,0
ChIJ5_kat-r3qDsRHuo4PXvcfM4,Happy Ending Ice creams - Saravanampatti,Saravanampatti,Coimbatore,11.056072,76.995557,Bakery & Desserts,Not disclosed,4.8,212,1,5.3612921657094255,84.0,7.785897439268757,4.23410650459726,1,0,0,0,0,0,1,1,1,0,0,0,0,1,0,0,1,1,0,0,1,1,0
ChIJddpjCW33qDsR-jAGO0kcw2o,Chill & Swirl,Saravanampatti,Coimbatore,11.084437,76.981513,Bakery & Desserts,Not disclosed,4.8,199,1,5.298317366548036,66.5,10.227749180137335,3.9889840465642745,1,0,1,1,0,1,1,0,0,1,0,0,0,0,0,0,0,0,0,0,1,0,0
ChIJ2St2Fs33qDsRALm09kXMsL8,Cream and Fudge,Saravanampatti,Coimbatore,11.079424,77.002205,Bakery & Desserts,Not disclosed,4.6,324,1,5.783825182329737,91.0,10.430495411103232,4.3694478524670215,1,1,0,1,0,0,0,0,0,0,0,0,0,0,0,0,0,0,1,0,1,1,0
ChIJTUQ1SwD3qDsRgcoZZxo2afo,Icespot,Chinnavedampatti,Coimbatore,11.08134,76.990343,Bakery & Desserts,Not disclosed,4.9,23,1,3.1780538303479458,91.0,10.149129201673746,4.394449154672439,0,1,0,0,0,0,1,0,0,0,0,0,1,1,0,0,0,0,0,0,1,0,0
ChIJI5VKLLz3qDsRWut2sGRvTfY,The Frozen Stick - Saravanampatti,Saravanampatti,Coimbatore,11.079266,77.002219,Bakery & Desserts,Not disclosed,4.8,26,1,3.295836866004329,36.0,10.415265115029982,4.356708826689592,0,0,1,0,0,0,1,0,1,0,0,0,0,1,0,0,0,1,0,0,1,0,0
ChIJfRMwUwD3qDsREIQdrJYc1Pk,Boomerang Ice creams,Saravanampatti,Coimbatore,11.083409,76.981563,Bakery & Desserts,Not disclosed,4.4,156,1,5.056245805348308,98.0,10.117320511326028,4.110873864173311,1,0,0,1,0,0,0,0,0,0,0,0,0,0,0,0,0,0,1,0,1,0,0
ChIJfUx-_TT3qDsRVWkkhOfnxYk,Madurai Famous Jigarthanda LLP - Since 1977,Saravanampatti,Coimbatore,11.079204,77.002216,Bakery & Desserts,Not disclosed,4.8,86,1,4.465908118654584,73.5,10.40889399847997,4.356708826689592,1,1,0,0,1,0,1,0,1,0,1,0,1,1,0,0,0,1,1,0,1,1,0
ChIJ76Dcu1L3qDsR3gL0nMrT-RU,Scandy - Ice Candy - Saravanampatti,Saravanampatti,Coimbatore,11.079676,76.998915,Bakery & Desserts,Not disclosed,4.9,26,1,3.295836866004329,91.0,10.308026767851537,4.499809670330265,1,1,0,1,0,0,0,0,0,0,0,0,0,0,0,0,0,0,0,0,1,1,0
ChIJEZNH3ZVZqDsRVSNeKclRiEQ,"Boomerang, Prozone Mall, Saravanampatti",Saravanampatti,Coimbatore,11.055308,76.994034,Bakery & Desserts,Not disclosed,4.1,116,0,4.762173934797756,84.0,7.632453603134915,4.1588830833596715,0,0,0,0,0,0,1,0,0,0,0,0,0,0,0,0,0,0,0,0,1,1,0
ChIJYY4lQj35qDsR_Ik0do02cCI,Bellmont Ice Cream,Vinayagapuram,Coimbatore,11.063028,77.011423,Bakery & Desserts,Not disclosed,4.7,44,1,3.8066624897703196,87.5,9.364907393714022,3.4657359027997265,1,1,0,0,0,0,1,0,0,0,0,0,0,1,0,0,0,0,0,0,1,0,0
ChIJZz5F2r73qDsR92GdgGCoUEc,Amul Ice Cream Parlour,Saravanampatti,Coimbatore,11.083342,76.982511,Multi-cuisine / General,Not disclosed,4.3,189,1,5.247024072160486,80.5,10.13307164554444,4.143134726391533,1,0,0,1,0,0,1,1,1,0,0,0,1,1,0,0,1,1,0,0,1,1,0
ChIJRaoSPU5XqDsRZ8lY1FhxNgI,Hotel Sri Arumugaa’s - Pure Vegetarian,Reliance Garden,Coimbatore,11.001373,77.029461,Multi-cuisine / General,Budget,3.8,24,0,3.2188758248682006,108.5,7.4671190138521855,4.276666119016055,1,0,0,1,0,0,1,1,1,0,0,0,1,1,0,0,0,0,0,1,1,0,1
ChIJHQpMQBf3qDsRC-F-UFtd3n0,Mumbai Kulfi,Saravanampatti,Coimbatore,11.079612,76.999875,Bakery & Desserts,Not disclosed,4.4,190,1,5.25227342804663,80.5,10.343584914341308,4.430816798843313,0,1,0,1,0,0,1,0,0,0,0,0,0,0,0,0,0,0,1,0,1,1,0
ChIJ8a8ibahXqDsRHUa1yUwH8To,RHR Drive In,Chellandy Amman Nagar,Singanallur,10.998956,77.021005,Vegetarian,Not disclosed,3.6,1944,0,7.573017256052546,112.0,6.5240789543411495,3.912023005428146,1,0,0,1,0,0,1,0,0,0,0,0,0,0,0,0,0,0,0,1,1,0,0
ChIJ0XLpdWxXqDsRWTHi4IMdDNo,Anandha,Agraharam,Coimbatore,11.000431,77.02931,Vegetarian,Budget,3.5,274,0,5.616771097666572,105.0,7.440874995425256,4.248495242049359,1,0,0,1,0,0,1,1,1,0,0,0,1,1,0,0,0,1,0,1,1,0,1
ChIJtwUtOmxXqDsReS8agRwfh-k,Surya Vegetarian,TNHB Housing Unit,Singanallur,11.001938,77.028571,Vegetarian,Not disclosed,4.1,11,0,2.4849066497880004,126.0,7.37715227034171,4.304065093204169,0,0,0,1,0,0,1,1,1,0,0,0,1,1,0,0,0,0,0,1,1,0,1
ChIJtQWSFHtXqDsRAoIbGThbzus,Hotel Pasiyaaru,Sakkarai Chetiyar Colony,Singanallur,11.006713,77.026401,South Indian & Regional,Not disclosed,4.1,123,0,4.820281565605037,73.5,7.221686974532892,4.2626798770413155,0,0,0,1,0,0,0,0,0,0,0,0,0,0,0,0,0,0,0,0,1,0,0
ChIJLUAkHHFXqDsRyVP5sZDhlxo,Sri Lakshmi Narayana,Varadharajapuram,Coimbatore,11.008159,77.025397,Multi-cuisine / General,Budget,4.2,1118,1,7.020190708311925,96.0,7.146220355498151,4.174387269895637,0,0,0,1,0,0,1,1,1,0,0,0,1,1,0,0,0,0,0,1,1,0,0
ChIJl2jyWBBXqDsRL1lRhpERkpQ,Todays Bhavan& todayscatering,Vivekanandha Nagar,Singanallur,11.003231,77.042718,Multi-cuisine / General,Budget,3.9,331,0,5.805134968916488,112.0,8.927786214019669,4.23410650459726,1,0,0,1,0,0,1,1,1,0,1,0,1,1,0,0,1,0,0,1,1,0,1
ChIJ0ft_mDNXqDsRI4YlFUEWDMo,Padayal NO OIL NO BOIL Restaurant,Ramasamy Nagar,Coimbatore,11.017519,77.025301,Multi-cuisine / General,Not disclosed,4.5,592,1,6.385194398997726,87.0,7.425781703201134,4.204692619390966,1,0,0,1,0,0,1,0,0,0,0,0,0,0,0,0,0,0,0,0,0,0,0
ChIJXwOthWxXqDsRuKYkr6c38zo,The Kovai Kitchen - Garden Restaurant,Lakshmipuram,Coimbatore,11.015217,77.023439,Multi-cuisine / General,Not disclosed,4.3,106,1,4.672828834461906,119.0,7.149103846796537,4.110873864173311,1,0,0,1,0,0,1,0,0,0,0,0,0,0,0,1,0,0,1,1,1,0,0
ChIJ43yVOGxXqDsR9nsda2dCbag,HOTEL GAYATHIRI,Singanallur,Singanallur,11.001794,77.029066,Multi-cuisine / General,Not disclosed,2.8,84,0,4.442651256490317,112.0,7.4291143339238,4.290459441148391,0,0,0,1,0,0,1,0,0,0,0,0,0,0,0,0,0,0,0,1,1,0,0
ChIJGdPZNgtXqDsRmNYpxj37MfQ,Huracan cafe,Peelamedu,Coimbatore,11.025719,77.017976,Cafe & Beverages,Budget,4.8,22,1,3.1354942159291497,80.0,7.078573820674443,5.123963979403259,1,0,0,0,0,0,1,0,0,0,0,0,1,1,0,0,0,1,0,0,1,0,0
ChIJl2962stXqDsRvjC3_DWCxV0,CARDIFF CAFE CODDISIA,Sivasakthi Nagar,Coimbatore,11.040482,77.023894,Cafe & Beverages,Not disclosed,4.5,1034,1,6.942156705699469,84.0,8.517863617203735,1.3862943611198906,1,1,0,1,0,1,1,0,0,1,0,0,0,0,0,0,0,0,1,0,1,0,0
ChIJlz3OvN5XqDsR2rmVANhYnfM,Cafe D - Peelamedu,Peelamedu,Coimbatore,11.021935,77.011024,Cafe & Beverages,Mid,4.4,43,1,3.784189633918261,84.0,6.210964805283679,4.812184355372417,1,1,0,1,0,1,1,0,1,1,0,0,1,1,0,0,0,1,0,0,1,0,0
ChIJg0RP_IRXqDsRz10m8gsahhY,High For This,PKD Nagar,Coimbatore,11.02573,77.014049,Cafe & Beverages,Mid,4.4,1257,1,7.1372784372603855,77.0,6.708556406556334,5.14166355650266,1,1,0,1,0,1,1,1,1,1,1,0,1,1,0,0,1,1,0,0,1,0,0
ChIJq64-S1NXqDsRp66KEvr4FMQ,High on Coffee,Civil Aerodrome Post,Coimbatore,11.030489,77.027311,Cafe & Beverages,Mid,4.5,217,1,5.384495062789089,84.0,8.22673952822021,3.8501476017100584,1,1,0,1,0,0,1,1,1,1,1,0,1,1,0,0,1,1,0,0,1,0,0
ChIJwx3jXoVXqDsRoH8-GGuElDM,Café Tango,B.R. Puram Industrial Estate,Coimbatore,11.030738,77.016788,Cafe & Beverages,Not disclosed,4.8,226,1,5.424950017481403,78.0,7.259110574881785,4.9344739331306915,1,0,0,1,0,1,0,0,0,1,0,0,0,0,0,0,0,0,0,0,1,0,0
ChIJqc4BZmdXqDsR_qI9jZuNmG4,HUB HOUSE CAFE,Argus Nagar,Coimbatore,11.025204,77.017271,North Indian & Global,Not disclosed,4.4,168,1,5.1298987149230735,140.0,6.983467119123165,5.111987788356544,1,0,0,1,0,1,1,0,0,1,0,0,0,0,0,1,0,0,1,1,1,0,0
ChIJfYGSwmpZqDsRCSfLwL7TUPM,Martram's The South Indian Coffee House - Peelamedu,Peelamedu,Coimbatore,11.024695,77.006958,Cafe & Beverages,Budget,4.7,307,1,5.730099782973575,91.0,5.993750297074499,4.477336814478207,1,1,0,1,0,0,1,0,1,0,0,0,1,1,0,0,0,1,0,1,1,1,0
ChIJQVsl-2dXqDsRdRJ0OM1_-vo,ZOCA Cafe,Masakalipalayam,Coimbatore,11.022157,76.999483,Cafe & Beverages,Not disclosed,4.4,2363,1,7.768110378525988,84.0,5.164068209248887,4.394449154672439,1,0,0,1,0,1,1,0,0,1,0,0,0,0,0,0,0,0,1,0,1,0,0
ChIJqQOqFN5XqDsRv_6USVhzXSs,Lee Cafe,Hope College,Coimbatore,11.024617,77.019029,Multi-cuisine / General,Budget,4.7,194,1,5.272999558563747,84.0,7.120815974295276,5.093750200806762,1,0,0,1,0,0,1,1,1,1,1,1,1,1,0,0,1,1,0,0,1,0,0
ChIJo6Sl4stZqDsRCG6CmwnvtDw,D' Grove Cafe,Lal Bahadhur Colony,Coimbatore,11.02737,76.994766,Cafe & Beverages,Budget,4.7,74,1,4.31748811353631,84.0,5.151758374920558,4.143134726391533,1,0,0,1,0,0,1,0,1,0,0,0,1,1,0,0,0,1,0,0,1,0,0
ChIJ-2USlj1XqDsR1M0g1k5r8Hw,Black Door Cafe,Hopes,Coimbatore,11.025612,77.014411,Cafe & Beverages,Not disclosed,4.7,220,1,5.3981627015177525,84.0,6.735707086007927,5.159055299214529,0,0,0,1,0,1,0,0,0,1,0,0,0,0,0,0,0,0,0,0,1,0,0
ChIJm3BiWwBZqDsRVaGIHJidC88,The Chill Break Cafe,Peelamedu,Coimbatore,11.029244,77.002082,Cafe & Beverages,Not disclosed,4.7,56,1,4.04305126783455,84.0,5.878465172111751,4.1588830833596715,1,0,1,0,0,0,0,0,0,0,0,0,0,0,0,0,0,0,0,0,1,0,0
ChIJ09IaeQBXqDsRZdWfRJVmFjc,CUPELLO CAFE,Hope College,Coimbatore,11.025052,77.017879,Cafe & Beverages,Budget,4.9,116,1,4.762173934797756,91.0,7.0333400394752585,5.099866427824199,1,0,0,1,1,0,1,1,1,1,0,0,1,1,0,0,1,1,1,0,1,0,0
ChIJnYeqz1JZqDsRXPSk_FMMhI4,Yaakai cafe,Peelamedu,Coimbatore,11.024651,77.006913,Cafe & Beverages,Not disclosed,4.7,139,1,4.941642422609304,133.0,5.986944277876027,4.477336814478207,1,0,0,1,0,1,0,0,0,1,0,0,0,0,0,0,0,0,1,1,1,0,0
ChIJB-SpHgBXqDsR-i_MWIbrLUY,Blue moon cafe,Hope College,Coimbatore,11.025,77.016779,Cafe & Beverages,Budget,4.9,10,1,2.3978952727983707,48.0,6.925524495889443,5.111987788356544,0,0,0,0,0,0,1,0,0,0,0,0,1,1,0,0,0,1,0,0,1,0,0
ChIJA8qJ-dBZqDsRhwqS0YjyAao,Cafe Locus,Coimbatore,Coimbatore,11.018573,76.991386,Cafe & Beverages,Premium,4.7,647,1,6.473890696352274,80.5,4.221146721070901,4.3694478524670215,1,0,0,1,0,0,1,1,0,1,1,1,1,1,1,0,1,1,0,0,1,0,0
ChIJWVTIIipZqDsRC-QiLEwhmVY,Trick or treat cafe,Coimbatore,Coimbatore,11.024891,77.006983,Cafe & Beverages,Not disclosed,4.5,88,1,4.48863636973214,69.0,6.008203624463495,4.465908118654584,1,0,0,1,0,1,0,0,0,1,0,0,0,0,0,0,0,0,0,0,1,0,0
ChIJvbQIX1VZqDsRxfV2te9oUHo,Tapriwala Peelamedu,Masakalipalayam,Coimbatore,11.018953,77.004037,Cafe & Beverages,Not disclosed,4.4,306,1,5.726847747587197,58.0,5.384309394024858,4.430816798843313,1,0,1,1,0,1,0,0,0,1,0,0,0,0,0,0,0,0,0,0,1,0,0
ChIJ7Vy8i8pXqDsRjr1HgylP49c,BH Cafe,Anna Nagar,Coimbatore,11.023427,77.013475,Multi-cuisine / General,Premium,4.5,91,1,4.5217885770490405,72.0,6.525456053866978,5.087596335232384,1,1,0,1,0,0,1,1,1,0,1,1,1,1,0,0,1,1,0,0,1,0,0
ChIJhxrVZmNZqDsRLVrwLDLHWdA,The Living Room Coimbatore,Peelamedu,Coimbatore,11.021105,76.994932,Multi-cuisine / General,Not disclosed,4.6,3004,1,8.008032846969307,77.0,4.699107630021909,4.2626798770413155,1,1,0,1,0,1,1,0,0,1,0,0,0,0,0,1,0,0,0,0,1,0,0
ChIJv_wt1ohXqDsRj_6WxTz7rHI,Tandura Rooftop Grill,Sri Lakshmi Nagar,Coimbatore,11.033256,77.015897,Multi-cuisine / General,Mid,4.6,38,1,3.6635616461296463,168.0,7.338704624012017,4.532599493153256,1,1,0,1,0,0,1,0,1,0,1,0,1,1,0,0,1,1,1,1,1,0,0
ChIJVeQy7PxZqDsRYR4hZ-uhmhU,Pillar 129 | Multicuisine Restaurant,Peelamedu,Coimbatore,11.025094,77.01332,Bakery & Desserts,Premium,4.4,3655,1,8.204124932574041,80.5,6.603941481707015,5.123963979403259,1,1,0,1,1,1,1,1,1,1,1,0,1,1,1,1,1,1,0,0,1,0,0
ChIJCRb2R8NZqDsROwZ-7FQSCGM,The Side Dish Company,Peelamedu,Coimbatore,11.026063,77.001188,South Indian & Regional,Not disclosed,4.1,208,0,5.342334251964811,112.0,5.5766902082878875,4.330733340286331,1,0,0,1,0,0,1,0,0,0,0,0,0,0,0,1,0,0,1,0,1,0,0
ChIJ57VCCTFYqDsRovMM1nE3DUE,Haribhavanam Hotel - Peelamedu,Peelamedu,Coimbatore,11.022426,76.995797,South Indian & Regional,Not disclosed,4.3,16152,1,9.689861069913759,82.25,4.865076845717232,4.23410650459726,1,1,0,1,0,1,1,0,0,1,0,0,0,0,0,0,0,0,0,0,1,1,0
ChIJF57_MwBZqDsRNfBkKkgqIDk,NAALVAR KITCHEN,Peelamedu,Coimbatore,11.028537,76.999864,Multi-cuisine / General,Not disclosed,4.9,35,1,3.58351893845611,77.0,5.644960538391125,4.248495242049359,0,0,0,0,0,0,0,0,0,0,0,0,0,0,0,0,0,0,0,0,1,0,0
ChIJ2wWWq7RXqDsRDFsy98mVyVU,Lord of The Drinks Coimbatore,Masakalipalayam,Coimbatore,11.021293,76.998228,North Indian & Global,Not disclosed,4.7,1634,1,7.399398083331354,91.0,4.996807269722872,4.31748811353631,1,1,0,1,1,1,1,1,1,1,1,1,1,1,1,1,1,1,1,0,1,0,0
ChIJTV_WBfJZqDsREafqsaML9I8,Ammulus Restaurant,Illango Nagar,Coimbatore,11.027528,76.991837,South Indian & Regional,Budget,4.4,97,1,4.584967478670572,63.0,4.943947323486635,3.8712010109078907,1,0,0,1,0,0,1,1,1,0,0,0,1,1,0,0,1,1,0,0,1,0,0
ChIJRdLqs7VZqDsRVsosB0IKd-g,Nagerkovil Arya Bhavan,Masakalipalayam,Coimbatore,11.021644,76.996098,South Indian & Regional,Mid,4.2,10211,1,9.231318778361375,117.25,4.835933217677485,4.248495242049359,1,1,0,1,0,0,1,1,1,1,1,0,1,1,0,1,1,1,0,1,1,0,1
ChIJQdrcQYRXqDsR87_wO0VcoEk,Velan Chettinadu Mess,Hope College,Coimbatore,11.023051,77.017823,South Indian & Regional,Not disclosed,3.8,3810,0,8.24564690087386,105.0,6.923545998524839,5.087596335232384,1,0,0,1,0,1,1,0,0,1,0,0,0,0,0,0,0,0,0,1,1,0,0
ChIJS6wYl_dZqDsRlEtVyWLW-7A,Vedha's Kitchen,Masakalipalayam,Coimbatore,11.022085,76.99866,Vegetarian,Not disclosed,4.8,127,1,4.852030263919617,63.0,5.087227366731646,4.465908118654584,1,0,0,1,0,0,0,0,0,0,0,0,0,0,0,0,0,0,0,0,1,0,0
ChIJI4-EYYdXqDsRGfSr20hOLns,Burmy Food,Periyar Nagar,Coimbatore,11.023188,77.010527,Multi-cuisine / General,Budget,4.2,1695,1,7.4360278163518485,35.0,6.233589881201599,4.804021044733257,1,1,0,1,0,0,1,1,1,1,1,1,1,1,0,0,1,1,0,0,1,0,0
ChIJqUi6-ihYqDsRo4Cj6Qw_TJI,Hidden Fork Bistro.Pizzeria Coimbatore,Peelamedu,Coimbatore,11.024627,77.006947,North Indian & Global,Not disclosed,4.2,2103,1,7.651595573857601,84.0,5.988535741180254,4.477336814478207,1,0,0,1,0,1,1,0,0,1,0,0,0,0,0,0,0,0,0,0,1,0,0
ChIJj_gRd1BZqDsRxU8AIn_NcS4,Pirates Bar & Kitchen,Masakalipalayam,Coimbatore,11.021801,76.998701,Multi-cuisine / General,Premium,4.8,1007,1,6.915723448631314,91.0,5.071911851588372,4.477336814478207,1,1,0,1,1,1,1,1,0,1,1,0,1,0,0,0,1,1,1,0,1,0,0
ChIJGxIi4NBZqDsRoh_t04tq7GU,City cake house,Peelamedu,Coimbatore,11.027863,77.001478,Bakery & Desserts,Not disclosed,5.0,14,1,2.70805020110221,168.0,5.728508444000908,4.2626798770413155,1,0,0,0,0,0,1,0,1,0,1,0,0,0,0,0,0,0,1,1,1,0,0
ChIJV7-QRgBZqDsRfHMeCKDrrRc,The Baking Society - Peelamedu,Masakalipalayam,Coimbatore,11.019559,77.003672,Bakery & Desserts,Not disclosed,4.8,756,1,6.6293632534374485,77.0,5.384329451217308,4.454347296253507,1,1,0,1,0,1,0,0,0,1,0,0,0,0,0,0,0,0,0,0,1,0,0
ChIJmwJlO61XqDsRm5VkOUTkNlQ,Surprise Cakes Coimbatore,Peelamedu,Coimbatore,11.041876,77.000843,Bakery & Desserts,Not disclosed,4.9,560,1,6.329720905522696,168.0,6.794676793300793,2.4849066497880004,1,0,1,1,0,0,1,0,0,0,0,0,0,0,0,1,0,0,1,1,1,0,0
ChIJWx_otIRXqDsRTF1cK6_1iIM,Harisri Bakery,Hope College,Coimbatore,11.023019,77.021807,Bakery & Desserts,Not disclosed,4.3,1976,1,7.589335823170617,168.0,7.311505359746814,4.990432586778736,1,0,0,1,0,0,1,0,0,0,0,0,0,0,0,0,0,0,1,1,1,0,0
ChIJm0u12ShYqDsRRmRoQ3DFVXA,Caramel New English Bakes,Peelamedu,Coimbatore,11.024056,77.005609,Bakery & Desserts,Budget,4.1,1311,0,7.179307969504034,94.5,5.831975239373959,4.430816798843313,1,1,0,1,0,0,1,0,1,0,1,1,1,0,0,0,1,1,0,0,1,0,0
ChIJD_RNhyZYqDsR1G6g3vbgkWc,S S BAKES,VOC Colony,Coimbatore,11.030612,77.006645,Bakery & Desserts,Budget,4.0,255,0,5.545177444479562,168.0,6.357855154903569,3.9889840465642745,1,0,0,1,0,0,1,0,1,0,0,0,0,0,0,0,0,0,1,1,1,0,0
ChIJJ-Hb-y5YqDsRme-JQIFsWL4,NM Bakery,Peelamedu,Coimbatore,11.02331,77.002202,Bakery & Desserts,Budget,4.0,674,0,6.51471269087253,126.0,5.479504430623043,4.477336814478207,0,0,0,1,0,0,1,0,1,0,0,0,1,0,0,0,1,0,0,1,1,0,0
ChIJr_81RI1XqDsR7U9jRWOPYg4,Ver - Artisanal Bakehouse,Argus Nagar,Coimbatore,11.024544,77.015502,Bakery & Desserts,Not disclosed,5.0,27,1,3.332204510175204,80.5,6.7791697731696035,5.19295685089021,1,0,1,1,0,0,0,0,0,0,0,0,0,0,0,0,0,0,0,0,1,0,0
ChIJI7-Ji_RXqDsROdB51T7m6ek,Live Cakes,Avinasi,Coimbatore,11.025768,77.018532,Bakery & Desserts,Not disclosed,4.8,1446,1,7.277247726631484,98.0,7.13422159775835,5.117993812416755,1,0,0,1,0,1,1,0,0,1,0,0,0,0,0,0,0,0,0,0,1,0,0
ChIJkbcwSDpYqDsRLyMG2aOCRN0,Aasai Bakery,Illango Nagar,Coimbatore,11.028318,76.994671,Bakery & Desserts,Not disclosed,3.8,868,0,6.767343125265392,119.0,5.219624993290173,4.060443010546419,1,0,0,1,0,0,1,0,0,0,0,0,0,0,0,0,0,0,0,1,1,0,0
ChIJ_59oc4VXqDsRLGfZKszowF8,JR Cakes & Bakes - Chat Corner and Chinese,Hope College,Coimbatore,11.025984,77.019457,Bakery & Desserts,Budget,3.9,1180,0,7.074116816197362,105.0,7.23419023247339,5.093750200806762,1,0,0,1,0,0,1,0,1,0,0,0,1,0,0,0,1,1,0,0,1,0,0
ChIJownQmgUHqTsRbOIBue3y1YE,Cakes & Cookies,Peelamedu,Coimbatore,11.042199,77.012912,Bakery & Desserts,Premium,5.0,136,1,4.919980925828125,87.5,7.7216234211119295,3.367295829986474,1,0,0,1,0,0,1,0,1,0,0,0,0,0,0,0,1,1,0,0,1,0,0
ChIJLaQJktJZqDsRQc-uI6dds1s,Ragam bakery,Lal Bahadhur Colony,Coimbatore,11.027482,76.994943,Bakery & Desserts,Not disclosed,4.0,314,0,5.752572638825633,100.8,5.174225721964031,4.127134385045092,0,0,0,1,0,0,1,0,0,0,0,0,0,0,0,0,0,0,0,1,1,1,0
ChIJLaadFgBXqDsRVcMv1cVcreI,Just Bake Hope College,Balan Nagar,Coimbatore,11.021957,77.018002,Bakery & Desserts,Not disclosed,4.8,74,1,4.31748811353631,91.0,6.886346443482313,5.093750200806762,1,1,0,1,1,0,1,0,1,0,0,0,1,0,0,0,1,1,0,0,1,0,0
ChIJUwQ3QhlYqDsRgYTJ7kzajs0,Ashwini Ragam Bakery,Gandhimaa Nagar,Coimbatore,11.042207,77.00333,Bakery & Desserts,Not disclosed,4.1,492,0,6.20050917404269,125.88333333333334,6.997624559251751,2.3978952727983707,1,0,0,1,0,0,1,0,0,0,0,0,0,0,0,0,0,0,0,1,1,0,0
ChIJ2b7bVi5YqDsR6qRCXdCUKig,"ibaco - Peelamedu, Coimbatore",Peelamedu,Coimbatore,11.024543,77.006429,Bakery & Desserts,Not disclosed,4.3,1150,1,7.048386408721883,84.0,5.936440534456883,4.499809670330265,1,1,0,1,0,1,1,0,0,1,0,0,0,0,0,0,0,0,0,0,1,1,0
ChIJne-XdYxXqDsRY2AZx-loNN8,Vijay Bakery & Mess,B.R. Puram Industrial Estate,Coimbatore,11.034266,77.016204,Bakery & Desserts,Budget,4.1,330,0,5.802118375377063,126.0,7.431977574920371,4.343805421853684,0,0,0,1,0,0,1,0,1,0,0,0,1,0,0,0,0,0,0,1,1,0,0
ChIJu7bpfxtXqDsRk_QhBcGd9X8,Bakingo,Hope College,Coimbatore,11.023501,77.017942,Bakery & Desserts,Premium,4.6,148,1,5.003946305945459,87.5,6.958066142258101,5.087596335232384,1,1,0,1,0,0,1,0,1,0,0,0,0,0,0,0,1,1,0,0,1,0,0
ChIJB2aFUklXqDsRuTNnleZ0DfM,FB Cakes,PKD Nagar,Coimbatore,11.02569,77.015066,Bakery & Desserts,Not disclosed,4.6,1127,1,7.028201432058005,105.0,6.801621759107523,5.176149732573829,1,1,0,1,0,1,1,0,0,1,0,0,0,0,0,0,0,0,0,0,1,1,0
ChIJqbHwfc1ZqDsRcdwWC8MtLLw,The Fat Baker,Illango Nagar,Coimbatore,11.031585,76.99429,Bakery & Desserts,Budget,4.6,88,1,4.48863636973214,52.0,5.458940636000343,2.833213344056216,1,1,0,1,0,0,1,0,1,0,0,0,0,0,0,0,1,1,0,0,1,0,0
ChIJ41YG0yD4qDsRPKbncDuWOT8,Siva Tea Stall,Saravanampatti,Coimbatore,11.087713,77.01275,Cafe & Beverages,Not disclosed,4.3,197,1,5.288267030694535,96.58333333333333,11.773090844091351,2.772588722239781,1,0,0,1,0,0,1,0,0,0,0,0,0,0,0,0,0,0,1,1,1,0,0
ChIJD1a2SlP3qDsR-wWzP6Gi8EE,Jaya Coffee Works,Saravanampatti,Coimbatore,11.068039,77.002399,Cafe & Beverages,Mid,4.8,57,1,4.060443010546419,63.0,9.311644553935468,3.6375861597263857,1,1,0,1,1,0,1,0,1,0,0,0,1,0,0,0,0,1,0,1,1,0,0
ChIJlYOo-5H3qDsRi1X6HAjCzm4,Chai Kings - Saravanampatti,Saravanampatti,Coimbatore,11.082095,76.9876,Cafe & Beverages,Not disclosed,3.8,456,0,6.124683390894205,126.0,10.140496023473613,4.356708826689592,1,1,0,1,0,0,1,0,0,0,0,0,0,0,0,0,0,0,1,1,1,1,0
ChIJ2-MOrrr3qDsRBDGDBoywaE8,Sri Dev Narayan Tea Stall (Rajasthani Tea Shop),Saravanampatti,Coimbatore,11.081586,76.989001,Cafe & Beverages,Budget,4.4,114,1,4.74493212836325,98.0,10.130616361052644,4.382026634673881,0,0,0,0,0,0,1,0,0,0,0,0,1,0,0,0,0,0,0,1,1,0,0
ChIJZ7u2LW33qDsR9aqLSdVCSdw,Hethae Tea,Saravanampatti,Coimbatore,11.090783,76.985944,Cafe & Beverages,Not disclosed,5.0,19,1,2.995732273553991,82.0,11.025399658300955,3.6109179126442243,1,1,0,1,0,0,0,0,0,0,0,0,0,0,0,0,0,0,0,0,1,0,0
ChIJCwk3CgD3qDsRRqcP0lgrB6I,Local Chai Club,Saravanampatti,Coimbatore,11.083686,76.978569,Cafe & Beverages,Budget,4.4,133,1,4.897839799950911,84.0,10.081573830206061,3.6635616461296463,0,1,0,0,0,1,1,0,0,1,0,0,1,1,0,0,1,1,0,0,1,0,0
ChIJbWoiqXj3qDsReM9IDZflb90,We chai,Saravanampatti,Coimbatore,11.057217,76.995807,Multi-cuisine / General,Not disclosed,4.8,38,1,3.6635616461296463,107.0,7.91082007275946,4.23410650459726,1,0,0,1,0,0,0,0,0,0,0,0,0,0,0,0,0,0,0,1,1,0,0
ChIJw0xV7ZT3qDsRYTtki-KKsNE,Dev Narayan - Rajasthani Masala Tea,Saravanampatti,Keeranatham,11.101853,76.992908,Cafe & Beverages,Not disclosed,4.2,385,1,5.955837369464831,104.0,12.411815511201006,4.060443010546419,0,0,0,0,0,0,1,0,0,0,0,0,0,0,0,0,0,1,0,1,1,0,0
ChIJObathT_3qDsRUsehDv665rs,Sujatha Tea Stall,Saravanampatti,Coimbatore,11.096786,76.981799,Cafe & Beverages,Not disclosed,4.1,27,0,3.332204510175204,123.0,11.578602837278714,2.9444389791664403,1,0,0,0,0,0,0,0,0,0,0,0,0,0,0,0,0,0,0,1,1,0,0
ChIJL_a7NgD3qDsRdcJg8KKzviA,Wechai Saravanampatti,Saravanampatti,Coimbatore,11.078832,77.003545,Cafe & Beverages,Not disclosed,5.0,32,1,3.4965075614664802,105.0,10.434644359107082,4.276666119016055,0,0,0,0,0,0,0,0,0,0,0,0,0,0,0,0,0,0,0,0,1,0,0
ChIJb3Q4Iqn3qDsROGfbZ7AFGfY,TeaBoy,Saravanampatti,Keeranatham,11.095744,76.996515,Cafe & Beverages,Not disclosed,4.4,59,1,4.0943445622221,119.0,11.881693433727705,3.7376696182833684,1,0,0,0,0,0,1,0,1,0,0,0,0,0,0,0,0,1,0,1,1,1,0
ChIJRVMkdLRZqDsROvyQg85qb-k,BUBBLE TEA MR.FB,Saravanampatti,Coimbatore,11.055471,76.993914,Cafe & Beverages,Not disclosed,4.0,71,0,4.276666119016055,84.0,7.6423977302987245,4.1588830833596715,1,0,0,1,0,0,0,0,0,0,0,0,0,0,0,0,0,0,0,0,1,0,0
ChIJzTiVbAD3qDsRBRJZoQiAl9I,The chatpata affair coimbatore,Saravanampatti,Coimbatore,11.081447,76.990245,Cafe & Beverages,Mid,4.7,18,1,2.9444389791664403,77.0,10.157116580082326,4.406719247264253,0,0,0,0,0,0,1,0,0,0,0,0,0,1,0,0,1,1,0,0,1,0,0
ChIJwR7IpTr3qDsR7GuBgy7MkGs,ROYAL HOTEL,Saravanampatti,Coimbatore,11.082917,76.983947,South Indian & Regional,Not disclosed,3.6,101,0,4.624972813284271,84.0,10.124004587613397,4.174387269895637,1,0,0,1,0,0,0,0,0,0,0,0,0,0,0,0,0,0,0,0,1,0,0
ChIJXYen6p_3qDsRofAzw6gbziE,Akshaya Bhavan,Saravanampatti,Keeranatham,11.102218,76.9888,Fast food & Quick bites,Budget,3.7,447,0,6.104793232414985,168.0,12.334530913949791,3.970291913552122,1,0,0,1,0,0,1,1,1,0,0,0,1,1,0,0,1,1,1,1,1,0,0
ChIJq8A4Z7FXqDsRVUieoOdMQN8,Dirty Bird Cafe & Burgeria,Balan Nagar,Coimbatore,11.023084,77.017275,Cafe & Beverages,Not disclosed,4.6,445,1,6.100318952020064,80.5,6.872086375959,5.087596335232384,1,1,0,1,0,0,0,0,0,0,0,0,0,0,0,0,0,0,0,0,1,0,0
ChIJFSPgPS5YqDsRNI-7qFQFbfg,Burger Ka Baap,Masakalipalayam,Coimbatore,11.022141,76.999623,Fast food & Quick bites,Mid,4.3,3008,1,8.009363076630045,80.5,5.175323290504565,4.3694478524670215,1,0,0,1,1,0,1,1,1,1,1,0,1,1,0,0,1,1,0,0,1,0,0
ChIJVUhdEcdXqDsRWIhXIvMVVVg,Juicy burger,varadharjamill,Coimbatore,11.025762,77.014922,Multi-cuisine / General,Not disclosed,4.8,91,1,4.5217885770490405,91.0,6.792170913896825,5.1647859739235145,1,0,0,1,0,0,0,0,0,0,0,0,0,0,0,0,0,0,0,0,1,0,0
ChIJkywCfwBZqDsRmNaSqdU8qRQ,Vimal fast foods,HUDCO Colony,Coimbatore,11.022789,77.007071,Fast food & Quick bites,Budget,4.8,22,1,3.1354942159291497,49.0,5.888503562820947,4.574710978503383,0,0,0,1,0,0,1,0,1,0,0,0,1,1,0,0,0,0,0,0,1,0,0
ChIJWUnB5GNZqDsRjT_VNXyA-sM,Subway Avinashi Road,Peelamedu,Coimbatore,11.022459,76.998676,Fast food & Quick bites,Not disclosed,4.2,836,1,6.729824070489475,140.0,5.113706445542983,4.454347296253507,1,1,0,1,0,0,1,0,0,0,0,0,0,0,0,0,0,0,1,1,1,0,0
ChIJgYhdV6ZXqDsR5LKhOhW-7cs,Biggies Burger : Sitra (Coimbatore),Sitra,Coimbatore,11.035958,77.03515,Fast food & Quick bites,Not disclosed,4.6,220,1,5.3981627015177525,91.0,9.270601119744518,3.7376696182833684,1,1,0,1,0,1,0,0,0,1,0,0,0,0,0,0,0,0,0,0,1,0,0
ChIJv7azA8VXqDsRpwCoWkjtDQc,Kouzina Kafe,Coimbatore,Coimbatore,11.029385,77.017126,Fast food & Quick bites,Mid,4.1,39,0,3.6888794541139363,133.0,7.208037693059609,5.017279836814924,1,0,0,0,0,0,1,1,1,0,0,0,1,1,1,0,1,1,1,0,1,0,0
ChIJldPfzaVZqDsRgYxtjE9dFx8,BIG FAT Burger Avarampalayam,Illango Nagar,Coimbatore,11.024962,76.985532,Multi-cuisine / General,Not disclosed,4.2,161,1,5.087596335232384,133.0,4.282036830817256,3.5553480614894135,1,1,0,1,0,0,0,0,0,0,0,0,0,0,0,0,0,0,1,0,1,0,0
ChIJSc-v6yhYqDsRa3Wcc2r3YrQ,"Domino's Pizza | Peelamedu, Coimbatore",Masakalipalayam,Coimbatore,11.024551,77.006275,Fast food & Quick bites,Mid,3.7,2865,0,7.960672608388117,112.0,5.923031882443915,4.48863636973214,1,1,0,1,1,0,1,1,1,1,1,0,0,1,0,0,1,1,1,0,1,1,0
ChIJV0UJ5-BXqDsRWZnPJ0eLmis,The Red Box - Peelamedu,PKD Nagar,Coimbatore,11.025717,77.015071,North Indian & Global,Mid,3.3,142,0,4.962844630259907,101.5,6.803617866505049,5.170483995038151,1,1,0,1,0,0,1,0,1,1,0,0,1,1,0,0,1,1,1,0,1,0,0
ChIJxdLljfZXqDsRLrw-l0NxjCc,MALLIKA CHETTINADU MESS,Bharathi Nagar,Coimbatore,11.045756,77.013588,South Indian & Regional,Not disclosed,4.0,162,0,5.093750200806762,119.0,8.049931572910717,3.6375861597263857,1,0,0,1,0,0,1,0,0,0,0,0,0,0,0,0,0,0,0,1,1,0,0
ChIJ5Y4IuYdXqDsR0GoOuLc9rzM,Sri Ram Mess,Hope College,Coimbatore,11.026272,77.019502,Multi-cuisine / General,Budget,3.9,1791,0,7.491087593534876,112.0,7.253983678644766,5.087596335232384,1,0,0,1,0,0,1,1,1,0,0,0,1,1,0,0,1,0,0,1,1,0,0
ChIJlSqZG25ZqDsRH4xgo6k1qy4,Sir Mess,postoffice,Coimbatore,11.028781,76.996908,South Indian & Regional,Not disclosed,4.7,74,1,4.31748811353631,69.0,5.428269838262777,3.9512437185814275,1,1,0,1,0,0,1,0,0,0,0,0,0,0,0,0,0,0,0,0,1,0,0
ChIJRWZNhC9YqDsRudrhOkIUV_4,Sri Ganapathi Mess,Peelamedu,Coimbatore,11.026088,77.001231,South Indian & Regional,Not disclosed,4.1,1370,0,7.223295679562314,84.0,5.582088976922523,4.330733340286331,0,0,0,1,0,0,1,0,0,0,0,0,0,0,0,0,0,0,0,1,1,0,0
ChIJCaAjvbtXqDsRUZVruG8v-rk,Selvam Chettinad Mess,Balan Nagar,Coimbatore,11.023388,77.017439,Multi-cuisine / General,Budget,4.3,88,1,4.48863636973214,87.0,6.903583247392428,5.087596335232384,1,0,0,1,0,0,1,0,0,0,0,0,0,0,0,0,0,0,0,0,0,0,0
ChIJX5N8c7lXqDsRe4a-en3hhAE,Erode Amman Mess (ஈரோடு அம்மன் மெஸ்),Hope College,Coimbatore,11.024487,77.021133,South Indian & Regional,Premium,4.5,4869,1,8.490849216076635,54.25,7.31789018190548,5.043425116919247,1,1,0,1,0,0,1,1,1,0,1,0,1,1,0,0,1,1,0,0,1,0,0
ChIJSWtTtrxXqDsRQll_HK_DGgY,Devakottai Chettinadu Mess,Civil Aerodrome Post,Coimbatore,11.028496,77.037873,South Indian & Regional,Not disclosed,3.8,252,0,5.53338948872752,112.0,9.158370713111461,2.772588722239781,0,0,0,1,0,0,1,0,0,0,0,0,0,0,0,0,0,0,0,1,1,0,0
ChIJCckgfo9XqDsRvywxnM6QyXc,MG Kerala Mess,Hope College,Coimbatore,11.027249,77.018608,South Indian & Regional,Budget,4.0,422,0,6.0473721790462776,80.5,7.222813470124679,5.0689042022202315,1,0,0,1,0,0,1,1,0,0,0,0,1,0,0,0,0,0,0,0,1,0,0
ChIJPxHB4C1YqDsR0BvpbQJQBic,KEERTHI MESS,Masakalipalayam,Coimbatore,11.020715,77.000157,Multi-cuisine / General,Not disclosed,4.3,211,1,5.356586274672012,87.0,5.131057648932316,4.382026634673881,0,0,0,0,0,0,1,0,0,0,0,0,0,0,0,0,0,0,0,0,1,0,0
ChIJOQjceoVXqDsRF7iPMCd40uk,S.R.K.P. Chettinad Mess,Peelamedu,Coimbatore,11.026555,77.01974,South Indian & Regional,Not disclosed,4.0,4543,0,8.421562960400987,80.5,7.291984179185188,5.081404364984463,0,1,0,1,0,0,1,0,0,0,0,0,0,0,0,0,0,0,1,0,1,0,0
ChIJRxv_B79XqDsRL3G94sjNUuQ,Ayyappa Mess,Hope College,Coimbatore,11.036939,77.036308,Multi-cuisine / General,Budget,4.5,24,1,3.2188758248682006,168.0,9.434499235587493,3.8712010109078907,0,0,0,1,0,0,1,1,0,0,0,0,1,0,0,0,0,0,1,1,1,0,0
ChIJG-dGT7JXqDsRdTUOS3KFOps,Deepa mess,peelamedu,Coimbatore,11.01793,77.018923,Multi-cuisine / General,Not disclosed,4.9,23,1,3.1780538303479458,77.0,6.793435172103233,4.976733742420574,1,0,0,1,0,0,0,0,0,0,0,0,0,0,0,0,0,0,0,0,1,0,0
ChIJJ5Mj4DhXqDsRg8BCwZJW6EU,Sri Annalakshmi Mess,Civil Aerodrome Post,Coimbatore,11.027062,77.023809,Multi-cuisine / General,Budget,4.3,133,1,4.897839799950911,101.5,7.709091788716974,4.955827057601261,1,0,0,1,0,0,1,1,0,0,0,0,1,1,0,0,0,1,0,1,1,0,0
ChIJSzd9YhJXqDsR2OpeqQ3BgxY,Mr. Idly mess & bakes,Balan Nagar,Coimbatore,11.022008,77.017382,Multi-cuisine / General,Budget,4.2,73,1,4.304065093204169,132.0,6.828228819731751,5.056245805348308,1,0,0,1,0,0,1,0,1,0,0,0,1,1,0,0,0,1,1,1,1,0,0
ChIJxxKHcwBZqDsRmutsL68Q0Mk,Aravind Mess,HUDCO Colony,Coimbatore,11.021218,77.007748,South Indian & Regional,Not disclosed,3.7,53,0,3.9889840465642745,87.0,5.861074280829792,4.465908118654584,0,0,0,1,0,0,0,0,0,0,0,0,0,0,0,0,0,0,0,0,0,0,0
ChIJSclyUu1XqDsRyMkS5zH_pMo,V.K Chettknadu mess,Hope College,Coimbatore,11.02394,77.024023,Multi-cuisine / General,Not disclosed,4.4,47,1,3.8712010109078907,93.0,7.573883474223014,4.941642422609304,0,0,0,1,0,0,0,0,0,0,0,0,0,0,0,0,0,0,0,0,1,0,0
ChIJxSdtNgBXqDsR2yBbUTEl3Ko,Yaa.Mohaideen Biryani Coimbatore,RS Puram,Coimbatore,11.01871,77.022956,Biryani & Non-veg,Mid,4.1,344,0,5.84354441703136,89.0,7.2339226012601845,4.770684624465665,1,0,1,0,0,0,1,1,1,0,0,0,1,0,0,0,1,1,1,0,1,0,0
ChIJM9enfIZXqDsRRI2FpGb19_U,Balaji's Dhonnai Biryani,Peelamedu,Coimbatore,11.024593,77.011857,Biryani & Non-veg,Not disclosed,4.2,2113,1,7.656337166430183,33.25,6.438404597275011,4.9344739331306915,1,0,0,1,0,0,1,0,0,0,0,0,0,0,0,1,0,0,0,0,1,0,0
ChIJa4K5DQBXqDsRRt__TE0kXGc,Dindigulkaaran Biriyani,BR Puram,Coimbatore,11.023126,77.010855,Biryani & Non-veg,Mid,4.4,60,1,4.110873864173311,92.5,6.2609173161276255,4.890349128221754,1,0,0,1,0,1,1,0,1,1,0,0,1,1,0,0,0,0,1,1,1,0,0
ChIJuSoqPeRXqDsRm8p4u8JmAtE,A SQUARE Biryani Restuarant,Maheshwari Nagar,Coimbatore,11.024588,77.006609,Biryani & Non-veg,Not disclosed,4.2,1356,1,7.213031659834869,84.0,5.955516334958822,4.499809670330265,1,0,0,1,0,0,1,0,0,0,0,0,0,0,0,0,0,0,0,0,1,0,0
ChIJJ26kPZVXqDsRtOZLMuCnAg8,SALEM RR BIRIYANI PEELAMEDU COIMBATORE,Hope College,Coimbatore,11.024706,77.021256,Biryani & Non-veg,Mid,3.5,457,0,6.126869184114185,84.0,7.3409244835434135,5.030437921392435,1,0,0,0,0,0,1,1,1,0,1,0,1,1,1,0,1,1,0,0,1,0,0
ChIJsxQiiOVZqDsRVFPffiktRXc,Fully Biryani,Peelamedu,Coimbatore,11.026542,77.020548,Biryani & Non-veg,Not disclosed,4.1,705,0,6.559615237493242,80.5,7.368425698946179,5.0689042022202315,1,1,0,1,0,1,1,0,0,1,0,0,0,0,0,1,0,0,0,0,1,0,0
ChIJoXVXdttXqDsRU3Yr6JUr71U,Khalids biriyani - Avinashi Road,Civil Aerodrome Post,Coimbatore,11.043543,77.042128,Biryani & Non-veg,Mid,3.8,698,0,6.54965074223381,115.5,10.35626693319998,4.0943445622221,1,1,0,1,0,1,1,1,1,1,1,0,1,1,0,0,1,1,1,0,1,0,0
ChIJnyNPeyxXqDsRQJDCPudpYEA,Bay of Biryani,Sitra,Coimbatore,11.039049,77.039122,Multi-cuisine / General,Not disclosed,3.8,213,0,5.365976015021851,83.5,9.817842676999458,4.04305126783455,1,0,0,1,0,1,0,0,0,1,0,0,0,0,0,0,0,0,1,0,1,0,0
ChIJbdO9K8pZqDsRfhfA_WGzwPs,Hotel Hyderabad Best Biryani,Peelamedu,Coimbatore,11.023429,77.002479,Biryani & Non-veg,Not disclosed,2.1,11,0,2.4849066497880004,122.5,5.511790065839303,4.465908118654584,0,0,0,0,0,0,0,0,0,0,0,0,0,0,0,0,0,0,1,1,1,0,0
ChIJxQOnx5VXqDsRZdq3aLdgZmA,Fully Biryani,Hope College,Coimbatore,11.026603,77.020562,Biryani & Non-veg,Mid,4.3,138,1,4.9344739331306915,77.0,7.373035324553154,5.0689042022202315,0,0,0,1,0,0,1,1,1,0,0,0,1,1,0,0,0,0,0,0,1,0,0
ChIJEVwspvhYqDsRl13ToOuY5rc,Thambi annan's Biriyani Hotel,Peelamedu,Coimbatore,11.02048,76.989993,Biryani & Non-veg,Premium,3.4,1285,0,7.1592919047975645,84.0,4.245153689568673,4.219507705176107,1,0,0,1,0,0,1,1,1,0,1,0,1,1,0,0,1,1,0,0,1,0,0
ChIJ24U0Q8dXqDsRozODUjLfq64,Ambur Star Briyani,Civil Aerodrome Post,Coimbatore,11.040007,77.040339,Biryani & Non-veg,Not disclosed,4.5,20418,1,9.924221118923034,84.0,9.986259970471426,4.060443010546419,1,1,0,1,0,0,1,0,0,0,0,0,0,0,0,0,0,0,0,0,1,1,0
ChIJlblsrhJZqDsRlpBAshrTaXQ,Suvin Biriyani,Peelamedu,Coimbatore,11.024869,77.000863,Biryani & Non-veg,Not disclosed,4.5,13,1,2.639057329615259,98.0,5.466383993375911,4.31748811353631,0,0,0,1,0,0,0,0,0,0,0,0,0,0,0,0,0,0,0,0,1,0,0
ChIJmZsKAXFXqDsRXE2i2M4YrBU,Mufa Biriyani Centre,B.R. Puram Industrial Estate,Coimbatore,11.034993,77.015779,Biryani & Non-veg,Budget,4.2,44,1,3.8066624897703196,84.0,7.443187950073669,3.828641396489095,1,0,0,1,0,0,1,1,0,0,0,0,0,0,0,0,0,0,0,0,1,0,0
ChIJE99ux2JXqDsROzyOPkh8JJk,Kovai Royal Biriyani,Hope College,Coimbatore,11.021185,77.022188,Biryani & Non-veg,Not disclosed,4.2,228,1,5.43372200355424,66.0,7.263691387066244,4.927253685157205,1,0,0,1,0,0,1,0,0,0,0,0,0,0,0,0,0,0,0,0,1,0,0
ChIJ5XlTEItXqDsR9raWHrWHfJk,Hydrabad Biriyani,Sri Lakshmi Nagar,Coimbatore,11.031737,77.016509,Biryani & Non-veg,Mid,3.6,848,0,6.744059186311348,84.0,7.296052816562254,4.804021044733257,0,0,0,1,0,1,1,1,1,1,0,0,1,1,0,0,1,1,0,0,1,0,0
ChIJ4w9bxlNZqDsRKFz-9Sh53Jc,Dindigul Thalappakatti Nava India,Peelamedu,Coimbatore,11.020809,76.990274,Biryani & Non-veg,Not disclosed,4.7,205,1,5.327876168789581,84.0,4.292504163951072,4.219507705176107,1,1,0,1,0,0,0,0,0,0,0,0,0,0,0,0,0,0,0,0,1,0,0
ChIJd9VSYWtZqDsRFVgRlCbrdzY,Seasons by Radisson Blu,Peelamedu,Coimbatore,11.022031,76.991799,Multi-cuisine / General,Not disclosed,4.4,208,1,5.342334251964811,119.0,4.506981555999887,4.1588830833596715,0,1,0,1,0,1,1,1,1,1,1,0,1,1,0,1,1,1,1,1,1,0,0
ChIJIZZj-jFYqDsRxk8mhHarF1w,Global Barbeque,Masakalipalayam,Coimbatore,11.021434,76.998077,Biryani & Non-veg,Not disclosed,4.0,987,0,6.895682697747868,49.0,4.992911115552517,4.304065093204169,1,1,0,1,0,1,1,0,0,1,0,0,0,0,0,1,0,0,0,0,1,0,0
ChIJxYfU5jFYqDsReIJaF4Ln7lw,Shahi Grill,Masakalipalayam,Coimbatore,11.022078,76.998505,South Indian & Regional,Mid,4.0,3162,0,8.059276223305648,77.0,5.07324393640787,4.442651256490317,0,0,0,1,0,0,1,1,1,1,1,0,1,1,0,0,1,1,0,0,1,0,0
ChIJRdSj-eFXqDsRi-kKOkxh7G8,Kannan Dosai Kadai,Hope College,Coimbatore,11.023562,77.020666,South Indian & Regional,Not disclosed,4.2,510,1,6.236369590203704,168.0,7.226101040534811,5.0369526024136295,0,0,0,1,0,0,1,0,0,0,0,0,0,0,0,0,0,0,1,1,1,0,0
ChIJ_YwlfkVXqDsRMXMVoMTCstw,MY RAJASTHANI TASTE,Peelamedu,Coimbatore,11.018015,77.01866,Multi-cuisine / General,Budget,4.1,112,0,4.727387818712341,87.5,6.770541289225558,4.990432586778736,1,0,0,1,0,0,1,1,1,0,0,0,1,1,0,0,0,1,0,0,1,0,1
ChIJH2hkx8BZqDsRpNi2XlZAZOw,Shree Aksshayam,Peelamedu,Coimbatore,11.02063,76.990845,South Indian & Regional,Not disclosed,4.1,12622,0,9.443275825752862,108.5,4.325124801984129,4.304065093204169,1,0,0,1,0,0,1,0,0,0,0,0,0,0,0,0,0,0,0,1,1,0,0
ChIJkTKt5IdZqDsRTXgImvIRjHg,Hotel Saradhas,Hope College,Coimbatore,11.023319,77.01983,Multi-cuisine / General,Budget,4.2,149,1,5.0106352940962555,87.0,7.132395018497798,5.062595033026967,1,0,0,1,0,0,1,1,0,0,0,0,1,1,0,0,0,1,0,0,0,0,1
ChIJXRrtC8dXqDsRNZiaJpk5nrE,Annapoorna - Avinashi road,Civil Aerodrome Post,Coimbatore,11.040845,77.041785,South Indian & Regional,Not disclosed,4.3,28079,1,10.242812858139747,115.5,10.169527585447822,4.0943445622221,1,1,0,1,0,0,1,0,0,0,0,0,0,0,0,1,0,0,0,1,1,1,0
ChIJU1VVVZFXqDsRRt3YDTLm_AU,Sharma Punjabi Restaurant,Sri Lakshmi Nagar,Coimbatore,11.031167,77.016631,North Indian & Global,Mid,3.8,993,0,6.901737206656574,80.5,7.271408687628911,4.859812404361672,0,0,0,1,0,0,1,1,1,0,0,0,1,0,0,0,1,0,0,0,1,0,1
ChIJL0c-38hXqDsRrg73McOV_m4,Haribhavanam Hotel - Mahi's Gateway,Civil Aerodrome Post,Coimbatore,11.043745,77.04657,South Indian & Regional,Not disclosed,4.3,10086,1,9.219002745054835,85.75,10.783126381299615,3.9512437185814275,1,1,0,1,0,1,1,0,0,1,0,0,0,0,0,0,0,0,0,0,1,1,0
ChIJR6pvLgBXqDsREvdIU2mmAPc,VR KITCHEN,Sri Lakshmi Nagar,Coimbatore,11.033322,77.015978,Multi-cuisine / General,Mid,4.5,42,1,3.7612001156935624,119.0,7.350168294186886,4.532599493153256,1,0,0,1,0,0,1,1,1,0,0,0,1,1,0,0,0,1,0,1,1,0,0
ChIJI9WsdABXqDsRPQPb0Iy8YnY,THE COPPERS,Peelamedu,Coimbatore,11.022433,77.011028,Multi-cuisine / General,Not disclosed,4.0,88,0,4.48863636973214,82.5,6.238626200574581,4.820281565605037,1,1,0,1,0,1,1,0,0,1,0,0,0,0,0,1,0,0,0,0,1,0,0
ChIJFdO6MgBXqDsRVUP6taAdZmM,A.G.S Restaurant,Hope College,Coimbatore,11.025626,77.019519,Multi-cuisine / General,Not disclosed,4.8,26,1,3.295836866004329,77.0,7.221018955243332,5.081404364984463,1,0,0,0,0,0,1,1,1,0,1,0,0,1,0,0,0,1,0,0,1,0,0
ChIJcUKGC49XqDsRT6tbS96BOYw,Golden Cafe Multi cuisine Restaurant,Civil Aerodrome Post,Coimbatore,11.041989,77.040802,Multi-cuisine / General,Not disclosed,3.7,29,0,3.4011973816621555,98.0,10.142597940798787,4.143134726391533,0,0,0,0,0,0,0,0,0,0,0,0,0,0,0,0,0,0,0,0,1,0,0
ChIJ02y4oVhXqDsRhNIP_wSzCSQ,Clusters Connect,Hope College,Coimbatore,11.024538,77.021205,Multi-cuisine / General,Mid,4.3,356,1,5.877735781779639,84.0,7.327466757345598,5.0369526024136295,1,1,0,1,0,0,1,1,0,0,1,0,1,1,0,0,1,1,0,0,1,0,0
ChIJuQKYCq5XqDsRdmkL-92LmQo,Barbeque Nation - Fun Mall,Masakalipalayam,Coimbatore,11.024392,77.01058,Biryani & Non-veg,Not disclosed,4.3,3327,1,8.1101268019411,56.0,6.30782678044983,4.875197323201151,1,1,0,1,0,1,1,0,0,1,0,0,0,0,0,0,0,0,0,0,1,0,0
ChIJH680hLJZqDsRkz_sSYhLtJc,Haribhavanam Hotel - Pothys Basement,Town Hall,Coimbatore,10.993611,76.959835,South Indian & Regional,Premium,4.2,872,1,6.771935555839602,80.5,0.20316347131232582,5.176149732573829,1,1,0,1,1,1,1,1,1,1,1,0,1,1,0,0,1,1,0,0,1,1,0
ChIJESAdrBtXqDsRHOH6OkNzIWc,Rajasthani bhojnalaya Coimbatore,Ukkadam,Coimbatore,10.999911,76.95848,Vegetarian,Not disclosed,3.8,137,0,4.927253685157205,91.0,0.6710762988428314,5.288267030694535,1,0,0,1,0,0,1,0,0,0,0,0,0,0,0,0,0,0,0,0,1,0,0
ChIJ6W-GWjVZqDsRM1j-KonZyiQ,My Rajasthani bhojanalaya,Town Hall,Coimbatore,11.000145,76.956608,Multi-cuisine / General,Budget,4.6,56,1,4.04305126783455,84.0,0.8085533202334418,5.424950017481403,1,0,0,1,0,0,1,0,1,0,0,0,1,0,0,0,0,1,0,0,1,0,0
ChIJ2_j55glZqDsRfa4qsTVOmXo,Sri Krishna Bhavan Restaurant And Hotel,Town Hall,Coimbatore,10.998469,76.963744,South Indian & Regional,Not disclosed,3.9,1491,0,7.307872780763706,108.03333333333333,0.500544963134511,5.10594547390058,0,0,1,1,0,0,1,0,0,0,0,0,0,0,0,0,0,0,0,1,1,0,0
ChIJD8BqGA9ZqDsRJR41N51fNFg,Rajdhani Bhojanalaya,Town Hall,Coimbatore,11.000165,76.956789,Vegetarian,Budget,4.0,340,0,5.831882477283517,52.5,0.7976391648380219,5.438079308923196,1,0,0,1,0,0,1,1,1,0,0,0,1,1,0,0,0,0,0,0,1,0,1
ChIJsSPFhwtZqDsRClmxH55kDXE,"Barbeque Nation - Town Hall, Coimbatore",Town Hall,Coimbatore,10.994333,76.963316,Biryani & Non-veg,Not disclosed,4.3,9749,1,9.185022563991893,51.5,0.21123587885120368,5.117993812416755,1,1,0,1,0,1,1,0,0,1,0,0,0,0,0,1,0,0,0,0,1,0,0
ChIJ-SA1CW9ZqDsRljkvIFWZMsk,Shree Marwadi Bhojanalaya,Town Hall,Coimbatore,10.997576,76.959265,North Indian & Global,Budget,4.0,32,0,3.4965075614664802,98.0,0.40473977854063625,5.278114659230518,0,0,0,1,0,0,1,1,0,0,0,0,0,1,0,0,0,1,0,0,1,0,1
ChIJBVH-IglZqDsRziF8c5kmH4E,Hotel Cheap & Best,Town Hall,Coimbatore,10.999246,76.959821,Biryani & Non-veg,Not disclosed,3.9,982,0,6.890609120147166,84.0,0.5446035669385905,5.10594547390058,0,0,0,0,0,0,1,0,0,0,0,0,0,0,0,0,0,0,0,0,1,0,0
ChIJiZH3TwlZqDsRN5wUyjmxX-M,Mahadev Sharma Punjabi Restaurant,Town Hall,Coimbatore,10.997712,76.959261,North Indian & Global,Not disclosed,3.8,12,0,2.5649493574615367,87.0,0.4174388666125695,5.267858159063328,0,0,0,0,0,0,1,0,1,0,0,0,0,0,0,0,0,0,0,0,0,0,0
ChIJ7zq5pJZZqDsRtawhkZGBeqU,TOPI VAPPA BIRIYANI COIMBATORE BRANCH,Town Hall,Coimbatore,10.994267,76.963273,Multi-cuisine / General,Not disclosed,4.5,849,1,6.745236349484362,87.0,0.20777156416555528,5.123963979403259,1,1,0,1,0,0,0,0,0,0,0,0,0,0,0,0,0,0,0,0,0,0,0
ChIJs1HIOKRZqDsRCTt_E4QTaJU,Annalakshmi Restaurant,Gopalapuram,Coimbatore,10.999294,76.971373,South Indian & Regional,Premium,4.2,2473,1,7.813591552952433,39.0,1.2072470442196912,4.770684624465665,1,1,0,1,1,1,1,1,1,1,1,0,1,1,0,0,1,1,0,0,1,1,1
ChIJl4oS7j5XqDsRZY5jp--dLW8,Daily Treat Coimbatore,Singanallur,Coimbatore,11.000797,77.029806,Cafe & Beverages,Not disclosed,4.2,40,1,3.713572066704308,84.0,7.498436114287499,4.2626798770413155,1,0,0,0,0,0,0,0,0,0,0,0,0,0,0,0,0,0,0,0,1,0,0
ChIJ1fCSN9ZXqDsRWrUqBVwi_uo,Polar Bear Ice Cream Sundaes - Singanallur,Rajiv Gandhi Nagar,Coimbatore,10.998041,77.013213,Bakery & Desserts,Not disclosed,4.8,1409,1,7.251344983372214,84.0,5.668489401794848,3.295836866004329,1,1,0,1,1,0,1,1,1,0,0,0,1,1,0,0,1,1,0,0,1,1,1
ChIJNaCEGkRXqDsR3WesPDJSE08,KOVAI JUICE CORNER,Hope College,Coimbatore,11.022611,77.017942,Cafe & Beverages,Not disclosed,4.6,196,1,5.2832037287379885,86.0,6.912924593055886,5.081404364984463,1,0,0,1,0,0,0,0,0,0,0,0,0,0,0,0,0,0,0,0,1,0,0
ChIJA_6BBF5XqDsRt7H0ke52FgE,SHANTHI CAFE,Lakshmipuram,Coimbatore,11.012491,77.024038,Cafe & Beverages,Not disclosed,4.6,17,1,2.8903717578961645,101.5,7.120529417112012,4.007333185232471,1,0,0,1,0,0,0,0,0,0,0,0,0,0,0,0,0,0,1,0,1,0,0
ChIJxfQrUIRXqDsRq0Tz7R7OE-Q,Thanjai Ulavan Juice,Vasanthamill,Neelikonampalayam,11.008817,77.037297,Cafe & Beverages,Not disclosed,4.1,15,0,2.772588722239781,87.0,8.433744768547152,3.6109179126442243,1,0,0,1,0,0,1,0,0,0,0,0,0,1,0,0,0,0,0,0,0,0,0
ChIJH3-p7blZqDsRv1FmO4ajRq8,Café Coffee Day,Thomas Park,Coimbatore,11.002297,76.982384,Cafe & Beverages,Not disclosed,4.1,2664,0,7.887959336599945,168.0,2.4451383281979413,4.553876891600541,1,1,0,1,1,1,1,1,1,1,1,1,1,1,1,0,1,1,1,1,1,0,0
ChIJlbOg1_JZqDsRR__2NCnerDY,Cafe Put Kadalai,Gopalapuram,Coimbatore,11.005435,76.976441,Cafe & Beverages,Not disclosed,4.2,1214,1,7.102499355774649,84.0,2.036392386520264,4.61512051684126,1,1,0,1,0,1,1,0,0,1,0,0,0,0,0,0,0,0,0,0,1,0,0
ChIJAz8zUx1ZqDsR_GA6U31D-dA,The Chocolate Mine (Cakes & Cafe),Gopalapuram,Coimbatore,11.004329,76.97453,Bakery & Desserts,Not disclosed,4.8,557,1,6.324358962381311,87.0,1.7956321439136007,4.7535901911063645,1,1,0,1,0,1,0,0,0,1,0,0,0,0,0,0,0,0,0,0,1,0,0
ChIJyfV92_FXqDsR1Ok3LksCg1U,SASTI COFFEEI,Vasanth Nagar,Singanallur,10.999694,77.026566,Multi-cuisine / General,Not disclosed,4.7,15,1,2.772588722239781,87.0,7.135582807992208,4.219507705176107,1,0,0,1,0,0,0,0,0,0,0,0,0,0,0,0,0,0,0,0,0,0,0
ChIJ0VIUwltXqDsRAnWw0241jlY,Dindigul Thalappakatti Restaurant,Singanallur,Singanallur,11.003182,77.028312,Multi-cuisine / General,Premium,4.1,1849,0,7.52294091807237,84.0,7.365681622318692,4.31748811353631,1,1,0,1,1,1,1,1,1,1,1,0,1,1,0,0,1,1,0,0,1,1,0
ChIJ_V6mZFtXqDsRe89HTSSoGrY,ASIK BIRIYANI,Srinivasa Garden,Coimbatore,11.014988,77.023898,Fast food & Quick bites,Budget,5.0,20,1,3.044522437723423,57.0,7.188507429614055,4.110873864173311,1,0,0,1,0,0,1,0,0,0,0,0,1,1,0,0,0,0,0,0,1,0,0
ChIJKYQT0L5XqDsRljCqodFDu0w,O Cafe,Post,Coimbatore,11.014824,77.023984,Multi-cuisine / General,Premium,4.7,40,1,3.713572066704308,112.0,7.191694595273871,4.0943445622221,1,1,0,1,0,1,1,1,1,1,1,0,1,1,0,1,1,1,0,1,1,0,0
ChIJ81I7EBtXqDsRk2-vORzcwqM,V K S Restaurant,Ellammal Layout,Coimbatore,11.004138,77.048757,Biryani & Non-veg,Not disclosed,4.2,1949,1,7.575584651557793,105.0,9.594009726314168,4.290459441148391,0,0,0,1,0,1,1,0,0,1,0,0,0,0,0,0,0,0,0,0,1,0,0
ChIJe5l3DUBXqDsRPf-sPHSyLcw,LIVING ICE CREAMS MANUFACTURER,ELGI Nagar,Coimbatore,10.993349,77.032676,Bakery & Desserts,Not disclosed,4.3,65,1,4.189654742026425,168.0,7.781317737920251,3.6635616461296463,1,0,0,1,0,0,1,0,1,0,0,0,0,1,0,0,0,0,1,1,1,0,0
ChIJeRZJ0tVXqDsRE47Wb51oE3c,Kiki's Softy,Srinivasa Garden,Coimbatore,11.0152,77.023767,Bakery & Desserts,Not disclosed,5.0,11,1,2.4849066497880004,77.0,7.182420739329303,4.143134726391533,1,0,0,1,0,0,1,0,0,0,0,0,0,0,0,0,0,0,0,0,1,0,0
ChIJf6li4hNXqDsRFW7RO_QsNYs,Grand Ice Cream,Agraharam,Singanallur,11.001016,77.038723,Bakery & Desserts,Not disclosed,4.7,68,1,4.23410650459726,77.0,8.470118897514174,4.127134385045092,1,0,0,1,0,0,1,0,0,0,0,0,0,0,0,0,0,0,0,0,1,0,0
ChIJI_utWxFXqDsRy7We5IIGhjE,Amul Ice Cream,Agraharam,Singanallur,11.001335,77.039673,Bakery & Desserts,Not disclosed,4.3,31,1,3.4657359027997265,73.5,8.57646991560143,4.07753744390572,0,1,0,1,0,0,0,0,0,0,0,0,0,0,0,0,0,0,0,0,1,1,0
ChIJDc7AV_ZXqDsRtRzJ1ZmMUw4,Shree Vigneshwara sweets & bakes,TNHB Housing Unit,Singanallur,11.003187,77.027942,Bakery & Desserts,Not disclosed,4.6,562,1,6.333279628139691,102.0,7.325709873650264,4.31748811353631,1,0,0,1,0,0,1,0,0,0,0,0,0,0,0,0,0,0,0,0,1,0,0
ChIJL2EZA-9YqDsRkxUY8K5qfpg,Rock Stone Ice Cream Factory,NavaIndia,Coimbatore,11.019068,76.991,Bakery & Desserts,Not disclosed,4.2,493,1,6.202535517187923,98.0,4.223804168640297,4.343805421853684,1,0,1,1,0,0,1,1,1,0,1,0,1,1,0,0,1,1,1,0,1,0,1
ChIJ3U_oQdJXqDsR7aCsLjNJGYo,Madurai Jigarthanda Factory Singanallur,Srinivasa Garden,Coimbatore,11.014958,77.023742,Bakery & Desserts,Not disclosed,4.8,35,1,3.58351893845611,84.0,7.171297573077668,4.127134385045092,0,0,0,0,0,0,1,0,0,0,0,0,0,1,0,0,0,0,0,0,1,0,0
ChIJp4ebXMBXqDsRasKTnhZbLH8,"Sticksy, Uppilipalayam",Rajiv Gandhi Nagar,Coimbatore,11.005603,77.015164,Bakery & Desserts,Not disclosed,4.5,24,1,3.2188758248682006,84.0,5.994625410425937,3.912023005428146,1,1,0,1,0,0,0,0,0,0,0,0,0,0,0,0,0,0,0,0,1,0,0
ChIJrQQcyNxZqDsRcXHeKFVYCic,"ibaco - Ramanathapuram, Coimbatore",Sowripalayam Pirivu,Coimbatore,10.997378,76.998933,Bakery & Desserts,Not disclosed,4.4,1006,1,6.914730892718563,84.0,4.108485225568535,4.51085950651685,1,1,0,1,0,1,1,0,0,1,0,0,0,0,0,0,0,0,0,0,1,1,0
ChIJrb-5hwRXqDsR60SEomux3Ig,Lavish Patisserie,Vivekanandha Nagar,Coimbatore,11.002459,77.042249,Bakery & Desserts,Not disclosed,4.9,84,1,4.442651256490317,63.0,8.868033397418438,4.23410650459726,1,1,0,1,1,0,1,0,1,0,0,0,0,0,0,0,1,1,0,0,1,0,0
ChIJyyvHQxNXqDsRwaUjbwCClVk,Amul Exclusive Store/ Distributor of Amul Products,Agraharam,Singanallur,11.001669,77.036239,Bakery & Desserts,Not disclosed,3.6,65,0,4.189654742026425,77.0,8.206605838366125,4.276666119016055,0,1,0,1,0,0,1,0,0,0,0,0,0,0,0,0,0,0,0,0,1,0,0
ChIJFaOOKrFXqDsRa5vHioQkqKc,ICE MAX,Hope College,Coimbatore,11.025179,77.017577,Bakery & Desserts,Not disclosed,4.8,552,1,6.315358001522335,80.5,7.011303256967064,5.10594547390058,1,0,0,1,1,0,1,1,1,0,1,0,0,1,0,0,1,1,0,0,1,0,0
ChIJ0ymeBNBXqDsRNw-cPLXdhSw,Madurai Famous Jigarthanda LLP - Since 1977,TNHB Housing Unit,Singanallur,11.000585,77.028717,Bakery & Desserts,Not disclosed,4.0,21,0,3.091042453358316,82.25,7.377918687614826,4.2626798770413155,1,1,0,1,0,0,0,0,0,0,0,0,0,0,0,0,0,0,0,0,1,1,0
ChIJNfJXcgBZqDsRdUevaeQcyKk,Boomerang Ice Cream,Kothari Layout,Coimbatore,10.997175,77.006307,Bakery & Desserts,Not disclosed,4.4,110,1,4.709530201312334,91.0,4.91011106392713,3.828641396489095,1,1,0,1,0,0,0,0,0,0,0,0,0,0,0,0,0,0,1,0,1,1,0
ChIJ7wsD-T5XqDsRHQa92UBgVR0,Hotel Sooryas,ESI,Neelikonampalayam,11.009659,77.025123,South Indian & Regional,Not disclosed,2.5,94,0,4.553876891600541,122.38333333333334,7.15416289640877,3.9512437185814275,1,0,0,1,0,0,0,0,0,0,0,0,0,0,0,0,0,0,1,1,1,0,0
ChIJpWLPE2ZXqDsRJCU8kcXVqdI,Rhr Hotel,Chellandy Amman Nagar,Singanallur,10.998727,77.020763,Multi-cuisine / General,Not disclosed,2.7,76,0,4.343805421853684,87.0,6.495891075438932,3.828641396489095,0,0,0,1,0,0,0,0,0,0,0,0,0,0,0,0,0,0,0,0,0,0,0
ChIJR3zyi7dXqDsRaXGQOFM_Qgc,Hotel Savera(Ondipudur),Coimbatore,Coimbatore,11.003585,77.04727,South Indian & Regional,Mid,3.6,846,0,6.741700694652055,112.0,9.426005260030735,4.304065093204169,1,1,0,1,0,1,1,1,1,1,1,0,1,1,0,0,1,1,0,1,1,0,0
ChIJh1K38oRZqDsRFasIusoGz7k,THE GREAT KABAB FACTORY,Peelamedu,Coimbatore,11.021607,76.991801,Multi-cuisine / General,Not disclosed,4.3,140,1,4.948759890378168,28.0,4.475372364477167,4.189654742026425,1,1,0,1,0,1,1,0,0,1,0,0,0,0,0,0,0,0,0,0,1,0,0
ChIJqajCv3RXqDsRj6s5E6uXZBU,Kovai Kitchen,Civil Aerodrome Post,Coimbatore,11.035746,77.037419,North Indian & Global,Premium,4.6,650,1,6.478509642208569,115.5,9.475027641086715,3.828641396489095,1,1,0,1,1,1,1,1,1,1,1,1,1,1,0,1,1,1,0,1,1,0,0
ChIJTenBmwlZqDsRFvmecPHiGUY,ZEN Lounge & Kitchen,Coimbatore,Coimbatore,11.020813,76.990225,Multi-cuisine / General,Not disclosed,4.5,63,1,4.1588830833596715,84.0,4.288881203511324,4.219507705176107,1,0,1,1,0,1,0,0,0,1,0,0,0,0,0,0,0,0,0,0,1,0,0
ChIJYd0G1hNXqDsR9h_eZMHllgo,Covai coffee house,TNHB Housing Unit,Coimbatore,11.001599,77.028914,Cafe & Beverages,Not disclosed,4.5,45,1,3.828641396489095,168.0,7.410313655223502,4.304065093204169,1,0,0,1,0,0,1,0,0,0,0,0,0,0,0,0,0,0,1,1,1,0,0
ChIJd79QIChXqDsRHck6ib65kFk,SRI KUMBAKONAM CAFE,Agraharam,Coimbatore,11.001688,77.0368,Bakery & Desserts,Not disclosed,4.6,10,1,2.3978952727983707,119.0,8.267761894717294,4.276666119016055,1,0,1,0,0,0,0,0,0,0,0,0,0,0,0,0,0,0,0,1,1,0,0
ChIJYXeaVYFXqDsR4oO_h24nL_g,Chai Kings - Singanallur,Agraharam,Coimbatore,11.000946,77.032529,Cafe & Beverages,Not disclosed,3.5,30,0,3.4339872044851463,126.0,7.795929647407059,4.189654742026425,1,1,0,1,1,0,1,0,0,0,0,0,1,0,0,0,1,1,1,1,1,1,0
ChIJL9dHbsFXqDsR82bVMpQG1Q4,T Time,Vivekanandha Nagar,Singanallur,11.003351,77.043394,Multi-cuisine / General,Mid,4.4,84,1,4.442651256490317,108.5,9.002579797486348,4.2626798770413155,1,0,0,1,0,0,1,0,1,0,0,0,1,1,0,0,0,1,0,1,1,0,0
ChIJIZkvCQBXqDsRbdyPT7gcArA,Chaai Resto,Rajiv Gandhi Nagar,Coimbatore,10.998228,77.015459,Cafe & Beverages,Not disclosed,5.0,12,1,2.5649493574615367,84.0,5.9144918095642245,3.332204510175204,0,0,0,0,0,0,0,0,0,0,0,0,0,0,0,0,0,0,0,0,1,0,0
ChIJAwRVk1VXqDsRbW-oEGo-cmg,Tea Bench,Sri Vignesh Nagar,Coimbatore,11.006069,77.021004,Multi-cuisine / General,Not disclosed,4.9,11,1,2.4849066497880004,87.0,6.629700693851356,4.0943445622221,1,0,0,0,0,0,0,0,0,0,0,0,0,0,0,0,0,0,0,0,0,1,0
ChIJhfw7pmhXqDsRWxDyzD4ntZc,Tea boy,Srinivasa Garden,Coimbatore,11.014971,77.023692,Cafe & Beverages,Not disclosed,3.9,18,0,2.9444389791664403,108.5,7.166575922625126,4.127134385045092,1,0,0,1,0,0,1,0,1,0,0,0,0,0,0,0,0,0,0,1,1,1,0
ChIJM-HfT1RXqDsR-acOQ0V-sDI,Zan cafe coimbatore,Agraharam,Singanallur,11.000976,77.032584,Cafe & Beverages,Not disclosed,4.0,57,0,4.060443010546419,73.5,7.802210450618569,4.189654742026425,0,0,0,1,0,0,0,0,0,0,0,0,0,0,0,0,0,0,0,0,1,0,0
ChIJS5WYR2FXqDsRcmmRSVb00mQ,Abirami bakery tea & coffee,Rajiv Gandhi Nagar,Coimbatore,10.998206,77.015263,Fast food & Quick bites,Not disclosed,4.0,24,0,3.2188758248682006,112.0,5.89298103303948,3.367295829986474,0,0,0,0,0,0,0,0,0,0,0,0,0,0,0,0,0,0,0,1,1,0,0
ChIJJ2HEOQ5XqDsReCjupRRQKy4,Chechi Tea Shop,Narayanasamy Nagar,Neelikonampalayam,11.007243,77.04127,Cafe & Beverages,Not disclosed,4.3,266,1,5.58724865840025,72.0,8.830563743977534,4.143134726391533,0,0,0,0,0,0,1,0,0,0,0,0,0,0,0,0,0,0,0,1,1,0,0
ChIJa6uIlghXqDsRHFEjIs_Fvg8,Snackers spot,Singanallur,Coimbatore,11.005974,77.026449,Cafe & Beverages,Budget,4.7,23,1,3.1780538303479458,77.0,7.211980013005355,4.174387269895637,1,0,0,1,0,0,1,0,0,0,0,0,1,1,0,0,1,1,0,0,1,0,0
ChIJ1ZqrvExZqDsRJIpBlS-jOko,Bistro & Co,Sowripalayam Pirivu,Coimbatore,10.997454,76.999331,Multi-cuisine / General,Mid,4.6,1965,1,7.583756300707112,73.5,4.152443389535865,4.5217885770490405,1,1,0,1,1,1,1,1,1,1,1,0,1,1,0,0,1,1,0,0,1,0,0
ChIJ-ZnhMQBXqDsRMliXeCjGD34,Chichen Story,TNHB Housing Unit,Singanallur,11.000549,77.028446,Cafe & Beverages,Not disclosed,3.8,77,0,4.356708826689592,87.5,7.348098332629923,4.2626798770413155,1,0,0,1,0,1,0,0,0,1,0,0,0,0,0,0,0,0,1,0,1,0,0
ChIJ_b7dL3NZqDsRzUHuRS999RA,Madurai Bun Parotta Kadai,Gandhimaa Nagar,Coimbatore,11.042114,77.0027,South Indian & Regional,Budget,4.0,1513,0,7.322510433997394,84.0,6.944979400170229,2.3978952727983707,1,0,0,1,0,1,1,1,1,1,0,0,1,1,0,0,0,1,1,0,1,0,0
ChIJnc2aOIRXqDsR22AImGwyLZc,Selvam Chettinadu Mess,DJ Nagar,Coimbatore,11.02345,77.017479,South Indian & Regional,Not disclosed,4.0,657,0,6.489204931325317,110.25,6.910648789406571,5.087596335232384,1,0,0,1,0,1,0,0,0,1,0,0,0,0,0,0,0,0,1,0,1,0,0
ChIJY3dbXsNXqDsRKzRfxFfEDCg,SREE ATCHAYAM HOTEL,hopes,Coimbatore,11.023678,77.021268,North Indian & Global,Budget,4.3,16,1,2.833213344056216,112.0,7.290691203340062,5.030437921392435,1,0,0,1,0,0,1,0,1,0,0,0,1,1,0,0,0,0,0,1,1,0,0
ChIJI3_uaoZXqDsRK-dZQCOuK2w,k.k corner chettinadu mess,PKD Nagar,Coimbatore,11.025649,77.014579,South Indian & Regional,Not disclosed,3.8,178,0,5.187385805840755,108.5,6.753567225002284,5.159055299214529,0,0,0,1,0,0,1,0,0,0,0,0,0,0,0,0,0,0,0,1,1,0,0
ChIJyxd-KipYqDsRvoxP7B56E28,அரவிந்த் உணவகம்,HUDCO Colony,Coimbatore,11.021045,77.007813,Multi-cuisine / General,Budget,3.8,1268,0,7.1459844677143876,112.0,5.8575195920237855,4.442651256490317,0,0,0,1,0,0,1,1,1,0,0,0,1,1,0,0,0,1,0,1,1,0,0
ChIJ-deqMMZXqDsR43kbvze6n4g,Hotel Kannappa,Karuparampalayam Pirvu,Coimbatore,11.044929,77.048249,South Indian & Regional,Not disclosed,4.1,8457,0,9.042868018032435,77.0,11.007828236901963,3.7376696182833684,1,0,0,1,0,0,1,0,0,0,0,0,0,0,0,0,0,0,0,0,1,0,0
ChIJcRkly99ZqDsRPNw3bcgz9tA,Vinci Cloud Kitchen,Surya Garden,Coimbatore,11.024953,76.993571,South Indian & Regional,Budget,4.7,29,1,3.4011973816621555,19.0,4.870452355448379,4.248495242049359,1,1,0,1,1,0,1,0,1,0,1,1,1,1,0,1,0,1,0,0,1,0,0
ChIJmeTulDJXqDsRbq6tWYOJRj0,Bennenadu,Hope College,Coimbatore,11.023508,77.020312,Multi-cuisine / General,Not disclosed,4.5,244,1,5.501258210544727,56.0,7.188846061518706,5.030437921392435,1,0,0,1,0,0,0,0,0,0,0,0,0,0,0,0,0,0,1,0,1,0,0
ChIJ08SUFS9XqDsRT5vn1qlp0hQ,Indian Bakery,Agraharam,Coimbatore,11.001031,77.034319,Bakery & Desserts,Budget,4.3,25,1,3.258096538021482,87.0,7.991369757132118,4.23410650459726,1,0,0,1,0,0,0,0,0,0,0,0,0,0,0,0,0,0,0,0,0,1,0
ChIJdXjKc61XqDsRlCB6tAUbicY,CAKE LIFE,Agraharam,Coimbatore,11.000937,77.032715,Bakery & Desserts,Not disclosed,4.7,190,1,5.25227342804663,112.0,7.8160587771199515,4.204692619390966,1,0,0,1,0,0,0,0,0,0,0,0,0,0,0,0,0,0,1,0,1,0,0
ChIJ8_pQKXtXqDsRu5MqRl6xGHY,FB Cakes,Agraharam,Coimbatore,11.002461,77.039446,Bakery & Desserts,Not disclosed,4.6,769,1,6.646390514847729,108.5,8.563643802083597,4.110873864173311,1,1,0,1,0,1,0,0,0,1,0,0,0,0,0,0,0,0,1,0,1,1,0
ChIJiVL_6hNXqDsRh5QDeamEAJU,Thangam Bakery,Singanallur,Singanallur,11.000834,77.029839,Bakery & Desserts,Budget,3.7,420,0,6.042632833682381,126.0,7.502401472797156,4.2626798770413155,0,0,0,1,0,0,1,0,1,0,0,0,0,0,0,0,0,0,0,1,1,0,0
ChIJd03xwsxXqDsRLX4r2GDuuAo,"Melt In Mouth Cbe, Mom's baking Studio",Srinivasa Garden,Singanallur,11.014495,77.02838,Bakery & Desserts,Not disclosed,4.9,75,1,4.330733340286331,53.5,7.638257586910718,3.6635616461296463,1,0,0,1,0,0,0,0,0,0,0,0,0,0,0,0,0,0,0,0,1,0,0
ChIJswRScxNXqDsR9lyt-7shT3Q,The Cake Point,Agraharam,Singanallur,11.001652,77.035895,Bakery & Desserts,Not disclosed,3.9,238,0,5.476463551931511,84.0,8.169049315013458,4.290459441148391,1,0,0,1,0,0,1,0,1,0,0,0,1,0,0,0,1,1,0,0,1,1,0
ChIJBbEAPaBXqDsRycUn1OQ43v8,MANIKANDAN RAMU,Agraharam,Singanallur,11.001285,77.034431,Bakery & Desserts,Budget,4.6,29,1,3.4011973816621555,87.0,8.006115379058752,4.219507705176107,1,0,0,1,0,0,1,0,0,0,0,0,0,0,0,0,0,0,0,0,0,0,0
ChIJBxVpvbdZqDsRgrpeVJbbQ5E,KR Bakes,Coimbatore,Singanallur,11.003287,77.028311,Bakery & Desserts,Not disclosed,3.7,933,0,6.839476438228843,112.0,7.367093856221635,4.31748811353631,1,1,0,1,0,0,1,0,0,0,0,0,0,0,0,0,0,0,0,1,1,1,0
ChIJUeh4WN9KsA0RpPn6b8HjEkw,Y FOOODS,Agraharam,Coimbatore,11.00158,77.035871,Bakery & Desserts,Not disclosed,5.0,11,1,2.4849066497880004,48.0,8.16567788451937,4.290459441148391,0,0,0,1,0,0,1,0,0,0,0,0,0,0,0,0,0,0,0,0,1,0,0
ChIJxX4yiWxXqDsRJRurTXr6gX0,A.R. Bakery,Singanallur,Singanallur,11.000971,77.030755,Bakery & Desserts,Not disclosed,4.3,12,1,2.5649493574615367,112.0,7.603365839425118,4.290459441148391,0,0,0,1,0,0,0,0,0,0,0,0,0,0,0,0,0,0,0,1,1,0,0
ChIJF3PVfBBXqDsRQKXL0Nnf5M0,LJ Iyengars Cake Shop,Vivekanandha Nagar,Singanallur,11.003476,77.044366,Bakery & Desserts,Budget,4.0,110,0,4.709530201312334,94.5,9.10955503872439,4.276666119016055,1,0,0,1,1,0,1,0,1,0,0,0,0,0,0,0,1,1,0,0,1,0,0
ChIJq3eaDBVXqDsRIzYIyj1pwmM,Sri Mahalakshmi bakery,N.K. Palayam,Neelikonampalayam,11.01021,77.031187,Bakery & Desserts,Not disclosed,4.0,369,0,5.91350300563827,117.0,7.81258538466938,3.7376696182833684,1,0,0,1,0,1,1,0,0,1,0,0,0,0,0,0,0,0,0,1,1,1,0
ChIJGwoFvxVXqDsRi8PDfGyeCQI,Kovai Chilli Chicken & Biriyani Centre,ELGI Nagar,Coimbatore,10.981407,77.03349,Multi-cuisine / General,Not disclosed,3.9,19,0,2.995732273553991,87.0,8.00465942669127,3.4339872044851463,1,0,0,1,0,0,0,0,0,0,0,0,0,0,0,0,0,0,0,0,0,0,0
ChIJ-2zjEPJXqDsRiz2zDTCEhvw,J.M Briyani Centre,Agraharam,Singanallur,10.998945,77.03434,Fast food & Quick bites,Not disclosed,4.7,10,1,2.3978952727983707,105.0,7.976277268247722,4.110873864173311,0,0,0,1,0,0,0,0,0,0,0,0,0,0,0,0,0,0,0,0,1,0,0
ChIJd8N9k7NZqDsR818rvbBcRUY,Afghan Grill,Coimbatore,Coimbatore,11.010306,76.980688,North Indian & Global,Not disclosed,4.3,1043,1,6.950814768442584,33.25,2.7353830501992893,4.290459441148391,1,1,0,1,0,1,1,0,0,1,0,0,0,0,0,1,0,0,1,0,1,0,0
ChIJMcZWXUxXqDsRB-MwCQ6f7Wg,Shree Anandhaas | Avinashi Road,Civil Aerodrome Post,Coimbatore,11.040055,77.040483,Multi-cuisine / General,Mid,4.3,12715,1,9.450616322030694,112.0,10.002518586969854,4.060443010546419,1,1,0,1,0,0,1,1,1,1,0,0,1,1,0,0,1,1,0,1,1,1,1
ChIJ9V9PGZBZqDsRuNq4v6d-TgQ,China Town VOC,Periyar Nagar,Coimbatore,11.023232,77.010696,North Indian & Global,Mid,4.1,48,0,3.8918202981106265,49.0,6.251954075789091,4.844187086458591,1,0,0,1,0,0,1,1,0,0,0,0,1,1,0,0,1,1,0,0,1,0,0
ChIJZ212ffxXqDsR8JXCZG1FmrU,Hopesbus,Hope College,Coimbatore,11.025673,77.019699,North Indian & Global,Not disclosed,4.1,14,0,2.70805020110221,87.0,7.240776351122493,5.0689042022202315,0,0,0,0,0,0,0,0,0,0,0,0,0,0,0,0,0,0,0,0,0,0,0
ChIJXVMlvjFYqDsRL9qK3v_yEwc,Luvah Pizza,Peelamedu,Coimbatore,11.025187,77.006812,Fast food & Quick bites,Not disclosed,4.0,436,0,6.07993319509559,84.0,6.011315658945858,4.477336814478207,1,1,0,1,0,0,1,0,0,0,0,0,0,0,0,0,0,0,0,0,1,0,0
ChIJy39jtGtZqDsRQDn5LiCtqBY,Luvha Pizzeria,Peelamedu,Coimbatore,11.024879,77.006991,Fast food & Quick bites,Budget,4.6,34,1,3.5553480614894135,87.0,6.0081789618376344,4.465908118654584,1,0,1,1,1,0,1,0,1,1,0,0,0,1,0,0,1,1,0,0,0,0,0
ChIJYVF2NABZqDsRp2QAgR4DKmA,ARABIAN KNIGHTS,Lal Bahadhur Colony,Coimbatore,11.026375,76.994953,Multi-cuisine / General,Not disclosed,4.5,11,1,2.4849066497880004,87.0,5.088779449047828,4.1588830833596715,0,0,0,1,0,0,0,0,0,0,0,0,0,0,0,0,0,0,0,0,0,1,0
ChIJz__Xly9YqDsRMUldb0iJTbQ,Staar Grill,Peelamedu,Coimbatore,11.025065,77.000828,Multi-cuisine / General,Not disclosed,4.2,78,1,4.3694478524670215,70.0,5.476826609964068,4.31748811353631,1,0,0,1,0,0,0,0,0,0,0,0,0,0,0,0,0,0,0,0,1,0,0
ChIJj4swRItXqDsRnNgzT7Xz0VE,ALAM Grilled Wraps,B.R. Puram Industrial Estate,Coimbatore,11.037284,77.015176,Multi-cuisine / General,Mid,4.1,528,0,6.270988431858299,84.0,7.548320211893864,3.7376696182833684,1,0,0,0,0,1,1,1,1,1,0,1,1,1,1,0,1,1,0,0,1,0,0
ChIJFwkvbwBZqDsR9b3pYRj4vrs,FROVAÉ Coimbatore,CBE,Coimbatore,11.022841,76.998476,Bakery & Desserts,Not disclosed,4.7,78,1,4.3694478524670215,66.5,5.1222830949495854,4.442651256490317,1,0,0,1,0,0,1,1,1,0,0,0,1,1,0,0,1,1,0,0,1,0,0
ChIJeVIw3TFYqDsRgA8xUCkDKAE,Cream Stone,Peelamedu,Coimbatore,11.022476,76.998335,Bakery & Desserts,Not disclosed,4.2,2673,1,7.891330757661889,91.0,5.08529510832571,4.442651256490317,1,1,0,0,0,0,1,0,0,0,0,0,0,0,0,0,0,0,1,0,1,0,0
ChIJ8SxPW3BZqDsRZg-T1wxklsU,ROCK STONE LA MENSA ETHINIC ITALIAN,Peelamedu,Coimbatore,11.019138,76.990874,North Indian & Global,Mid,4.0,218,0,5.389071729816501,97.0,4.218323980690189,4.330733340286331,1,0,0,1,0,0,1,1,1,1,1,0,1,1,1,0,1,1,1,0,1,0,0
ChIJbYFxiQNZqDsRHY7igKMTwCE,Chilled Drilled,Masakalipalayam,Coimbatore,11.022147,76.999483,Bakery & Desserts,Not disclosed,4.8,400,1,5.993961427306569,84.0,5.1634085473023985,4.394449154672439,1,0,0,1,0,1,0,0,0,1,0,0,0,0,0,0,0,0,1,0,1,0,0
ChIJ55qBOwBZqDsRS4l1eG33HQA,MILK STORIES,Coimbatore,Coimbatore,11.018043,76.990933,Bakery & Desserts,Not disclosed,4.3,25,1,3.258096538021482,77.0,4.145619496288043,4.31748811353631,1,0,0,1,0,1,1,0,0,1,0,0,0,1,0,0,0,0,1,0,1,0,0
ChIJYTPdgJ9ZqDsR0nHuosFvKvg,Baskin Robbins,Peelamedu,Coimbatore,11.025069,77.007024,Bakery & Desserts,Not disclosed,4.3,82,1,4.418840607796598,98.0,6.023019936360493,4.465908118654584,1,1,0,1,0,0,0,0,0,0,0,0,0,0,0,0,0,0,1,0,1,1,0
ChIJdR1e-yhYqDsRUfBSEEPbFNE,Boomerang Ice Cream,HUDCO Colony,Coimbatore,11.024257,77.007003,Bakery & Desserts,Not disclosed,4.3,3064,1,8.027802848370312,84.0,5.970792242498757,4.51085950651685,1,1,0,1,0,0,1,1,1,0,1,1,1,1,0,0,1,1,0,0,1,1,0
ChIJr7GmxglXqDsRT3iMh7L4-2k,Swirlyo,Sitra,Coimbatore,11.035934,77.035132,Bakery & Desserts,Not disclosed,4.9,43,1,3.784189633918261,91.0,9.267571805284659,3.7376696182833684,1,1,0,1,0,1,1,1,1,1,0,1,1,1,0,0,0,0,1,0,1,0,0
ChIJwRNWS11XqDsRevZ-ual4daQ,Seyo,Maheshwari Nagar,Coimbatore,11.033692,77.014493,Bakery & Desserts,Not disclosed,5.0,27,1,3.332204510175204,87.0,7.244040640550891,4.330733340286331,1,1,0,0,0,0,1,0,0,0,0,0,0,0,0,0,0,0,0,0,0,0,0
ChIJ9Ubr-gtZqDsRAdOPpAVQEG4,Mumbai Kulfi,Masakalipalayam,Coimbatore,11.022103,76.998465,Bakery & Desserts,Not disclosed,4.4,195,1,5.278114659230518,92.75,5.071434984546523,4.442651256490317,1,1,0,1,0,0,1,0,1,0,0,0,0,1,0,0,1,1,1,0,1,1,0
ChIJ83NDp55XqDsRC5Muvzpqp9E,Lord of Waffles (KANNAN FOODS),Periyar Nagar,Coimbatore,11.023347,77.010519,Bakery & Desserts,Not disclosed,4.9,655,1,6.486160788944089,56.0,6.241873120170671,4.812184355372417,1,0,1,1,0,0,0,0,0,0,0,0,0,0,0,0,0,0,1,0,1,0,0
ChIJ2QmCIMdXqDsRLtGkUAEPgpQ,The Maple Waffle,Peelamedu,Coimbatore,11.024511,77.021133,Bakery & Desserts,Not disclosed,4.8,48,1,3.8918202981106265,84.0,7.319102261567463,5.043425116919247,1,1,0,1,0,0,0,0,0,0,0,0,0,0,0,0,0,0,0,0,1,1,0
ChIJpbe0kaxXqDsRr56zvcMd4Ck,Melt and Mingle,Peelamedu,Coimbatore,11.023361,77.021755,Bakery & Desserts,Not disclosed,4.7,1464,1,7.289610521451167,105.0,7.3229119436768535,5.049856007249537,1,1,0,1,1,0,1,0,1,0,1,0,1,0,0,0,1,1,0,0,1,0,0
ChIJ5RJjb_JXqDsRLGlezIhoNFQ,Kovai Juice Corner (Hopes Signal),Peelamedu,Coimbatore,11.026525,77.017521,Cafe & Beverages,Budget,4.8,24,1,3.2188758248682006,105.0,7.079794962775028,5.117993812416755,1,0,0,1,0,0,1,0,0,0,0,0,1,1,0,0,0,0,0,0,1,0,0
ChIJ5dih0htXqDsRdXbvFy7Trb0,Kulukki Sarbath,DJ Nagar,Coimbatore,11.023903,77.017515,Cafe & Beverages,Not disclosed,4.2,139,1,4.941642422609304,132.0,6.937639653386723,5.093750200806762,1,0,0,0,0,0,0,0,0,0,0,0,0,0,0,0,0,0,1,1,1,0,0
ChIJjSlf9yhYqDsRSng3T_v-5c0,GR Bakery | Fruits & Juices,Peelamedu,Coimbatore,11.024663,77.007215,Cafe & Beverages,Not disclosed,4.0,88,0,4.48863636973214,69.0,6.01506470209685,4.465908118654584,0,0,0,0,0,0,0,0,0,0,0,0,0,0,0,0,0,0,0,0,1,0,0
ChIJz0-W_C5YqDsRrg3XyWBJN3I,Pazhamudir Nilayam Juice Shop,Peelamedu,Coimbatore,11.023414,77.002448,Cafe & Beverages,Mid,3.9,155,0,5.049856007249537,98.0,5.5080676458749345,4.465908118654584,1,1,0,1,0,0,1,0,0,0,0,0,0,1,0,0,1,0,0,1,1,0,0
ChIJyZWasXJXqDsRZ16GmoTTQOU,Fasta Pizza Peelamedu,PEELAMEDU,Coimbatore,11.023384,77.021753,Fast food & Quick bites,Not disclosed,3.9,49,0,3.912023005428146,91.0,7.3238326341067665,5.056245805348308,1,0,0,1,0,1,0,0,0,1,0,0,0,0,0,0,0,0,0,0,1,0,0
ChIJkdFLNABZqDsRA3Xk1vt_fQ8,"FUEL JUICE & PASTA BAR | GANDHIMA NAGAR, COIMBATORE",Gandhimaa Nagar,Coimbatore,11.040037,77.002221,Cafe & Beverages,Budget,4.7,225,1,5.420534999272286,84.0,6.736262949298057,2.3978952727983707,1,1,0,1,1,1,1,1,1,1,0,0,1,1,0,0,1,1,0,0,1,0,0
ChIJI-kYVS9XqDsRDQGYyhiv_FE,Juice World Fresh ‘N’ Juicy,Nehru Nagar West,Coimbatore,11.038901,77.03491,Cafe & Beverages,Mid,4.3,138,1,4.9344739331306915,84.0,9.414847008357665,3.8501476017100584,1,1,0,1,0,1,1,1,1,1,0,0,1,1,1,0,1,1,0,0,1,0,1
ChIJ8-8uHgBXqDsRSegzfMu_tJU,Queen's Restaurant,Sivasakthi Nagar,Coimbatore,11.040356,77.023879,Multi-cuisine / General,Not disclosed,4.6,29,1,3.4011973816621555,87.0,8.50816818361859,1.3862943611198906,0,0,0,1,0,0,0,0,0,0,0,0,0,0,0,0,0,0,0,0,0,0,0
ChIJRWte3BdXqDsRYSuWuLCEzNY,Mario Juice Corner,Alamelu Nagar,Coimbatore,11.02307,77.02198,Cafe & Beverages,Not disclosed,3.7,416,0,6.0330862217988015,98.0,7.330984471322904,4.990432586778736,0,0,0,0,0,0,1,0,0,0,0,0,0,0,0,0,0,0,0,0,1,0,0
ChIJ82yaIuFZqDsROiUI8L3syGU,Mario juicy,Murugan Nagar,Coimbatore,11.040241,77.002977,Cafe & Beverages,Budget,4.3,201,1,5.308267697401205,95.0,6.8080123096663385,2.3978952727983707,1,0,0,1,0,0,1,1,0,0,0,0,1,1,0,0,0,1,1,0,1,1,0
ChIJp3rkgH1ZqDsRFlG-q5tw4ZI,Gurunatha Juice World,Gandhimaa Nagar,Coimbatore,11.042477,77.003057,Multi-cuisine / General,Not disclosed,4.9,21,1,3.091042453358316,87.5,7.000975135347115,2.3978952727983707,1,0,0,1,0,0,0,0,0,0,0,0,0,0,0,0,0,0,0,0,1,0,0
ChIJValCan9XqDsRL-KSve4TTXs,Refuel,Hope College,Coimbatore,11.02392,77.0179,Cafe & Beverages,Not disclosed,4.5,138,1,4.9344739331306915,119.0,6.975649835921517,5.093750200806762,1,0,0,1,0,0,1,0,1,0,0,0,1,0,0,0,0,1,1,0,1,0,0
ChIJj1v99I5XqDsR8Am9K1mjUKM,Jus De Fruits (Juice Parlor),B.R. Puram Industrial Estate,Coimbatore,11.031251,77.018841,Cafe & Beverages,Not disclosed,4.5,14,1,2.70805020110221,62.5,7.477689645312423,4.927253685157205,1,0,0,1,0,0,1,0,0,0,0,0,0,1,0,0,1,1,0,0,1,0,0
ChIJIwAAALxXqDsRwUZRbSJYTnA,Mario Juicy,Civil Aerodrome Post,Coimbatore,11.036371,77.035799,Cafe & Beverages,Not disclosed,4.2,2448,1,7.803435056952168,84.0,9.354884218562631,3.7612001156935624,1,0,0,1,0,0,1,0,0,0,0,0,0,0,0,0,0,0,0,0,1,1,0
ChIJU0P3SsFXqDsRtGIdmHkR4YA,Today Fresh juice,Anna Nagar,Coimbatore,11.020688,77.010706,Multi-cuisine / General,Not disclosed,3.5,35,0,3.58351893845611,105.0,6.113732065820285,4.770684624465665,0,0,0,1,0,0,0,0,0,0,0,0,0,0,0,0,0,0,0,1,1,0,0
ChIJ9yz7U2FZqDsRM0WPeaEAfUI,SIP & FLIP (coconut milk natural juice),Cheran ma Nagar,Coimbatore,11.039424,77.014628,Cafe & Beverages,Mid,4.3,18,1,2.9444389791664403,91.0,7.654656939454198,3.6375861597263857,1,0,0,1,0,0,1,0,1,0,1,0,0,1,0,0,0,1,0,0,1,0,0
ChIJ1zuxu_FXqDsRrl5hWQWf5Kk,Terns,Karuparampalayam Pirvu,Coimbatore,11.048049,77.051092,Multi-cuisine / General,Not disclosed,4.6,2038,1,7.620214770574455,84.0,11.452233608993884,3.044522437723423,1,1,0,1,0,1,1,0,0,1,0,0,0,0,0,1,0,0,1,0,1,0,0
ChIJT7d2JwhXqDsRYanbff5wG8k,Sri Mahalakshmi Chettinad Mess,SIHS Colony,Neelikonampalayam,11.017141,77.042974,South Indian & Regional,Not disclosed,3.9,63,0,4.1588830833596715,112.0,9.249845851875268,1.791759469228055,0,0,0,0,0,0,1,0,0,0,0,0,0,0,0,0,0,0,0,1,1,0,0
ChIJLWjqYT5XqDsR2GhnDUKdu1c,Vadugai Family Restaurant,Pattanam Pudur,Pattanam,10.989331,77.05565,Multi-cuisine / General,Premium,3.9,2621,0,7.871692664323645,84.0,10.30452214568501,1.791759469228055,1,0,0,1,0,0,1,1,1,1,1,1,1,1,1,1,1,1,0,0,1,0,0
ChIJwavSWqxXqDsRf1M3ZVBROz4,SINGAI STAR BIRYANI,TNHB Housing Unit,Coimbatore,11.003149,77.027958,Biryani & Non-veg,Mid,3.8,41,0,3.7376696182833684,77.0,7.3268924708478735,4.31748811353631,1,0,0,1,0,1,1,1,1,1,1,1,1,1,0,0,1,1,0,0,1,0,0
ChIJg0ekD_BXqDsRZbttc3VhbfE,SNACKS SHOP,Singanallur,Singanallur,11.001008,77.030325,Fast food & Quick bites,Not disclosed,4.9,24,1,3.2188758248682006,87.0,7.557021919862454,4.248495242049359,1,0,0,1,0,0,0,0,0,0,0,0,0,0,0,0,0,0,0,0,0,0,0
ChIJD63zo39XqDsRibJX1hJ96Xk,Hungry Wheelz Cloud Kitchen,Mullai Nagar,Coimbatore,11.013787,77.020753,Fast food & Quick bites,Mid,4.4,197,1,5.288267030694535,77.0,6.820669380666284,4.143134726391533,1,0,0,1,1,0,1,0,1,0,0,0,1,1,0,0,0,1,1,0,1,0,0
ChIJI47tohpXqDsR50VDtp_pxF4,JP FOOD TRUST,Maheshwari Nagar,Coimbatore,10.99901,77.023543,Multi-cuisine / General,Not disclosed,4.5,25,1,3.258096538021482,87.0,6.80080591390052,4.02535169073515,1,0,0,1,0,0,0,0,0,0,0,0,0,0,0,0,0,0,0,0,0,0,0
ChIJSWSt7ZtXqDsRipa7NB6Voc8,Chai Sutta Bar - Hopes,Hope College,Coimbatore,11.025528,77.01696,Cafe & Beverages,Budget,4.4,442,1,6.093569770045136,104.0,6.971543183995684,5.111987788356544,1,1,0,1,0,0,1,1,1,0,0,0,1,1,1,0,1,1,0,0,1,0,0
ChIJeU08XdZXqDsRUVQyD84lyfE,KFC,Coimbatore,Singanallur,11.00092,77.03013,Multi-cuisine / General,Not disclosed,4.4,1984,1,7.59337419312129,84.0,7.53491441480852,4.248495242049359,1,1,0,1,0,1,1,0,0,1,0,0,0,0,0,1,0,0,0,0,1,0,0
ChIJla_cF8dXqDsR2lSM5nrvou8,Coffee Tea And More,Civil Aerodrome Post,Coimbatore,11.041188,77.04058,Cafe & Beverages,Not disclosed,4.1,703,0,6.556778356158042,168.0,10.075831368752738,4.110873864173311,1,1,0,1,0,0,1,0,0,0,0,0,0,0,0,0,0,0,1,1,1,0,0
ChIJgYYaVj9ZqDsRGmhOrzDsH_U,Tea Boy Peelamedu,Peelamedu,Coimbatore,11.02925,77.002238,Cafe & Beverages,Not disclosed,4.6,20,1,3.044522437723423,114.5,5.891773453673159,4.1588830833596715,1,0,0,1,0,0,1,0,0,0,0,0,0,0,0,0,0,0,0,1,1,0,0
ChIJCx3ULBpZqDsRcyEV6s7U57A,Tea Time,Peelamedu,Coimbatore,11.024762,77.006939,Cafe & Beverages,Not disclosed,4.5,20,1,3.044522437723423,81.0,5.996193314138296,4.477336814478207,1,0,0,0,0,0,1,0,1,0,0,1,1,1,0,0,0,1,0,1,1,1,1
ChIJRd8DTX9XqDsRgcCdf0npGB0,ON TEA,Sri Lakshmi Nagar,Coimbatore,11.032713,77.016348,Cafe & Beverages,Not disclosed,4.6,17,1,2.8903717578961645,119.0,7.3436545277178835,4.605170185988092,0,0,0,1,0,0,0,0,0,0,0,0,0,0,0,0,0,0,0,1,1,0,0
ChIJOQFKNABZqDsR4jcIFwufeig,Tea Bench,Gandhimaa Nagar,Coimbatore,11.040005,77.001914,Cafe & Beverages,Not disclosed,4.9,12,1,2.5649493574615367,78.0,6.711470687425666,2.3978952727983707,0,0,0,0,0,0,0,0,0,0,0,0,0,0,0,0,0,0,0,1,1,1,0
ChIJT3ykRwBXqDsRG5wepw_ghpY,Tea boy,Hope College,Coimbatore,11.02296,77.022004,Cafe & Beverages,Budget,4.8,14,1,2.70805020110221,87.0,7.328076546774656,4.990432586778736,0,0,0,0,0,0,1,0,0,0,0,0,1,1,0,0,0,1,0,0,0,1,0
ChIJG-Hnq3RZqDsRU3I3yV2HPPc,Thirumathi Coffee Center,Peelamedu,Coimbatore,11.024757,77.006939,Cafe & Beverages,Budget,4.9,28,1,3.367295829986474,78.0,5.995882392575529,4.477336814478207,1,0,0,1,0,0,1,0,1,0,0,0,1,1,0,0,0,1,0,1,1,0,0
ChIJa_7q-xlZqDsRmDYhNpvG40Q,Chai Kings - Peelamedu,Peelamedu,Coimbatore,11.022405,76.998162,Cafe & Beverages,Not disclosed,3.8,723,0,6.584791392385716,87.0,5.065516571082348,4.3694478524670215,1,1,0,1,0,1,1,0,0,1,0,0,0,0,0,0,0,0,0,0,0,1,0
ChIJA3hKnFdXqDsRYDuLfQFHKOk,Kovai Karuppatti Coffee,Sivasakthi Nagar,Coimbatore,11.039204,77.014579,Cafe & Beverages,Budget,4.2,235,1,5.4638318050256105,108.5,7.634685854214812,3.6635616461296463,1,0,0,1,0,0,1,1,0,0,0,0,1,1,0,0,0,1,0,1,1,0,0
ChIJs7XcXahZqDsR-iLnwXgW1cM,Masala Tea,Lal Bahadhur Colony,Coimbatore,11.028317,76.994928,Cafe & Beverages,Not disclosed,4.9,13,1,2.639057329615259,87.0,5.239100087518514,4.0943445622221,1,0,0,1,0,0,0,0,0,0,0,0,0,0,0,0,0,0,0,0,0,0,0
ChIJc3gZFtBXqDsRLYPyc9QNR9g,galwaycofferoaster,Peelamedu,Coimbatore,11.024987,77.012028,Cafe & Beverages,Not disclosed,4.9,12,1,2.5649493574615367,168.0,6.47712015089531,4.976733742420574,1,1,0,0,0,0,1,0,0,0,0,0,0,0,0,0,0,0,1,1,1,0,0
ChIJy7ItV6lZqDsRU1lDpJJNXoY,Velan Kaappi,Masakalipalayam,Coimbatore,11.022265,76.999868,Cafe & Beverages,Not disclosed,4.0,162,0,5.093750200806762,113.75,5.205040821009452,4.343805421853684,1,1,0,1,0,0,0,0,0,0,0,0,0,0,0,0,0,0,0,1,1,1,0
ChIJKakc091ZqDsRFyT0k7K3M2g,House Of Secrets,Ramanujam Nagar,Coimbatore,11.024405,77.006658,Cafe & Beverages,Budget,4.1,51,0,3.9512437185814275,31.5,5.9485888085242005,4.499809670330265,1,1,0,0,0,0,1,0,1,0,0,0,1,1,0,0,0,1,0,0,1,0,0
ChIJuwxZxmVXqDsRQU6m9E4b1cs,Suvai Biriyani,Sakkarai Chetiyar Colony,Singanallur,11.007282,77.028054,Multi-cuisine / General,Budget,4.4,16,1,2.833213344056216,87.0,7.410797169595292,4.219507705176107,1,0,0,1,0,0,1,0,0,0,0,0,1,0,0,0,0,0,0,0,0,0,0
ChIJETcL7OlZqDsRKEc-UOAaGCs,BiryaniDay RestoCafe,Pappanaickenpalayam,Coimbatore,11.01509,76.984576,Multi-cuisine / General,Not disclosed,4.1,552,0,6.315358001522335,168.0,3.404443455221971,4.174387269895637,1,0,1,1,0,1,1,0,0,1,0,0,0,0,0,0,0,0,1,1,1,0,0
ChIJ9ekzfUFZqDsRiwW7Ecpnl2s,Heavenly Knights,Race Course,Coimbatore,11.003165,76.982778,North Indian & Global,Not disclosed,4.6,290,1,5.673323267171493,70.0,2.5203312415425634,4.5217885770490405,1,1,0,1,0,1,0,0,0,1,0,0,0,0,0,0,0,0,1,0,1,0,0
ChIJ4WwkyjxXqDsRIM6gNYaMEbs,Ravuthar biriyani,Anna Nagar,Neelikonampalayam,11.009653,77.029656,Biryani & Non-veg,Budget,4.0,43,0,3.784189633918261,84.0,7.635933502538251,3.9889840465642745,0,0,0,1,0,0,1,1,1,0,0,0,0,1,0,0,0,0,0,0,1,0,0
ChIJBXm6p0VZqDsRFgNZXPe96rA,Covai ANGANAN Biriyani House,Puliakulam,Coimbatore,11.01082,76.985499,Biryani & Non-veg,Not disclosed,4.5,4458,1,8.402679804627477,84.0,3.189367249017669,4.31748811353631,1,1,0,1,0,0,1,0,0,0,0,0,0,0,0,0,0,0,0,0,1,1,0
ChIJJcVCW-JZqDsRgy97L6AIJo8,Ambur Star Briyani,Gopalapuram,Coimbatore,11.007031,76.970035,Biryani & Non-veg,Premium,4.7,2675,1,7.892078421248119,84.0,1.6730232312007343,4.77912349311153,1,1,0,1,0,0,1,1,1,0,0,0,1,1,0,0,1,1,0,0,1,1,0
ChIJd0ZWUgBXqDsRqLA6vvsKlO0,HSR Biryani,RS Puram,Coimbatore,11.019255,77.022914,South Indian & Regional,Not disclosed,3.7,16,0,2.833213344056216,73.5,7.252349784647116,4.8283137373023015,1,0,0,1,0,0,0,0,0,0,0,0,0,0,0,0,0,0,0,0,1,0,0
ChIJW_M2y9lVqDsRc5n4rtbpGlc,Mario juicy bustand sulur,Sulur,Sulur,11.028698,77.129557,Multi-cuisine / General,Not disclosed,4.5,32,1,3.4965075614664802,87.5,18.741472269260786,4.007333185232471,1,0,0,1,0,0,0,0,0,0,0,0,0,0,0,0,0,0,0,0,1,0,0
ChIJ5YIRzW1XqDsRKzW8nvl0am0,Bhai Biriyani,Singanallur,Singanallur,11.002867,77.02849,Biryani & Non-veg,Budget,3.0,23,0,3.1780538303479458,80.5,7.380506960673863,4.330733340286331,0,0,0,1,0,0,1,1,0,0,0,0,0,0,0,0,0,0,0,0,1,0,0
ChIJg6mfxg9VqDsRgSCz_uQoXC8,Mario Juicy,Sulur,Sulur,11.025396,77.121058,Cafe & Beverages,Not disclosed,4.2,929,1,6.835184586147301,98.0,17.75965599111413,3.6109179126442243,0,0,0,1,0,0,1,0,0,0,0,0,0,0,0,0,0,0,0,0,1,1,0
ChIJs5UPxNJVqDsRy_zzFXx643k,It's Me Fruit & Juice Park,PKT Nagar,Sulur,11.028216,77.13309,Cafe & Beverages,Budget,5.0,22,1,3.1354942159291497,74.0,19.108735005519165,3.9318256327243257,1,0,0,1,0,0,1,0,0,0,0,0,0,1,0,0,0,0,0,0,1,0,0
ChIJ0dhvoZpVqDsRqy4B2fqzn40,Be Natural,sulur,Kangayampalayam,11.028994,77.155175,Cafe & Beverages,Not disclosed,5.0,13,1,2.639057329615259,84.0,21.493067575133136,1.791759469228055,1,0,0,1,0,0,1,0,0,0,0,0,0,1,0,0,0,1,0,0,1,0,0
ChIJRQvihQpZqDsRnKR1FK64M7U,Priya Juice And Cakes,Town Hall,Coimbatore,10.993857,76.963315,Cafe & Beverages,Budget,4.5,1680,1,7.427144133408616,77.0,0.22476496325756448,5.10594547390058,1,0,0,1,0,0,1,1,0,0,0,0,1,1,0,0,1,1,0,0,1,0,0
ChIJn5asnvtZqDsRhscUwgrJ0Rk,Aruna veg restaurant,Sowripalayam Pirivu,Coimbatore,10.998153,76.99554,South Indian & Regional,Not disclosed,4.3,173,1,5.159055299214529,105.0,3.747377854180962,4.727387818712341,1,1,0,1,0,0,1,0,0,0,0,0,0,0,0,0,0,0,0,1,1,0,0
ChIJKepmATD1qDsRptakikNICe0,Mekong - Pan Asian Restaurant,22 - Nanjundapuram,Coimbatore,11.09249,76.901851,North Indian & Global,Not disclosed,4.8,332,1,5.808142489980444,80.5,12.677400358372036,0.6931471805599453,1,1,0,1,0,0,1,1,0,0,1,0,1,1,1,0,0,1,0,0,1,0,0
ChIJJ8aDKDNZqDsRkSeCvRoE23w,Hotel Sai brindhavan,T Nagar,Coimbatore,10.995597,77.000443,South Indian & Regional,Not disclosed,4.3,1157,1,7.05444965813294,112.0,4.263132624458221,4.442651256490317,1,0,0,1,0,0,1,0,0,0,0,0,0,0,0,0,0,0,0,1,1,1,0
ChIJ5xFNHnlZqDsRk8VPeJplL6A,Little Soi - Coimbatore,Pudur,Coimbatore,11.013024,76.988616,North Indian & Global,Not disclosed,4.7,6573,1,8.790877754224164,50.0,3.6085591081035897,4.3694478524670215,1,0,0,1,1,1,1,1,1,1,1,1,1,1,1,1,1,1,0,0,1,0,0
ChIJ19sP1JNZqDsRyWPGAPypOEA,"MSR Biriyani Hotel, Ramanathapuram",Ramanathapuram,Coimbatore,10.991697,76.998423,Biryani & Non-veg,Mid,3.9,860,0,6.7580945044277305,98.0,4.054098530470874,4.3694478524670215,1,1,0,1,0,0,1,1,1,0,1,0,1,1,0,0,1,1,1,0,1,0,0
ChIJIZwjkMJYqDsRJJN_mi370ok,Ninhao New Age Chinese Restaurant,Saibaba Colony,Coimbatore,11.025537,76.936533,North Indian & Global,Not disclosed,4.3,2294,1,7.738488122494646,53.083333333333336,4.381858040435325,4.624972813284271,1,1,0,1,0,1,1,0,0,1,0,0,0,0,0,0,0,0,0,0,1,0,0
ChIJ66kiDMNZqDsRLcdlc2eOcT8,Sri Surya,Ramanathapuram,Coimbatore,10.996916,76.996643,South Indian & Regional,Not disclosed,3.9,2021,0,7.611842399580417,57.75,3.8555083145135303,4.663439094112067,1,0,0,1,0,0,1,0,0,0,0,0,0,0,0,0,0,0,0,0,1,0,0
ChIJLWQ5uDZZqDsRElswVifDIFU,VIRUNTHINAI MULTI CUISINE Veg Restaurant,Saibaba Colony,Coimbatore,11.024268,76.941151,Vegetarian,Not disclosed,4.9,16,1,2.833213344056216,105.0,3.9708559982749287,5.056245805348308,1,0,0,1,0,0,1,0,0,0,0,0,1,0,0,0,0,1,0,1,1,0,1
ChIJTSKfW8FZqDsRiy6OLVvdeNE,HMR BIRIYANI HUT RAMANATHAPURAM,Signal,Coimbatore,10.996889,76.995786,Biryani & Non-veg,Mid,3.9,5718,0,8.651549243915316,84.0,3.7619736883971338,4.68213122712422,1,1,0,1,0,0,1,1,1,1,1,0,1,1,0,0,1,1,0,0,1,0,0
ChIJ3UcHc9BZqDsRjuVCEPXZeVw,Bizou Cafe & Grill,Saibaba Colony,Coimbatore,11.023164,76.949334,North Indian & Global,Premium,4.3,427,1,6.059123195581797,82.5,3.4383898668154345,4.912654885736052,1,1,0,1,1,1,1,1,0,1,1,1,1,1,1,0,1,1,0,0,1,0,0
ChIJpd3zBGBZqDsRkzOa9OfEhMc,"ShackTown — Rolls, Cafe & Biryani, Saibaba Colony",Saibaba Colony,Coimbatore,11.025226,76.939402,Cafe & Beverages,Not disclosed,4.3,816,1,6.705639094860003,126.0,4.1667903617558055,5.030437921392435,1,1,0,1,0,1,1,0,0,1,0,0,0,0,0,0,0,0,1,0,1,0,0
ChIJNVKmSQBZqDsRRldGtVaKx5c,The Celeste - Rooftop Cafe,Saibaba Colony,Coimbatore,11.026744,76.946303,North Indian & Global,Not disclosed,4.6,145,1,4.983606621708336,72.0,3.9358011279451666,4.969813299576001,1,1,0,1,0,1,0,0,0,1,0,0,0,0,0,0,0,0,1,0,1,0,0
ChIJ4V54MQBZqDsRrZ5tD3ExFkQ,SmokyMan Coimbatore (American Restaurant),post,Coimbatore,11.025141,76.946359,Multi-cuisine / General,Not disclosed,4.6,99,1,4.605170185988092,84.0,3.7720051207083367,5.003946305945459,1,0,0,1,0,0,1,0,1,0,0,0,1,1,0,0,0,1,1,0,1,0,0
ChIJc7oBfqdZqDsRscs4kv9MyUQ,En-gulf mandi,Saibaba Colony,Coimbatore,11.025144,76.946254,Multi-cuisine / General,Mid,4.5,547,1,6.306275286948016,52.5,3.7773071629630124,4.997212273764115,1,0,0,1,0,0,1,0,1,0,0,0,1,1,0,0,0,1,0,0,1,0,0
ChIJExxkIoBZqDsRtwOTd7FTjLA,Cafe Asia,Kuppakonam Pudur,Coimbatore,11.027261,76.946066,North Indian & Global,Not disclosed,4.4,287,1,5.662960480135946,35.0,3.998837601793728,4.955827057601261,1,0,0,1,0,0,1,0,0,0,0,0,0,0,0,0,0,0,0,0,1,0,0
ChIJM1cvVvpZqDsRLl1ba0hKAK0,"U-TURN BISTRO Restaurant, Coimbatore.",Saibaba Colony,Coimbatore,11.025171,76.938453,North Indian & Global,Premium,4.7,426,1,6.056784013228625,80.5,4.2224003370518775,4.997212273764115,1,1,0,1,0,0,1,1,1,1,1,0,1,1,0,0,1,1,0,0,1,0,0
ChIJE2sk4OVYqDsRF2FiXqIg64M,Ramesh Mess,Saibaba Colony,Coimbatore,11.022918,76.947286,South Indian & Regional,Not disclosed,4.3,3273,1,8.09376775793108,54.0,3.505463108784896,5.030437921392435,1,0,0,1,0,0,1,0,0,0,0,0,0,0,0,0,0,0,0,1,1,0,0
ChIJ6dgfnd1YqDsRO6gCOv8tYlY,Yari,Saibaba Colony,Coimbatore,11.020948,76.940456,Vegetarian,Premium,4.2,4602,1,8.434463543817241,49.0,3.716099656003982,5.017279836814924,1,0,0,1,0,1,1,1,1,1,1,0,1,1,1,1,1,1,0,0,1,0,1
ChIJy_1-JABZqDsRlM0UkBHDckM,Nosh-Up Cafe,Saibaba Colony,Coimbatore,11.022162,76.93715,Cafe & Beverages,Mid,4.8,98,1,4.59511985013459,59.5,4.049516914126878,4.61512051684126,1,0,1,1,0,1,1,0,1,1,0,1,1,1,0,0,0,1,0,0,1,0,0
ChIJDfUSNTlZqDsRPWnrUnthGtc,Cafe CakeBee,Saibaba Colony,Coimbatore,11.023535,76.943993,Cafe & Beverages,Not disclosed,4.2,708,1,6.5638555265321274,105.0,3.7365269794490015,5.093750200806762,1,0,0,1,0,0,1,0,0,0,0,0,0,0,0,0,0,0,0,0,1,0,0
ChIJG6dJeQBZqDsRy6ZKPkLF6Wo,Hastag91 Saibaba Colony,Kuppakonam Pudur,Coimbatore,11.026939,76.944397,Cafe & Beverages,Premium,4.8,85,1,4.454347296253507,84.0,4.046589339475161,5.062595033026967,1,0,0,0,0,0,1,1,1,0,1,1,1,1,0,0,0,0,0,0,1,0,0
ChIJez77kHZZqDsROAI6YaLvOZ0,Paravai's HUB,Saibaba Colony,Coimbatore,11.023009,76.946437,Cafe & Beverages,Not disclosed,4.7,203,1,5.318119993844216,56.0,3.5561491788204833,5.056245805348308,1,0,0,1,0,0,1,0,0,0,0,0,0,0,0,0,0,0,0,0,1,0,0
ChIJpwjwu9RZqDsRqZL_pWol5SM,FD Cafe,Saibaba Colony,Coimbatore,11.023157,76.94107,Cafe & Beverages,Premium,4.4,239,1,5.480638923341991,46.0,3.873893617293179,5.0106352940962555,1,0,1,1,0,0,1,1,1,1,1,1,1,1,1,1,1,1,0,0,1,0,0
ChIJzXkxAABZqDsR3-ZzRmTZegc,JUICE N CAFE,Saibaba Colony,Coimbatore,11.022976,76.950283,Cafe & Beverages,Budget,4.9,70,1,4.2626798770413155,91.0,3.380542243923813,4.962844630259907,1,0,0,1,0,1,1,1,1,1,0,1,1,1,0,0,1,1,1,0,1,0,0
ChIJ2_XzugBZqDsRNSsnNLFQ0gg,BBFburma food,Coimbatore,Coimbatore,11.025325,76.94107,Multi-cuisine / General,Not disclosed,4.6,22,1,3.1354942159291497,87.0,4.073833400573041,5.049856007249537,1,0,0,0,0,0,0,0,0,0,0,0,0,0,0,0,0,0,0,0,0,0,0
ChIJdWK3WzdZqDsRX56Pp3u82j4,Bumblebee Cafe,Kuppakonam Pudur,Coimbatore,11.026688,76.943381,Cafe & Beverages,Not disclosed,4.5,20,1,3.044522437723423,84.0,4.074168088802119,5.081404364984463,1,0,0,0,0,0,0,0,0,0,0,0,0,0,0,0,0,0,1,0,1,0,0
ChIJVf2bMehYqDsRkF0WWenT35Q,Bread Korner,Kuppakonam Pudur,Coimbatore,11.029696,76.945983,Fast food & Quick bites,Budget,4.2,543,1,6.298949246855942,84.0,4.249829651549335,4.912654885736052,1,0,0,1,0,1,1,1,1,1,0,0,1,1,0,0,1,1,1,0,1,0,0
ChIJr3wQZehYqDsRM1OcOxzf0Kw,Big Belly Deli,Saibaba Colony,Coimbatore,11.024686,76.9442,Fast food & Quick bites,Budget,4.5,1035,1,6.943122422819428,105.0,3.8361730211612715,5.093750200806762,1,0,0,1,1,0,1,1,1,0,1,0,1,1,1,0,1,1,1,0,1,0,1
ChIJsX8YFARZqDsRUeX6G4ohXqc,RedDoor Cafe’s The Game Hub,Saibaba Colony,Coimbatore,11.020318,76.939686,Cafe & Beverages,Not disclosed,4.3,911,1,6.815639990074331,84.0,3.714183506688257,4.9344739331306915,1,0,0,1,0,1,1,0,0,1,0,0,0,0,0,0,0,0,0,0,1,0,0
ChIJb45VG-ZYqDsR8H2tbMJwWmA,Lovely Mushrooom Stall,Saibaba Colony,Coimbatore,11.023834,76.946304,Fast food & Quick bites,Not disclosed,4.1,1156,0,7.053585727193677,38.5,3.644421517153033,5.049856007249537,1,0,0,0,0,0,1,0,0,0,0,0,0,0,0,0,0,0,0,0,1,0,0
ChIJZcIZxMJYqDsRzH0kYAA4f2M,THE LONDON SHAKES,Saibaba Colony,Coimbatore,11.024751,76.939494,Multi-cuisine / General,Mid,4.2,549,1,6.309918278226516,87.0,4.117898114896681,5.0238805208462765,1,0,0,1,0,0,1,0,1,1,0,0,0,1,0,0,1,1,0,0,0,0,0
ChIJzaqqauZYqDsR3hK7lMYQX3c,Linda Restaurant,Saibaba Colony,Coimbatore,11.026209,76.946163,Fast food & Quick bites,Not disclosed,4.2,430,1,6.066108090103747,84.0,3.8883683297977205,4.983606621708336,0,0,0,1,0,1,1,0,0,1,0,0,0,0,0,0,0,0,0,0,1,0,0
ChIJc8mtIgVZqDsR87fpqpyAwXk,Royal biriyani and fast food,Kuppakonam Pudur,Coimbatore,11.025456,76.938447,Biryani & Non-veg,Mid,3.4,392,0,5.973809611869261,87.5,4.2483405819144755,4.983606621708336,1,0,0,1,0,0,1,1,1,0,0,0,1,1,0,0,1,1,0,0,1,0,0
ChIJPVBNaIVZqDsRX3hRfCM_nHI,"Theobroma Bakery and Cake Shop - Saibaba Colony, Coimbatore",Saibaba Colony,Coimbatore,11.025368,76.936966,Bakery & Desserts,Not disclosed,4.1,127,0,4.852030263919617,112.0,4.337906082110265,4.718498871295094,1,1,0,1,0,0,0,0,0,0,0,0,0,0,0,0,0,0,1,0,1,0,0
ChIJT5L5sLBZqDsRPb5oLGoZ2dg,"CK's Bakery, Sai Baba Colony",Saibaba Colony,Coimbatore,11.025771,76.94046,Bakery & Desserts,Not disclosed,4.8,1748,1,7.466799475018602,98.0,4.151788769375335,5.049856007249537,1,1,0,1,0,1,0,0,0,1,0,0,0,0,0,0,0,0,0,0,1,0,0
ChIJ75P7_WRZqDsRQLXLQxv1BuE,The Good Baker,Saibaba Colony,Coimbatore,11.026821,76.945959,Bakery & Desserts,Mid,4.7,225,1,5.420534999272286,98.0,3.959413914389726,5.017279836814924,1,0,0,1,0,1,1,0,0,1,0,0,1,0,0,0,1,1,0,0,1,1,0
ChIJwyYo4uhYqDsRkrobed-WHBo,N.S.R Bakery,Saibaba Colony,Coimbatore,11.026743,76.945196,Bakery & Desserts,Not disclosed,4.2,785,1,6.666956792429207,133.0,3.9877980819239256,5.049856007249537,0,0,0,1,0,0,1,0,0,0,0,0,0,0,0,0,0,0,1,1,1,0,0
ChIJG1SJ5OhYqDsRDHPorGfK0lo,The Donuts Cake Shop,Saibaba Colony,Coimbatore,11.026469,76.945011,Bakery & Desserts,Mid,4.5,455,1,6.1224928095143865,84.0,3.9695728871707314,5.062595033026967,1,1,0,1,1,1,1,0,1,1,0,0,1,0,0,0,1,1,0,0,1,0,0
ChIJR2zKFtJZqDsRLuffn0Wk4J4,FB Cakes,Saibaba Colony,Coimbatore,11.026323,76.944303,Bakery & Desserts,Premium,4.5,198,1,5.293304824724492,119.0,3.9906336031533183,5.10594547390058,1,1,0,1,0,1,1,0,1,1,0,0,1,0,0,0,1,1,0,1,1,1,0
ChIJddVyPcJZqDsRN8O40ub_kf8,Brownie Bite,Saibaba Colony,Coimbatore,11.025187,76.942638,Bakery & Desserts,Not disclosed,4.8,76,1,4.343805421853684,94.5,3.9700455876691416,5.0689042022202315,1,0,0,1,0,0,0,0,0,0,0,0,0,0,0,0,0,0,0,0,1,0,0
ChIJiSHwbbBZqDsR6Wk--BmB9Io,APUPA - a little bliss in every bite,Saibaba Colony,Coimbatore,11.020661,76.939829,Bakery & Desserts,Mid,4.3,724,1,6.586171654854675,96.0,3.733765302565528,4.962844630259907,1,0,1,1,0,0,1,0,1,0,0,0,1,0,0,0,1,1,0,0,1,0,0
ChIJsWEgM1JZqDsRFYnaOH03hjM,Shree Anandhaas Bakery - Saibaba Colony,Kuppakonam Pudur,Coimbatore,11.025744,76.939737,Bakery & Desserts,Not disclosed,3.4,54,0,4.007333185232471,91.0,4.193268582718863,5.049856007249537,1,1,0,1,0,0,0,0,0,0,0,0,0,0,0,0,0,0,0,0,1,1,0
ChIJ8_e3EetYqDsRJE1ZHD4vuno,CakeBee - Your Favourite Bakery & Cake Shop,Saibaba Colony,Coimbatore,11.025868,76.9436,Bakery & Desserts,Not disclosed,4.2,1299,1,7.170119543449628,91.0,3.9828449949551863,5.087596335232384,1,1,0,1,0,0,1,0,0,0,0,0,0,0,0,0,0,0,0,0,1,1,0
ChIJyzjjbeVYqDsRmh0IIwsu2qI,Anjaneya Bakes,Saibaba Colony,Coimbatore,11.023087,76.950719,Bakery & Desserts,Budget,4.2,594,1,6.38856140554563,119.0,3.3753343316872417,5.017279836814924,0,0,0,1,0,0,1,0,0,0,0,0,1,0,0,0,0,1,0,1,1,0,0
ChIJ9eWFZABZqDsRHzA-1xFVPaw,Party Time 🥳🎊,Saibaba Colony,Coimbatore,11.022988,76.946035,Bakery & Desserts,Not disclosed,5.0,10,1,2.3978952727983707,76.0,3.5744505506644666,5.062595033026967,1,0,0,0,0,0,1,0,0,0,0,0,0,0,0,0,0,0,0,0,1,0,0
ChIJE5Nl5sJYqDsR_wDOp-94Mdg,A. M. P. Bakery,Saibaba Colony,Coimbatore,11.025456,76.939076,Bakery & Desserts,Not disclosed,4.2,389,1,5.966146739123692,112.0,4.208219923594311,5.030437921392435,0,0,0,1,0,0,1,0,0,0,0,0,0,0,0,0,0,0,0,1,1,0,0
ChIJy8d_N-hYqDsRqWFO-kc3OVI,K.R. Bakes,Saibaba Colony,Coimbatore,11.02608,76.942451,Bakery & Desserts,Not disclosed,4.1,2376,0,7.773594467360194,115.5,4.065779590264866,5.062595033026967,1,1,0,1,0,1,1,0,0,1,0,0,0,0,0,0,0,0,0,1,1,0,0
ChIJz3FIkyxZqDsRx7xv9-6ugfc,Bakingo,SANGANUR,Coimbatore,11.026932,76.944245,Bakery & Desserts,Not disclosed,4.3,213,1,5.365976015021851,91.0,4.05353450918544,5.081404364984463,1,1,0,1,0,0,1,0,0,0,0,0,0,0,0,0,0,0,0,0,1,0,0
ChIJtUaIQX9ZqDsRF7poIlW6jxk,Indrani Mess Seafood Restaurant,Saibaba Colony,Coimbatore,11.020099,76.939458,Biryani & Non-veg,Not disclosed,4.2,400,1,5.993961427306569,49.0,3.711476944096499,4.912654885736052,1,1,0,1,0,0,0,0,0,0,0,0,0,0,0,0,0,0,0,0,1,0,0
ChIJucFI0MZZqDsRNRI1o1oHDYA,Brown Sugar by Shweta Gupta,Saibaba Colony,Coimbatore,11.021437,76.937952,Bakery & Desserts,Premium,4.8,14,1,2.70805020110221,67.0,3.931313815458692,4.8283137373023015,1,0,0,0,0,0,1,0,1,0,0,0,0,0,0,0,0,1,0,0,1,0,0
ChIJ3dWRDOZYqDsRYo1olJ7qFGY,Sri Krishna Chettinadu Mess,Saibaba Colony,Coimbatore,11.022713,76.945301,Multi-cuisine / General,Not disclosed,4.0,89,0,4.499809670330265,90.0,3.5860453934898504,5.0689042022202315,0,0,0,1,0,0,1,1,0,0,0,0,1,0,0,0,0,0,0,0,1,0,0
ChIJE5Nl5sJYqDsRDy5Hnj860uo,Azhagar Mess,Saibaba Colony,Coimbatore,11.025501,76.939076,South Indian & Regional,Not disclosed,4.1,372,0,5.921578419643816,66.5,4.2123004692861725,5.030437921392435,1,1,0,1,0,0,1,0,0,0,0,0,0,0,0,0,0,0,0,1,1,0,0
ChIJD8FCYgNbqDsRVp3wP1Io2uM,Street Arabiya Podanur,Thirumarai Nagar,Coimbatore,10.970029,76.970599,Biryani & Non-veg,Not disclosed,4.3,4438,1,8.398184404834035,73.5,2.910854045513794,3.5263605246161616,1,0,0,1,0,1,1,0,0,1,0,0,0,0,0,1,0,0,0,0,1,0,0
ChIJwe-OltBZqDsRtbC4q_NK2mM,ARABIAN KNIGHTS,Ukkadam,Coimbatore,10.989792,76.963385,Multi-cuisine / General,Not disclosed,3.9,23,0,3.1780538303479458,56.0,0.5768630969507028,4.990432586778736,1,0,0,1,0,0,0,0,0,0,0,0,0,0,0,0,0,0,1,0,1,1,0
ChIJ_8aj6ihZqDsRkgtN2-G82mo,Crunchy's by Sam Foods,Ramanathapuram,Coimbatore,10.996803,76.996835,Biryani & Non-veg,Premium,4.7,234,1,5.459585514144159,83.0,3.875605510792742,4.624972813284271,1,1,0,1,0,0,1,0,1,0,0,0,1,1,0,0,1,1,0,0,1,0,0
ChIJbf5IBwBZqDsRVdeZlk8_w0w,Arafa Biriyani House,Saibaba Colony,Coimbatore,11.026474,76.944097,Biryani & Non-veg,Not disclosed,4.9,27,1,3.332204510175204,91.0,4.016007154970397,5.093750200806762,1,0,0,0,0,0,0,0,0,0,0,0,0,0,0,0,0,0,1,0,1,0,0
ChIJCRO7DuZYqDsRQvOb0cyVr20,Santhanas,Saibaba Colony,Coimbatore,11.022839,76.946695,Biryani & Non-veg,Budget,4.1,153,0,5.0369526024136295,77.0,3.526462620237761,5.0689042022202315,0,0,0,1,0,0,1,1,1,0,0,0,1,1,0,0,1,0,0,0,1,0,0
ChIJHVDHdq1ZqDsReyyX3V6Dnsg,Kovai ANGATHA BIRYANI CENTER,Saibaba Colony,Coimbatore,11.023941,76.946219,Biryani & Non-veg,Premium,3.8,387,0,5.961005339623274,84.5,3.659229497311262,5.043425116919247,1,0,0,1,0,0,1,1,1,0,0,0,1,1,0,0,1,1,1,0,1,0,0
ChIJEVwS-uhYqDsRdcqsHDb1Up0,Kovai Briyani Hotel,Coimbatore,Coimbatore,11.026051,76.944596,Biryani & Non-veg,Not disclosed,3.5,485,0,6.186208623900494,56.0,3.948970102372737,5.099866427824199,1,0,0,1,0,0,1,0,0,0,0,0,0,0,0,0,0,0,0,0,1,0,0
ChIJrzuCWSxZqDsRZVFOfCGRC4s,AFJ Biryani,Saibaba Colony,Coimbatore,11.026592,76.947276,Biryani & Non-veg,Budget,5.0,19,1,2.995732273553991,70.0,3.8770191054290306,4.955827057601261,1,0,0,1,1,0,1,0,0,0,0,0,0,1,0,0,0,0,0,0,1,0,0
ChIJoy03D0JZqDsRN3MH6Rr2spM,A1 BIRYANI,Kuppakonam Pudur,Coimbatore,11.027471,76.944969,Multi-cuisine / General,Not disclosed,4.4,40,1,3.713572066704308,72.0,4.071361712604066,5.0238805208462765,1,1,0,1,0,1,1,0,0,1,0,0,0,0,0,0,0,0,1,0,1,0,0
ChIJa3pzK-lYqDsRsZ74jvKz5sc,Mamu Biriyani,Saibaba Colony,Coimbatore,11.027096,76.946879,Biryani & Non-veg,Not disclosed,3.9,187,0,5.236441962829949,70.0,3.9457085368043403,4.962844630259907,0,0,0,1,0,0,1,0,0,0,0,0,0,0,0,0,0,0,0,0,1,0,0
ChIJ0cHaAgBZqDsRNqqRC0ixk1c,TENT BIRYANI,Saibaba Colony,Coimbatore,11.019884,76.950528,Biryani & Non-veg,Budget,3.2,44,0,3.8066624897703196,84.0,3.051631247893506,4.990432586778736,1,0,1,1,0,0,1,1,1,0,0,0,1,1,0,0,0,1,0,0,1,0,0
ChIJw3z8ZDNZqDsRyc6HqG6qfx4,DEEPAN KADAI,Nesavaalar Colony,Coimbatore,11.024428,76.946281,Multi-cuisine / General,Not disclosed,3.9,28,0,3.367295829986474,93.0,3.7045724290315505,5.030437921392435,1,0,0,1,0,0,0,0,0,0,0,0,0,0,0,0,0,0,1,0,1,0,0
ChIJDQntTgBZqDsRw5PpYN_9bnM,A1 Biriyani,Saibaba Colony,Coimbatore,11.027224,76.946518,Biryani & Non-veg,Budget,3.9,21,0,3.091042453358316,67.0,3.9746860172051726,4.955827057601261,0,0,0,1,0,0,1,0,1,0,0,0,1,0,0,0,0,0,0,0,1,0,0
ChIJs6c44OhYqDsRIrrLWGmXvDo,Noorani Biryani Hotel,Saibaba Colony,Coimbatore,11.026727,76.945504,Biryani & Non-veg,Not disclosed,3.7,455,0,6.1224928095143865,84.0,3.9714021385072025,5.0369526024136295,1,0,0,1,0,0,1,0,0,0,0,0,0,0,0,0,0,0,0,0,1,0,0
ChIJ4xj7GxBXqDsRN7QhSv7eSAs,kovai chilly chicken,Singanallur,Neelikonampalayam,11.006072,77.043688,South Indian & Regional,Budget,4.1,33,0,3.5263605246161616,49.0,9.072018019945475,4.276666119016055,0,0,0,1,0,0,1,1,1,0,0,0,1,1,0,0,0,0,0,0,1,0,0
ChIJK2b9hBpXqDsRufw073rQ0IQ,St.Joseph's Canteen,Vivekanandha Nagar,Coimbatore,11.004068,77.045422,South Indian & Regional,Budget,4.3,60,1,4.110873864173311,49.0,9.23141609877019,4.276666119016055,0,0,0,1,0,0,1,1,1,0,0,0,1,1,0,0,0,1,0,1,1,0,1
ChIJpbGWcVFZqDsRlWvBRXNzekA,Peni Ice Candy - Ramanathapuram,Rukmani Nagar,Coimbatore,10.997806,76.987748,Bakery & Desserts,Not disclosed,4.6,207,1,5.337538079701318,91.5,2.8979831265932514,4.6443908991413725,1,1,0,1,0,0,1,1,1,0,0,0,1,1,0,0,1,1,0,0,1,1,0
ChIJgTK7tLhZqDsRWJ6FEGlwgIk,Pulp'D,Kallimadai,Coimbatore,10.996716,77.002108,Cafe & Beverages,Not disclosed,4.6,18,1,2.9444389791664403,103.5,4.44964867727138,4.31748811353631,1,0,0,0,0,0,0,0,0,0,0,0,0,0,0,0,0,0,0,1,1,0,0
ChIJmT-mVsZZqDsR7i32JsINhIw,SUN Chips & Fruits,Sowripalayam Pirivu,Coimbatore,10.997251,76.996577,Bakery & Desserts,Not disclosed,4.4,23,1,3.1780538303479458,91.0,3.85099025145741,4.6913478822291435,0,0,0,1,0,0,0,0,0,0,0,0,0,0,0,0,0,0,0,0,1,0,0
ChIJA4Ir9txZqDsRHC5dWMsdfCM,Kings Bakery,Opp. Alvernia Convent,Coimbatore,10.996914,77.00188,Bakery & Desserts,Budget,4.2,1651,1,7.409741954080923,124.5,4.426020532075682,4.356708826689592,0,0,0,1,0,0,1,0,1,0,0,0,1,0,0,0,1,1,0,1,1,0,0
ChIJvcLwI1NZqDsRLI7Vw22GmAI,Chilled Treatz,Ramasamy Nagar,Coimbatore,10.999642,76.991101,Bakery & Desserts,Not disclosed,5.0,41,1,3.7376696182833684,87.0,3.290074316242608,4.812184355372417,0,0,0,0,0,0,0,0,0,0,0,0,0,0,0,0,0,0,0,0,0,0,0
ChIJy1WX_uhYqDsRszh8VVojeJM,All Seasons vegetarian Delicacies,Saibaba Colony,Coimbatore,11.026528,76.94448,Vegetarian,Not disclosed,4.1,1028,0,6.9363427358340495,84.0,4.001844478517922,5.10594547390058,1,0,0,1,0,1,1,0,0,1,0,0,0,0,0,0,0,0,0,0,1,0,0
ChIJV7X-WehYqDsRGAkER5nv0wo,"Domino's Pizza | Ramanathapuram, Coimbatore",Namashivayam,Coimbatore,10.99739,76.99956,Fast food & Quick bites,Premium,3.8,2437,0,7.798933310041217,112.0,4.176832704206252,4.499809670330265,1,1,0,1,1,0,1,0,1,1,1,0,0,1,0,0,1,1,1,0,1,1,0
ChIJEzFCGbVZqDsRcV0GNNnoMs0,Sri Sai Ruchi,Kuppakonam Pudur,Coimbatore,11.026664,76.942249,South Indian & Regional,Not disclosed,4.1,493,0,6.202535517187923,101.5,4.132926094861776,5.0689042022202315,1,0,1,1,0,0,0,0,0,0,0,0,0,0,0,0,0,0,0,1,1,0,0
ChIJIdsLJ-VYqDsRQzPT0TwhY1I,Geetha Restaurant,Tatabad,Coimbatore,11.02405,76.951856,Vegetarian,Budget,4.2,7011,1,8.855378246041125,111.0,3.436388388794955,4.990432586778736,0,1,0,0,0,0,1,1,1,0,1,0,1,1,0,0,1,0,0,1,1,0,1
ChIJl4PMJahZqDsROU1F6Io9o3o,Akshayalakshmi (Namaskaaram),G.V. Residency,Coimbatore,11.01006,77.016524,Multi-cuisine / General,Not disclosed,4.8,130,1,4.875197323201151,105.0,6.257606572233084,4.07753744390572,1,0,0,1,0,0,0,0,0,0,0,0,0,0,0,0,0,0,0,1,1,0,0
ChIJqdT6XxBXqDsRnl-CoambvLc,#PIZZA LOVE,Ondipudur,Coimbatore,11.003057,77.047005,Fast food & Quick bites,Not disclosed,4.0,920,0,6.825460036255307,91.0,9.391191149265161,4.248495242049359,1,0,0,1,0,0,1,0,0,0,0,0,0,0,0,1,0,0,1,0,1,0,0
ChIJSZ5vSgNXqDsROgGzNfKbZ4s,Rajasthan Chapati,Ondipudur,Coimbatore,11.003572,77.04807,Vegetarian,Not disclosed,3.9,31,0,3.4657359027997265,21.0,9.51268820869325,4.330733340286331,1,0,0,1,0,0,1,0,0,1,0,0,1,1,0,0,0,0,0,0,1,0,0
ChIJ5-27NsNZqDsRDVVGWvfrkB4,Bon pizza,Kallimadai,Coimbatore,10.997756,77.013964,Fast food & Quick bites,Not disclosed,4.1,234,0,5.459585514144159,28.0,5.748260309900288,3.258096538021482,1,0,0,1,0,0,1,0,0,0,0,0,0,0,0,0,0,0,0,0,1,0,0
ChIJ-4d8GwBXqDsR971qmK7U5Ic,"Domino's Pizza | Singanallur, Coimbatore",Singanallur,Coimbatore,11.003314,77.028392,Fast food & Quick bites,Premium,2.3,121,0,4.804021044733257,84.0,7.376252407940554,4.31748811353631,1,1,0,1,1,0,1,0,1,1,1,0,1,1,0,0,1,1,0,0,1,1,0
ChIJLbvHhUNXqDsR5x8LLu6hbac,Pizza Land,Lakshmipuram,Coimbatore,11.013265,77.023801,Multi-cuisine / General,Mid,4.8,157,1,5.062595033026967,84.0,7.120294869536338,3.9889840465642745,1,0,0,1,0,0,1,1,1,0,0,0,1,1,0,0,1,1,0,0,1,0,0
ChIJc3ze3wlXqDsRMSR5Pe47A9Q,Crimson dragon Chinese restaurant,Rajiv Gandhi Nagar,Coimbatore,10.998207,77.015456,North Indian & Global,Not disclosed,4.7,189,1,5.247024072160486,56.0,5.91400650017097,3.332204510175204,1,0,0,1,0,0,1,0,0,0,0,0,0,0,0,0,0,0,0,0,1,0,0
ChIJY4pH5bVZqDsR7Maav3duqUk,My Place,Puliakulam,Coimbatore,11.009921,76.986571,Multi-cuisine / General,Not disclosed,4.0,3198,0,8.070593539949519,45.5,3.232762806116652,4.418840607796598,1,0,0,1,0,0,1,0,0,0,0,0,0,0,0,1,0,0,0,0,1,0,0
ChIJJYFKcKVZqDsR6EaumJKx0vQ,Red Pearl Restaurant - Vivanta Coimbatore,Gopalapuram,Coimbatore,11.002193,76.973489,North Indian & Global,Premium,4.2,138,1,4.9344739331306915,45.5,1.5665399333065295,4.836281906951478,1,1,0,1,1,1,1,1,1,1,1,1,1,1,0,0,1,1,0,0,1,0,0
ChIJ23j3PaFZqDsRso6dJWY6R2E,Kavitha Hotel Pure Veg,Vadavalli,Coimbatore,11.027904,76.906234,South Indian & Regional,Not disclosed,3.9,288,0,5.666426688112432,105.0,7.068901769302628,4.343805421853684,1,0,0,1,0,0,1,0,0,0,0,0,0,0,0,0,0,0,0,1,1,0,0
ChIJYZHb-p9fqDsRrl04btdWcNU,Sri Annapoorani Bhavan Hotel,Vadavalli,Coimbatore,11.028386,76.896679,Multi-cuisine / General,Not disclosed,4.1,88,0,4.48863636973214,87.0,8.00099859609932,4.007333185232471,1,0,0,1,0,0,1,1,1,0,0,0,1,0,0,0,0,0,0,0,0,0,0
ChIJyeSn74RfqDsR9NBJ7zplVms,Namma Veettu Idly Kadai,IOB Colony,Coimbatore,11.028031,76.902717,Vegetarian,Not disclosed,4.8,20,1,3.044522437723423,70.0,7.405693107446851,4.343805421853684,1,0,0,1,0,0,0,0,0,0,0,0,0,0,0,0,0,0,1,1,1,0,0
ChIJj7wrfTlfqDsRJKweCGdOZCQ,Shree Anandhaas | Vadavalli,Vadavalli,Coimbatore,11.028675,76.901071,South Indian & Regional,Not disclosed,4.3,18549,1,9.82822506803558,87.0,7.597068400680564,4.219507705176107,1,1,0,1,0,0,1,1,1,1,1,0,1,1,0,1,1,1,0,0,0,1,1
ChIJJysYKdNYqDsROKUeWjp3nA8,Sri Nargani's Pure Veg,Aishwarya Nagar,Coimbatore,11.019866,76.918706,South Indian & Regional,Not disclosed,3.9,1690,0,7.43307534889858,112.0,5.441396545167282,3.8918202981106265,1,0,0,1,0,1,1,0,0,1,0,0,0,0,0,0,0,0,0,1,1,0,0
ChIJOWY4vhBfqDsRoeLu6nV61Zk,Paarampariyam Unavagam ( VEG &NONVEG),Chinmaya Nagar,Coimbatore,11.022702,76.888035,South Indian & Regional,Mid,3.7,2353,0,7.763871287820222,84.0,8.595790216695862,3.2188758248682006,1,1,0,1,1,1,1,1,1,1,1,1,1,1,1,1,1,1,0,0,1,0,1
ChIJTQDnlRBfqDsRPHCtpmQoIpE,Slap Up Dine,Vadavalli,Coimbatore,11.028938,76.901821,Multi-cuisine / General,Not disclosed,4.4,336,1,5.820082930352362,77.0,7.540988663323971,4.23410650459726,1,0,0,1,0,0,0,0,0,0,0,0,0,0,0,0,0,0,0,0,1,0,0
ChIJn17VOQBfqDsRL0ubhOVYEWQ,Paniyaram spot,Vadavalli,Coimbatore,11.023601,76.910494,South Indian & Regional,Budget,4.9,68,1,4.23410650459726,35.0,6.424311192751456,4.31748811353631,0,0,0,0,0,0,1,0,0,0,0,0,1,1,0,0,0,0,0,0,1,0,0
ChIJI64ONZBfqDsRyijxeB-aESs,Feel Good Kitchen,Bommanampalayam,Coimbatore,11.020961,76.883996,Multi-cuisine / General,Not disclosed,4.6,188,1,5.241747015059643,84.0,8.942617839805527,2.833213344056216,1,0,0,1,0,0,0,0,0,0,0,0,0,0,0,0,0,0,0,0,1,0,0
ChIJEQgcVrBfqDsRZmA-a_4SyRo,Kandhaas Restaurant,Chinmaya Nagar,Coimbatore,11.022233,76.886835,Multi-cuisine / General,Mid,3.8,523,0,6.261491684321042,73.5,8.699387538882224,2.9444389791664403,1,0,0,1,0,0,1,1,1,1,1,0,1,1,1,0,1,1,0,0,1,0,0
ChIJ823b9DpfqDsR6xAeqG7c630,Hotel Shree kumar,Coimbatore,Coimbatore,11.024918,76.905435,Multi-cuisine / General,Budget,4.4,834,1,6.727431724850855,103.25,6.97700920100445,4.430816798843313,1,0,0,1,0,0,1,1,1,0,0,0,1,1,0,0,1,0,0,1,1,0,1
ChIJpXlrrZNfqDsRL235OpHREuk,Moongilkaadu,Kasthuri Naickenpalayam,Coimbatore,11.035231,76.915982,South Indian & Regional,Not disclosed,3.5,379,0,5.940171252720432,84.0,6.7071551252649355,3.091042453358316,1,0,0,1,0,0,0,0,0,0,0,0,0,0,0,0,0,0,0,0,1,0,0
ChIJZ6kuTjlfqDsRFjMcQFE6YrU,SRREE KRISHNA HOTEL,Coimbatore,Coimbatore,11.028232,76.901406,South Indian & Regional,Not disclosed,3.7,1214,0,7.102499355774649,63.0,7.540852412200945,4.2626798770413155,1,0,0,1,0,1,1,0,0,1,0,0,0,0,0,0,0,0,0,0,1,0,0
ChIJzbaVXHdfqDsRcNHOx0dhgq8,Kamatchi Kitchen,Vadavalli,Coimbatore,11.027751,76.907431,Multi-cuisine / General,Budget,5.0,24,1,3.2188758248682006,22.5,6.9489131063259535,4.330733340286331,1,1,0,1,1,1,1,0,1,1,0,0,1,1,0,0,0,1,0,0,1,0,0
ChIJhz8dCTJfqDsRrBfDJY4VkHg,Shivanjali Cafe n Crafts,New Thillai Nagar,Coimbatore,11.022844,76.913376,North Indian & Global,Premium,4.4,1343,1,7.203405521083095,57.0,6.110592106814294,4.290459441148391,1,0,0,1,0,0,1,1,1,1,1,0,1,1,1,1,1,1,0,0,1,0,1
ChIJf1EhKtNYqDsRdefVa4P4FA4,Karthik Mess,Vadavalli,Coimbatore,11.025189,76.900984,Multi-cuisine / General,Not disclosed,4.2,1381,1,7.231287004327616,106.5,7.419835731760175,4.330733340286331,1,0,0,1,0,0,1,0,0,0,0,0,0,0,0,0,0,0,0,1,1,0,0
ChIJJ5yisn9fqDsRiSJ2q4CJtL0,HOTEL SHREE BHAGAVATHI,VADAVALLI,Coimbatore,11.031283,76.90995,Multi-cuisine / General,Mid,4.8,30,1,3.4339872044851463,79.0,6.940687990315037,4.04305126783455,1,0,0,1,0,0,1,0,1,0,0,0,1,0,0,0,0,1,0,0,1,0,0
ChIJNyOGDTVZqDsR6jZEnFfx0Vs,1C Dining,Veerasamy Colony,Coimbatore,11.018145,76.921163,Multi-cuisine / General,Not disclosed,4.0,878,0,6.778784897685177,84.0,5.112996688390355,3.6888794541139363,1,1,0,1,0,1,1,0,0,1,0,0,0,0,0,0,0,0,0,0,1,0,0
ChIJARHy5DdZqDsRb98SHv-bHVw,HMC FRIED CHICKEN KOVAI,Saibaba Colony,Coimbatore,11.023021,76.948307,Multi-cuisine / General,Not disclosed,4.9,16,1,2.833213344056216,42.0,3.468370459095954,4.969813299576001,1,0,0,1,0,0,0,0,0,0,0,0,0,0,0,0,0,0,0,0,1,0,0
ChIJvTWMqJhfqDsRVYPo-xepEVI,Annalakshmi Garden Restaurant,New Thillai Nagar,Coimbatore,11.02277,76.913334,Multi-cuisine / General,Budget,3.8,17,0,2.8903717578961645,57.0,6.1103032950986,4.290459441148391,1,0,0,1,0,0,1,1,1,0,1,0,1,1,0,0,1,1,0,0,1,0,0
ChIJZSNcHu9ZqDsRV80MQxRzR60,Double Trouble Chicken,Race Course,Coimbatore,11.00292,76.97589,Cafe & Beverages,Not disclosed,4.6,10,1,2.3978952727983707,39.5,1.8323222141015496,4.795790545596741,1,0,0,0,0,0,0,0,0,0,0,0,0,0,0,0,0,0,1,0,1,0,0
ChIJK_vUKDhZqDsRqt00hjN4FmA,Night Out Restaurant,Race Course,Coimbatore,11.005428,76.975962,Multi-cuisine / General,Premium,4.0,2977,0,7.999007213243955,110.5,1.9940106262245816,4.634728988229636,1,0,0,1,0,1,1,1,1,1,1,0,1,1,0,0,1,1,1,0,1,0,0
ChIJp9aFu7ZZqDsR2C51oE63Kfk,Ranjith Fast Food,Race Course,Coimbatore,11.002681,76.977945,Fast food & Quick bites,Not disclosed,4.5,19,1,2.995732273553991,87.0,2.0171255617944155,4.672828834461906,1,0,0,1,0,0,0,0,0,0,0,0,0,0,0,0,0,0,0,0,0,0,0
ChIJoeBwi0RZqDsR3Dx4PNkBzyA,Burger Tree,Puliakulam,Coimbatore,11.003831,76.983207,Fast food & Quick bites,Not disclosed,4.4,761,1,6.635946555686647,78.5,2.5921666325404553,4.68213122712422,1,1,0,1,0,0,1,0,0,0,0,0,0,0,0,0,0,0,0,0,1,0,0
ChIJUdYvnLtZqDsRcz1qNO-kVsY,Red Door Cafe,Race Course,Coimbatore,10.998809,76.978856,Cafe & Beverages,Mid,4.1,2516,0,7.830822995135316,84.0,1.9620161485132743,4.6443908991413725,1,0,1,1,0,0,1,1,1,1,1,0,1,1,0,0,1,1,0,0,1,0,0
ChIJP_Zw969ZqDsR5lVG2zksy34,On The Go,Gopalapuram,Coimbatore,11.003507,76.97564,North Indian & Global,Not disclosed,4.2,2656,1,7.884952945759814,38.5,1.8430563677406497,4.7535901911063645,1,0,0,1,0,1,1,0,0,1,0,0,0,0,0,1,0,0,0,0,1,0,0
ChIJ1TlN4ehZqDsRmc_N21hjogU,Dood Cafe @Racecourse,Race Course,Coimbatore,11.003247,76.982809,Cafe & Beverages,Mid,2.8,19,0,2.995732273553991,119.0,2.52691943944652,4.532599493153256,1,0,0,0,0,1,1,1,1,1,0,0,1,1,0,0,1,1,1,0,1,0,0
ChIJ_UJfas5ZqDsRePiDbPeKuS8,NATARAJ T,Race Course,Coimbatore,10.995687,76.975872,Fast food & Quick bites,Not disclosed,4.9,12,1,2.5649493574615367,87.0,1.5842906242797887,4.605170185988092,1,0,0,1,0,0,0,0,0,0,0,0,0,0,0,0,0,0,0,0,0,0,0
ChIJqektJOdZqDsR_wOXQML4Gv0,Chill Pannu Maapi,Race Course,Coimbatore,11.002774,76.984992,Fast food & Quick bites,Not disclosed,4.4,137,1,4.927253685157205,35.0,2.7308202221814932,4.7535901911063645,1,1,0,1,0,0,0,0,0,0,0,0,0,0,0,0,0,0,0,0,1,0,0
ChIJu_L6R6FZqDsRPn6csqabNek,"Geetha Cafe, Race Course",Town Hall,Coimbatore,10.998085,76.969095,South Indian & Regional,Budget,4.3,130,1,4.875197323201151,101.5,0.925017713515063,4.804021044733257,0,0,0,1,0,0,1,1,0,0,1,0,1,1,0,0,1,1,0,0,1,0,1
ChIJJV4HBtJZqDsRyT3fprZ9jJg,Tibbs Frankie,Race Course,Coimbatore,11.000792,76.981941,Fast food & Quick bites,Budget,3.6,60,0,4.110873864173311,66.5,2.3454437997932316,4.61512051684126,1,0,0,1,0,0,1,0,1,0,0,0,1,0,0,0,0,1,0,0,1,0,0
ChIJsw7vAbBZqDsRGjHVJDwBdzI,Cream Centre | Coimbatore,Gopalapuram,Coimbatore,11.003588,76.975903,Vegetarian,Not disclosed,4.2,3058,1,8.025843344150903,56.0,1.8721224885306897,4.74493212836325,1,1,0,1,0,1,1,0,0,1,0,0,0,0,0,0,0,0,0,0,1,0,0
ChIJpxqMxThZqDsR05_gBgG1pDY,Crumb_e_licious,Race Course,Coimbatore,11.000373,76.981896,Bakery & Desserts,Not disclosed,4.8,36,1,3.6109179126442243,40.5,2.327471912963161,4.653960350157523,1,0,1,0,0,0,0,0,0,0,0,0,0,0,0,0,0,0,0,0,1,0,0
ChIJzcClp-JYqDsR6_C9d3fuRus,Chocko Choza - Racecourse,Gopalapuram,Coimbatore,10.996793,76.973705,Bakery & Desserts,Premium,4.3,1182,1,7.075808863978387,86.0,1.365090969395859,4.663439094112067,1,1,0,1,1,1,1,0,1,1,1,1,1,0,0,1,1,1,0,0,1,0,0
ChIJwcLAkrlZqDsRZXqsxjTjHF0,Bakeroe- customized cakes in coimbatore,Race Course,Coimbatore,11.00223,76.982328,Bakery & Desserts,Budget,4.4,194,1,5.272999558563747,84.0,2.436809787972485,4.574710978503383,1,1,0,1,1,0,1,0,1,0,0,0,0,0,0,0,1,1,0,0,1,0,0
ChIJf34JnrtZqDsRGBWpP05qbkc,Sugar Jar baking studio,Race Course,Coimbatore,10.998724,76.978337,Bakery & Desserts,Not disclosed,4.4,169,1,5.135798437050262,78.0,1.9047516092157024,4.6443908991413725,1,1,0,1,0,0,0,0,0,0,0,0,0,0,0,0,0,0,0,0,1,0,0
ChIJ1dR87pRZqDsRa8HyjO81hX4,City Cake Shop,Ram Nagar,Coimbatore,11.006415,76.966487,Bakery & Desserts,Budget,4.2,23,1,3.1780538303479458,168.0,1.4262870368377165,5.003946305945459,1,0,0,1,0,0,1,0,1,0,0,0,0,0,0,0,0,1,1,1,1,1,0
ChIJpd2UcOpZqDsR3A4Ke6aSa1A,Amber The Whisk Factory - Take away store,Gopalapuram,Coimbatore,11.000673,76.971844,Bakery & Desserts,Not disclosed,4.8,93,1,4.543294782270004,96.5,1.3249885089468374,4.77912349311153,1,0,0,0,0,0,0,0,0,0,0,0,0,0,0,0,0,0,1,0,1,0,0
ChIJkQVca1JYqDsR18hP4c62ABg,Shri Balaaji & Co bakers,Town Hall,Coimbatore,10.993766,76.961256,Bakery & Desserts,Not disclosed,4.4,310,1,5.739792912179234,79.5,0.0940591982710739,5.170483995038151,1,1,0,1,0,0,1,0,0,0,0,0,0,0,0,0,0,0,0,0,1,0,0
ChIJU8MeTwBZqDsRFbNt93vKSoc,City Cake Shop,Ram Nagar,Coimbatore,11.009916,76.961597,Bakery & Desserts,Budget,4.0,212,0,5.3612921657094255,126.0,1.703197237555518,5.303304908059076,1,0,0,1,0,0,1,0,1,0,0,0,1,0,0,0,0,1,0,1,1,1,0
ChIJg1gm8aRZqDsRDUZqH5p4_hs,Yes Yes Bakes,Gopalapuram,Coimbatore,11.00042,76.97328,Cafe & Beverages,Not disclosed,4.1,45,0,3.828641396489095,105.0,1.4492528634203297,4.812184355372417,1,0,0,1,0,0,0,0,0,0,0,0,0,0,0,0,0,0,0,1,1,0,0
ChIJjwYZ33hZqDsRG-UpQzixjBU,NEW KINGS BAKERY,UKKADAM,Coimbatore,11.006751,76.964939,Bakery & Desserts,Not disclosed,4.2,50,1,3.9318256327243257,122.5,1.4052648931742375,4.990432586778736,0,0,0,1,0,0,1,0,1,0,0,0,0,0,0,0,0,0,0,1,1,0,0
ChIJz5lAH-ZZqDsRN-s8g8noEqw,The Suvai Box,Gopalapuram,Coimbatore,11.004663,76.967489,Bakery & Desserts,Not disclosed,4.8,29,1,3.4011973816621555,63.0,1.301456299877905,4.852030263919617,1,1,0,0,0,0,0,0,0,0,0,0,0,0,0,0,0,0,0,0,1,0,0
ChIJK84tTgBZqDsRF_nFIjgp32g,Kadambar Mess,Gopalapuram,Coimbatore,11.008157,76.97072,Multi-cuisine / General,Not disclosed,4.8,53,1,3.9889840465642745,108.5,1.818611205477945,4.762173934797756,1,0,0,0,0,0,0,0,0,0,0,0,0,0,0,0,0,0,0,1,1,0,0
ChIJ8386K2FZqDsRoesg9285i1o,teneer,Race Course,Coimbatore,11.005263,76.975933,Cafe & Beverages,Budget,4.9,19,1,2.995732273553991,70.0,1.9804502336856995,4.634728988229636,1,0,0,0,0,0,1,0,0,0,0,0,0,0,0,0,0,0,0,0,1,0,0
ChIJ5dzhgblZqDsRve-7ywkMhEc,Café Totaram,Race Course,Coimbatore,11.000721,76.981819,Cafe & Beverages,Not disclosed,4.0,1973,0,7.587817219993427,73.5,2.3303993812596757,4.6443908991413725,1,1,0,1,0,1,1,0,0,1,0,0,0,0,0,0,0,0,0,0,1,0,0
ChIJCbQpvNpZqDsRduicyvORFT0,Annalakshmi Restaurant,Gopalapuram,Coimbatore,11.002435,76.973971,South Indian & Regional,Premium,4.1,564,0,6.336825731146441,39.0,1.6253687220495605,4.859812404361672,1,1,0,1,0,1,1,1,1,1,1,0,1,1,0,0,1,1,0,0,1,1,1
ChIJiyTxG45ZqDsRZeVVHu-Srvo,"Anko cafe, race course",Race Course,Coimbatore,11.007207,76.980357,Cafe & Beverages,Premium,4.2,192,1,5.262690188904886,89.5,2.4993351773184624,4.532599493153256,1,1,0,0,0,0,1,1,0,0,1,0,1,1,1,0,1,1,0,0,1,0,0
ChIJr8qb7L1ZqDsRQFgPEAEPx30,Café All Rise,Highways Colony,Coimbatore,10.994385,76.975356,Cafe & Beverages,Not disclosed,4.0,201,0,5.308267697401205,70.0,1.5235408276714122,4.543294782270004,1,1,0,1,0,1,0,0,0,1,0,0,0,0,0,0,0,0,0,0,1,0,0
ChIJLf2I_aRZqDsR5fY2-hocBmQ,Velan Kaappi Tea Desk,Gopalapuram,Coimbatore,11.000273,76.973352,Cafe & Beverages,Not disclosed,4.3,4905,1,8.498214224818435,126.0,1.4490995305143606,4.804021044733257,0,1,0,1,0,0,1,0,0,0,0,0,0,0,0,0,0,0,0,1,1,0,0
ChIJNTmVTpxZqDsRJBU4cZ1GjGI,Little Town Waffles Race Course,Gopalapuram,Coimbatore,11.00041,76.973343,Multi-cuisine / General,Budget,4.6,95,1,4.564348191467836,63.0,1.4549149782435513,4.804021044733257,1,1,0,1,0,1,1,0,1,1,0,0,0,1,0,0,0,1,0,0,1,0,0
ChIJQ_O0CsdZqDsRPHwJ95uhqwI,Barrocco Bubble Tea Cafe,Race Course,Coimbatore,10.998808,76.978765,Cafe & Beverages,Not disclosed,4.5,126,1,4.844187086458591,77.0,1.9523447348303877,4.6443908991413725,1,0,0,1,0,0,0,0,0,0,0,0,0,0,0,0,0,0,0,0,1,0,0
ChIJjeTaJgBZqDsRbYVaFti7u9o,The Hidden Stairs,Gopalapuram,Coimbatore,11.000367,76.973318,Multi-cuisine / General,Mid,4.8,95,1,4.564348191467836,95.0,1.450350144342483,4.804021044733257,0,0,0,0,0,0,1,1,0,0,0,0,1,1,0,0,1,1,1,1,1,0,0
ChIJh6_vHPlZqDsRe7cZeOHXxYU,D.R.Biriyani Sivaji Kadai - Arts College Road Branch,Gopalapuram,Coimbatore,10.998984,76.97116,South Indian & Regional,Mid,3.7,116,0,4.762173934797756,77.0,1.171568807137668,4.787491742782046,1,0,0,1,0,0,1,1,1,0,1,0,1,1,0,0,1,1,0,0,1,0,0
ChIJaXTk76RZqDsR7v5wTRWgw1k,Courtallam Border Rahmath Kadai,Gopalapuram,Coimbatore,10.999792,76.973534,South Indian & Regional,Not disclosed,3.8,3983,0,8.290041618704489,80.5,1.4448197170112866,4.8283137373023015,0,1,0,1,0,1,1,0,0,1,0,0,0,0,0,0,0,0,0,0,1,1,0
ChIJ99E25dxZqDsRcc2WfUmTs_0,Sivakami Biriyani,Puliakulam,Coimbatore,11.005293,76.989307,Biryani & Non-veg,Mid,4.1,312,0,5.746203190540153,79.0,3.269937354869458,4.59511985013459,1,0,0,1,0,0,1,1,1,0,1,0,1,1,0,0,1,1,0,0,1,0,0
ChIJ_RFPawBZqDsRUIQh0k9zCP8,Karthiyayini Seafood Restaurant @ Kovai,Shanmuga Nagar,Coimbatore,10.992192,76.97987,Multi-cuisine / General,Not disclosed,4.3,499,1,6.214608098422191,33.0,2.033784714098692,3.8712010109078907,1,0,0,1,0,0,0,0,0,0,0,0,0,0,0,0,0,0,0,0,1,0,0
ChIJL5qLBq5ZqDsRws7ON8s6MAs,Haribhavanam - SKP,Gopalapuram,Coimbatore,11.008429,76.97499,South Indian & Regional,Not disclosed,4.4,11506,1,9.350710824823459,84.0,2.1365733296227796,4.465908118654584,1,1,0,1,0,1,1,0,0,1,0,0,0,0,0,0,0,0,0,0,1,1,0
ChIJLXpJPKFZqDsRjMNPY9m-lSc,RHR Hotel,FRONT,Coimbatore,10.997366,76.968205,Vegetarian,Not disclosed,4.1,36297,0,10.499517922316345,124.25,0.8039478633966969,4.941642422609304,1,0,0,1,0,0,1,0,0,0,0,0,0,0,0,1,0,0,0,1,1,0,0
ChIJsYM9C8pZqDsRhJEL7ydbgXk,Shree Anandhaas | Lakshmi Mills Junction,Junction,Coimbatore,11.010685,76.987553,Vegetarian,Mid,4.3,19258,1,9.865733762924211,108.5,3.3686602371078833,4.442651256490317,1,1,0,1,1,0,1,1,1,1,1,0,1,1,0,1,1,1,0,1,1,1,1
ChIJwR26WKZZqDsR2fJC9Rdirm0,Grand Cafe,Gopalapuram,Coimbatore,11.000162,76.968562,South Indian & Regional,Budget,4.4,1590,1,7.372118028337787,36.0,0.9968142466750116,4.8283137373023015,1,0,0,0,0,0,1,1,1,1,1,0,1,1,0,0,1,1,0,0,1,0,1
ChIJkZQlcqVZqDsRahfys31rotA,Annalakshmi,Gopalapuram,Coimbatore,10.996647,76.968635,Biryani & Non-veg,Not disclosed,4.1,1011,0,6.919683849847411,87.38333333333334,0.8218737605292229,4.962844630259907,1,1,0,1,0,0,1,0,0,0,0,0,0,0,0,0,0,0,1,0,1,1,0
ChIJB4LMIIVZqDsR9HcAjn0hR9Q,Aryaas Express,Gopalapuram,Coimbatore,10.996249,76.968268,Vegetarian,Budget,3.4,343,0,5.840641657373398,122.5,0.7717655927375748,5.030437921392435,1,0,0,1,0,0,1,1,1,0,1,0,1,1,0,0,1,1,0,1,1,0,1
ChIJ06aBfCdZqDsRAW7o0BYeoT8,Four Cups(veg restaurant),Dhamu Nagar,Coimbatore,11.008978,76.990057,Multi-cuisine / General,Not disclosed,4.4,263,1,5.575949103146316,73.5,3.5128477495765598,4.382026634673881,1,0,1,1,0,0,0,0,0,0,0,0,0,0,0,0,0,0,0,0,1,0,0
ChIJG_tRDKRZqDsREwyHlBiDc0w,Annapoorna - Arts College Road Branch,Gopalapuram,Coimbatore,10.999673,76.971334,Vegetarian,Mid,4.2,2240,1,7.714677473800927,115.5,1.2222777031863543,4.7535901911063645,1,1,0,1,0,0,1,1,1,0,1,0,1,1,0,0,1,1,0,1,1,1,1
ChIJfzZWM6RZqDsR8CM8EQvsXnQ,Annapoorna - Peoples Park,Gopalapuram,Coimbatore,10.999959,76.971282,South Indian & Regional,Mid,4.2,12139,1,9.40426106461349,112.0,1.2323044514459311,4.762173934797756,1,1,0,1,0,0,1,1,1,1,1,0,1,1,0,0,1,1,0,1,1,1,1
ChIJe3nVt2tZqDsRI62hfC_4MaI,Scandy - Ice Candy - Ramanathapuram,T Nagar,Coimbatore,10.997004,76.999173,Bakery & Desserts,Not disclosed,4.9,313,1,5.749392985908253,91.0,4.131712125136408,4.465908118654584,1,1,0,1,0,0,0,0,0,0,0,0,0,0,0,0,0,0,0,0,1,1,0
ChIJER7f3OlZqDsR5HrmNSEynDI,Benny's Boom ice cream,Murugan Nagar,Coimbatore,10.992355,76.994738,Bakery & Desserts,Not disclosed,4.4,69,1,4.248495242049359,111.5,3.6475409072693283,4.454347296253507,1,0,0,1,0,0,0,0,0,0,0,0,0,0,0,0,0,0,0,1,1,0,0
ChIJRTA1dtRZqDsR_yIAw9Ro8Z8,Madurai Famous Jigarthanda,Junction,Coimbatore,10.99735,76.994847,Bakery & Desserts,Not disclosed,4.7,760,1,6.634633357861686,80.5,3.6636390721503846,4.727387818712341,1,1,0,1,1,0,1,0,1,0,0,0,1,1,0,0,1,1,0,0,1,1,0
ChIJuwCjIjxZqDsR6TKxkgBn08A,Swirld Ice Cream,Kallimadai,Coimbatore,10.996707,77.00208,Bakery & Desserts,Not disclosed,4.8,135,1,4.912654885736052,87.0,4.446543881847861,4.330733340286331,1,0,1,1,0,0,0,0,0,0,0,0,0,0,0,0,0,0,0,0,0,0,0
ChIJw4WyTq9ZqDsRMuyryM4triQ,Peni Ice Candy - Ram Nagar,Ram Nagar,Coimbatore,11.011089,76.966055,Bakery & Desserts,Not disclosed,4.6,295,1,5.69035945432406,91.0,1.90259301056943,5.231108616854587,1,1,0,1,0,0,1,1,1,0,0,0,1,1,0,0,1,1,0,0,1,1,0
ChIJVZW6IvBZqDsRGzdMWYd20lU,Shree Anandhaas Bakery - Trichy Road,Sowripalayam Pirivu,Coimbatore,10.997414,76.999234,Bakery & Desserts,Mid,4.8,2634,1,7.876638460975463,91.0,4.1415484160750005,4.5217885770490405,1,1,0,1,0,0,1,0,1,0,1,0,1,0,0,0,1,1,0,0,1,1,0
ChIJI8oqCwBZqDsRt-bsduPYzL0,Happy Ending Ice creams- Sungam,Rajiv Gandhi Nagar,Coimbatore,10.998639,76.984483,Bakery & Desserts,Not disclosed,4.8,167,1,5.123963979403259,87.0,2.5592981848047764,4.356708826689592,1,0,0,0,0,1,1,0,0,1,1,0,1,1,0,0,1,1,0,0,0,0,0
ChIJUe2a_MNZqDsRcb-ads7Gfv0,Amul Ice Cream,Ramanathapuram,Coimbatore,10.991137,76.998596,Bakery & Desserts,Not disclosed,4.5,72,1,4.290459441148391,79.5,4.078333964794138,4.3694478524670215,1,1,0,1,0,0,0,0,0,0,0,0,0,0,0,0,0,0,0,0,1,1,0
ChIJNSP6lMNZqDsRiBGajXrwW68,Sri Balaaji Arul Jothi.(Veg Restaurant),Bharathi Nagar,Coimbatore,10.99702,76.994674,South Indian & Regional,Not disclosed,4.1,3102,0,8.04012466444838,113.75,3.6419288356388995,4.718498871295094,0,0,0,1,0,0,1,0,0,0,0,0,0,0,0,0,0,0,0,1,1,0,0
ChIJ-2BmV9xZqDsRGvMyArEuWpM,Hotel Nalan,Kallimadai,Coimbatore,10.995867,77.003306,South Indian & Regional,Budget,4.3,1067,1,6.97354301952014,105.0,4.576365173599875,4.290459441148391,1,0,0,1,0,0,1,1,1,1,1,0,1,1,0,0,1,0,0,1,1,0,1
ChIJI_bKNQBZqDsR1pG3YmELfxM,Hotel tn 55,Sree Nagar,Coimbatore,10.994698,76.993051,South Indian & Regional,Not disclosed,4.6,15,1,2.772588722239781,105.0,3.454848655685097,4.605170185988092,0,0,0,1,0,0,0,0,0,0,0,0,0,0,0,0,0,0,0,0,1,0,0
ChIJr36negBZqDsRjFRB8aW2dk8,Popular mess hotel,Keelakarai,Coimbatore,11.013926,76.985379,Multi-cuisine / General,Budget,4.5,29,1,3.4011973816621555,168.0,3.3864949614285513,4.2626798770413155,1,0,0,0,0,0,1,1,0,0,0,0,0,0,0,0,0,0,1,1,1,0,0
ChIJx5FcqsJZqDsRM0ACXHWbmC0,ALMAAS BIRIYANI HOUSE,Puliakulam,Coimbatore,11.003577,76.993931,Biryani & Non-veg,Not disclosed,4.2,397,1,5.986452005284438,80.5,3.688470591569905,4.564348191467836,1,0,0,1,0,1,1,0,0,1,0,0,0,0,0,0,0,0,0,0,1,0,0
ChIJeYO5EKlXqDsRF3r9bgAyKVM,Hot Cross Burger,Ramanathapuram,Coimbatore,10.996953,76.997179,Multi-cuisine / General,Not disclosed,4.8,308,1,5.733341276897746,87.0,3.9141585165097084,4.59511985013459,1,0,0,1,0,0,1,0,0,0,0,0,0,0,0,1,0,0,0,0,0,0,0
ChIJG6XNGfpZqDsRIHmuLdv5iO0,Hotel Chinthamani Aasari Varuval,Bharathi Nagar,Coimbatore,10.995411,76.996286,Multi-cuisine / General,Not disclosed,4.5,48,1,3.8918202981106265,14.0,3.8090075284629195,4.624972813284271,1,0,0,1,0,0,0,0,0,0,0,0,0,0,0,0,0,0,0,0,1,0,0
ChIJc5toduZZqDsR34kb_enmOoo,Chai n' Gupshup Tea Hangout,Keelakarai,Coimbatore,10.988044,77.000846,Cafe & Beverages,Not disclosed,4.3,278,1,5.631211781821365,73.5,4.36701113607211,3.713572066704308,1,1,0,1,0,0,1,0,0,0,0,0,0,0,0,0,0,0,0,0,1,0,0
ChIJd3OwtqNZqDsRyNfOQY2COlo,Tea Boy,Bharathi Nagar,Coimbatore,10.997037,76.994731,Cafe & Beverages,Not disclosed,4.5,60,1,4.110873864173311,93.0,3.6482734232174017,4.718498871295094,1,1,0,1,0,0,0,0,0,0,0,0,0,0,0,0,0,0,0,1,1,1,0
ChIJ8Uk_x9xZqDsRYdY2XoMTYYs,Velan Kaappi,Sowripalayam Pirivu,Coimbatore,10.997431,76.999871,Cafe & Beverages,Budget,4.2,1286,1,7.160069207596127,119.0,4.211024472641502,4.51085950651685,1,1,0,1,0,0,1,0,1,0,0,0,1,1,0,0,1,1,0,1,1,1,0
ChIJY5msJhVZqDsRsdbcEBxkB-E,Tea Time Franchise Ramanathapuram,R.N.Puram,Coimbatore,10.997365,77.001106,Multi-cuisine / General,Budget,3.9,65,0,4.189654742026425,100.0,4.344938475184908,4.394449154672439,1,0,0,1,0,0,1,0,0,0,0,0,1,1,0,0,1,1,0,0,1,0,0
ChIJ1QtXV9xZqDsRjLpCMmCagMg,Marutham's Coffee,Kallimadai,Coimbatore,10.996713,77.00208,Cafe & Beverages,Not disclosed,4.3,158,1,5.0689042022202315,91.0,4.446579039708367,4.330733340286331,1,0,0,1,0,0,0,0,0,0,0,0,0,0,0,0,0,0,0,0,1,0,0
ChIJV5wtvvpZqDsRqsDiuDBJnGA,DumChai,Highways Colony,Coimbatore,10.990889,76.974288,Cafe & Beverages,Not disclosed,4.9,114,1,4.74493212836325,115.5,1.4660558393374483,4.02535169073515,1,1,0,1,0,0,0,0,0,0,0,0,0,0,0,0,0,0,1,1,1,0,0
ChIJ5VYPs_hYqDsRqoOreCcVfSc,Kannan’s Kaapi,Ramasamy Nagar,Coimbatore,10.99737,76.994553,Cafe & Beverages,Not disclosed,4.1,10,0,2.3978952727983707,74.0,3.6318487264816426,4.74493212836325,0,1,0,1,0,0,1,0,0,0,0,0,1,0,0,0,0,0,0,0,1,0,0
ChIJt8hJsa5ZqDsR0Z5LOx9pufA,Tea Desk,Sowripalayam Pirivu,Coimbatore,10.99738,76.99988,Cafe & Beverages,Not disclosed,2.9,10,0,2.3978952727983707,87.0,4.21158443489993,4.499809670330265,0,0,0,0,0,0,0,0,0,0,0,0,0,0,0,0,0,0,0,0,0,0,0
ChIJ1SlOJyVZqDsRcYfz6HPhYJY,Renish Bakery,Bharathi Nagar,Coimbatore,10.99455,76.987957,Bakery & Desserts,Budget,4.4,91,1,4.5217885770490405,84.0,2.8988073406312576,4.204692619390966,1,0,0,1,0,0,1,0,1,0,0,0,0,0,0,0,0,1,0,1,1,0,0
ChIJOxk9WfNVqDsR-9YWPWXdiV8,Heatsquare Restaurant Sulur,PKT Nagar,Sulur,11.028354,77.131405,Biryani & Non-veg,Mid,3.9,379,0,5.940171252720432,77.0,18.93144027356478,3.970291913552122,1,1,0,1,0,0,1,0,1,1,1,0,1,1,0,0,1,1,0,0,1,0,0
ChIJddL0ZJpVqDsRl3hht3_VTTY,Rayal Restaurant,Sagaya Annai Nagar,Sulur,11.027672,77.136877,North Indian & Global,Not disclosed,4.1,197,0,5.288267030694535,84.0,19.502780593747154,3.7612001156935624,1,0,0,1,0,0,0,0,0,0,0,0,0,0,0,0,0,0,0,0,1,0,0
ChIJd6RGA65VqDsRpxm_tc8cCug,Aarya Bhavan,Mathiyalagan Nagar,Sulur,11.027815,77.133503,South Indian & Regional,Budget,3.3,607,0,6.410174881966167,112.0,19.144304579446235,3.8918202981106265,1,0,0,1,0,0,1,1,0,0,1,0,1,1,0,0,1,1,0,1,1,0,1
ChIJS8qCU2hVqDsRYcuo1Qz1j0Q,Dolphin Family Restaurant,Mathiyalagan Nagar,Coimbatore,11.027676,77.131064,South Indian & Regional,Not disclosed,3.6,434,0,6.075346031088684,84.0,18.88015123159728,4.02535169073515,0,0,0,1,0,0,0,0,0,0,0,0,0,0,0,0,0,0,0,0,1,0,0
ChIJ0TrH2OZVqDsR0xYLd_7D5Dg,Madhuram Veg Restaurant,Ranganathapuram,Kannampalayam,11.025085,77.111807,Multi-cuisine / General,Not disclosed,4.1,115,0,4.7535901911063645,122.5,16.762984763475764,2.639057329615259,1,0,0,1,0,0,0,0,0,0,0,0,0,0,0,0,0,0,0,1,1,0,0
ChIJd6lIev1VqDsRpHL6yzXqXXo,AGARWAL SWEETS & RESTAURANT,Kangayampalayam,Kangayampalayam,11.028964,77.155937,North Indian & Global,Mid,4.0,850,0,6.7464121285733745,98.0,21.57432583960213,1.6094379124341003,1,0,0,1,0,0,1,1,1,0,0,0,1,1,0,0,1,1,0,0,1,0,1
ChIJkU8fFRZVqDsRR-gOsIiyES8,THE ELITE MULTICUISINE RESTAURANT,Sulur,Sulur,11.028174,77.128756,Biryani & Non-veg,Not disclosed,3.9,787,0,6.669498089857879,84.0,18.64412269263015,3.9889840465642745,1,0,0,1,0,0,1,0,0,0,0,0,0,0,0,0,0,0,0,0,1,0,0
ChIJ7xzsGjlVqDsRUvalEVnKZ_w,RHR VEG RESTAURANT ( SINCE 1931),PKT Nagar,Sulur,11.028431,77.130487,Multi-cuisine / General,Budget,3.7,4609,0,8.435983135990694,108.5,18.834947878576116,3.9889840465642745,1,0,0,1,0,0,1,1,1,1,1,0,1,1,0,0,1,1,0,1,1,0,1
ChIJEyVyipJVqDsRWtKECWQCFR0,COWBOY RESTAURANT Sulur,Sulur,Sulur,11.028138,77.128227,North Indian & Global,Not disclosed,3.6,45,0,3.828641396489095,87.0,18.586754017431545,4.007333185232471,1,0,0,0,0,0,1,1,1,0,1,0,1,1,0,0,1,1,0,0,0,0,0
ChIJH1QmrctVqDsR-IBilfcA2VE,Selvanayaki Hotel,Ranganathapuram,Kannampalayam,11.021571,77.115788,Multi-cuisine / General,Not disclosed,4.3,635,1,6.455198563340122,105.0,17.1160807497643,2.833213344056216,1,0,0,1,0,0,1,0,0,0,0,0,0,0,0,0,0,0,0,1,1,0,0
ChIJBZ-Os4ZXqDsRBJYkpSi7Nl0,Kerala Biriyani restaurant,Sagaya Annai Nagar,Sulur,11.02771,77.135998,South Indian & Regional,Not disclosed,3.9,174,0,5.1647859739235145,105.0,19.40936894099875,3.784189633918261,1,0,0,1,0,0,0,0,0,0,0,0,0,0,0,0,0,0,0,1,1,0,0
ChIJ23Mnjt1VqDsRe-8eoLv0fV4,Meat Up - Sulur,Sulur,Sulur,11.025699,77.125376,Multi-cuisine / General,Budget,4.9,13,1,2.639057329615259,42.0,18.228693096295515,3.8918202981106265,1,0,0,1,0,0,1,0,1,0,0,0,1,1,0,0,0,0,0,0,1,0,0
ChIJKwpsqldVqDsR3SoBIAh0Oj8,Sri Amuthan Mess,Sagaya Annai Nagar,Sulur,11.02722,77.138293,Multi-cuisine / General,Not disclosed,4.2,225,1,5.420534999272286,96.5,19.64525588588501,3.6109179126442243,1,0,0,1,0,0,1,0,0,0,0,0,0,0,0,0,0,0,0,1,1,0,0
ChIJl0RdQ9RVqDsRiepts9kq9Ss,Blue Line Restaurant,Coimbatore,Kannampalayam,11.023474,77.106501,Multi-cuisine / General,Mid,3.7,827,0,6.71901315438526,84.0,16.159731956658188,2.302585092994046,1,0,0,1,0,0,1,1,1,1,1,0,1,1,0,0,1,0,0,0,1,0,0
ChIJFYwqlNNVqDsRjvS5b6lP4Ck,Keerthana Mess Veg and Non Veg & parcel service,Ranganathapuram,Kannampalayam,11.024945,77.111621,Biryani & Non-veg,Mid,4.0,1196,0,7.087573705557973,105.0,16.739962137454143,2.639057329615259,1,0,0,1,0,0,1,1,1,0,1,0,1,1,1,0,1,0,0,1,1,0,0
ChIJ_9LBTmRVqDsRScF1HdX53kU,Vaibav mess,Sulur,Sulur,11.022528,77.125633,Multi-cuisine / General,Not disclosed,4.2,203,1,5.318119993844216,38.5,18.19283689170836,3.9318256327243257,1,0,0,1,0,0,1,0,0,0,0,0,0,0,0,0,0,0,0,1,1,0,0
ChIJI6ZYCgBVqDsRsSmCCNqpF5Y,Salem RR Biryani Restaurant,Sagaya Annai Nagar,Kangayampalayam,11.027229,77.139323,Biryani & Non-veg,Not disclosed,3.9,1200,0,7.0909098220799835,84.0,19.75593977992569,3.4965075614664802,1,0,0,1,0,0,1,0,0,0,0,0,0,0,0,0,0,0,0,0,1,0,0
ChIJWw-JwDZVqDsRP-kHqd__Yq0,சசி மெஸ்,Sulur,Sulur,11.026979,77.12785,Multi-cuisine / General,Not disclosed,4.7,28,1,3.367295829986474,35.0,18.5209955339209,4.007333185232471,1,0,0,1,0,0,0,0,0,0,0,0,0,0,0,0,0,0,0,0,1,0,0
ChIJZY5MBMFVqDsRKzfX37Mzees,A1 MESS,Sulur,Sulur,11.027943,77.127695,Biryani & Non-veg,Mid,4.1,958,0,6.8658910748834385,91.0,18.52552609012157,3.970291913552122,1,0,0,1,0,0,1,1,1,0,0,0,1,1,0,0,1,1,0,0,1,0,0
ChIJNZzkqmhXqDsRN2fNtg17ILM,WOW China,Campus,Sulur,11.018947,77.102304,North Indian & Global,Not disclosed,4.9,64,1,4.174387269895637,84.0,15.616055662553261,2.1972245773362196,1,1,0,1,0,0,1,1,1,0,1,1,1,1,0,0,1,1,0,0,1,0,0
ChIJO98vc6RVqDsRVzlzNht9I8I,CakeBee - Your Favourite Bakery & Cake Shop,Sagaya Annai Nagar,Kangayampalayam,11.027697,77.146849,Bakery & Desserts,Mid,4.1,557,0,6.324358962381311,98.0,20.573198312875203,2.4849066497880004,1,1,0,1,0,0,1,0,1,0,0,0,1,0,0,0,1,1,0,0,1,1,0
ChIJ15Pm7VBVqDsRFFzjlCPCMdo,The cake factory (home baking),kuruvammal nagar,Sulur,11.016574,77.132163,Bakery & Desserts,Not disclosed,4.9,74,1,4.31748811353631,84.0,18.79823583894199,2.3978952727983707,1,0,1,1,0,0,1,0,0,0,0,0,0,0,0,0,0,0,0,0,1,0,0
ChIJWXFSwLhVqDsR1fTBsXsv1Q4,Sri Divya Bakery,Sulur,Chinniampalayam,11.039345,77.115536,Bakery & Desserts,Not disclosed,4.0,626,0,6.440946540632921,112.0,17.543586162949854,1.0986122886681096,0,0,0,0,0,0,0,0,0,0,0,0,0,0,0,0,0,0,0,1,1,0,0
ChIJ27Z2FwNVqDsR-aK4rVxP3_Y,Bake Siras,Sulur,Sulur,11.017717,77.120758,Bakery & Desserts,Not disclosed,4.8,11,1,2.4849066497880004,52.0,17.582784442321937,3.1780538303479458,1,0,0,1,0,0,0,0,0,0,0,0,0,0,0,0,0,0,0,0,1,0,0
ChIJ_wfZ7Z1VqDsRXtelcy_ZGGs,FB Cakes,Sulur,Sulur,11.025493,77.122388,Bakery & Desserts,Mid,4.5,406,1,6.008813185442595,108.5,17.904184398789585,3.7376696182833684,1,1,0,1,0,1,1,0,1,1,0,0,1,0,0,0,1,1,1,0,1,1,0
ChIJI7kPL3FVqDsRRf9nhq7gzVk,KUTTY Bakery,Sagaya Annai Nagar,Kangayampalayam,11.027753,77.139901,Bakery & Desserts,Budget,4.0,386,0,5.958424693029782,129.5,19.82869043701769,3.4011973816621555,1,0,0,0,0,0,1,0,1,0,0,0,1,0,0,0,0,1,0,1,1,0,0
ChIJo5QB-hNVqDsRVNsJY0isbUg,SASI BAKERYS,Sulur,Sulur,11.021443,77.122098,Bakery & Desserts,Not disclosed,4.3,170,1,5.14166355650266,112.0,17.792175587737695,3.5263605246161616,1,0,0,1,0,0,1,0,0,0,0,0,0,0,0,0,0,0,0,1,1,0,0
ChIJW0sVwR5VqDsRDMrNjIPy2tw,City Bakery,Sulur,Sulur,11.027938,77.129684,Bakery & Desserts,Budget,4.5,22,1,3.1354942159291497,168.0,18.738169439662304,4.007333185232471,1,0,0,0,0,0,1,0,0,0,0,0,0,0,0,0,0,0,1,1,1,1,0
ChIJBTB32ORVqDsRA8lWJ7bTqkI,Anbu bakery& fruits,Sagaya Annai Nagar,Kangayampalayam,11.027731,77.141787,Bakery & Desserts,Not disclosed,3.8,566,0,6.340359303727752,168.0,20.030541575603905,2.995732273553991,1,0,0,1,0,0,0,0,0,0,0,0,0,0,0,0,0,0,1,1,1,0,0
ChIJTcmMQL5VqDsR_QrZhDu30x4,Shree Anandhaas Sweets and Snacks - Sulur,Sagaya Annai Nagar,Sulur,11.027824,77.137543,Bakery & Desserts,Not disclosed,4.5,682,1,6.52649485957079,98.0,19.577351375765264,3.6375861597263857,1,1,0,1,0,1,1,0,0,0,0,0,0,0,0,0,0,0,0,0,1,1,0
ChIJR8mpKfBVqDsRWRalBHUqhLs,Aroma Bakery,Sulur,Sulur,11.027632,77.128095,Bakery & Desserts,Budget,3.7,124,0,4.8283137373023015,87.0,18.56143934587935,4.007333185232471,0,0,0,0,0,0,1,0,1,0,0,0,0,0,0,0,1,1,0,0,0,1,0
ChIJ2bMhzm1VqDsRt9_3xgr4yQc,Padma Home Bakes,sulur,Kangayampalayam,11.031758,77.153866,Bakery & Desserts,Premium,5.0,55,1,4.02535169073515,168.0,21.409575164592066,1.9459101490553132,1,0,1,1,0,0,1,0,1,0,0,0,0,0,0,0,0,0,1,1,1,0,0
ChIJTyohPRJVqDsRnTj2D-EhKYY,Anbu bakery and Restaurant,Defence Colony,Kadampadi,11.025059,77.167061,Bakery & Desserts,Not disclosed,3.7,402,0,5.998936561946683,168.0,22.701620989183667,1.0986122886681096,1,0,0,1,0,1,0,0,0,1,0,0,0,0,0,0,0,0,1,1,1,0,0
ChIJXybd47FVqDsR8LvntMngKhY,KR BAKES,Sulur,Sulur,11.0254,77.12507,Bakery & Desserts,Not disclosed,4.1,42,0,3.7612001156935624,84.0,18.189621036355906,3.9318256327243257,1,1,0,1,0,0,1,0,1,0,0,0,0,0,0,0,0,0,0,0,1,1,0
ChIJfRKRgO1VqDsRgcg4U0gx2Ug,B&B cakes,Sulur,Sulur,11.027894,77.130633,Bakery & Desserts,Not disclosed,4.9,24,1,3.2188758248682006,168.0,18.83875390664958,4.007333185232471,1,0,0,1,0,0,0,0,0,0,0,0,0,0,0,0,0,0,1,1,1,0,0
ChIJhwHPBH5WqDsRnUjZqoZY9Vg,Dhivya Bakery,Kannampalayam,Kannampalayam,11.020341,77.097636,Bakery & Desserts,Budget,4.0,802,0,6.688354713946762,126.0,15.143016675888495,2.1972245773362196,0,0,0,0,0,0,1,0,1,0,1,0,1,0,0,0,0,1,0,1,1,0,0
ChIJn_mZoRxVqDsRzmOiiEBDItw,Grace Bake and Bite,Sulur,Sulur,11.016685,77.130291,Bakery & Desserts,Not disclosed,5.0,22,1,3.1354942159291497,87.0,18.59728197169212,2.5649493574615367,1,0,1,1,0,0,1,0,1,0,0,0,0,0,0,0,0,1,0,0,0,0,0
ChIJdXJMnzVVqDsRTKOYFVLJkZ8,Simya Bakes and Sweets,Sagaya Annai Nagar,Sulur,11.02741,77.138224,Bakery & Desserts,Not disclosed,4.0,146,0,4.990432586778736,84.0,19.641761298692934,3.6109179126442243,1,0,0,1,0,0,0,0,0,0,0,0,0,0,0,0,0,0,0,0,1,0,0
ChIJYcfDGVBVqDsRYpFmedCh2Ao,YUM YUM Biryani,Mathiyalagan Nagar,Sulur,11.027943,77.132768,Multi-cuisine / General,Not disclosed,4.8,31,1,3.4657359027997265,66.0,19.06835257806559,3.970291913552122,1,0,0,1,0,0,0,0,0,0,0,0,0,0,0,0,0,0,0,0,1,0,0
ChIJY1yR2dZVqDsRTguDtvhiEnY,RVR Bakery,Sagaya Annai Nagar,Kangayampalayam,11.027687,77.145948,Bakery & Desserts,Not disclosed,4.1,39,0,3.6888794541139363,112.0,20.47625043985039,2.639057329615259,0,0,0,0,0,0,1,0,1,0,0,0,0,0,0,0,0,0,0,1,1,0,0
ChIJW8ow3CBVqDsRKk06yDvDom4,Waffle Corner Sulur,Sulur,Sulur,11.028082,77.128423,Bakery & Desserts,Not disclosed,4.9,94,1,4.553876891600541,42.0,18.606467178623234,3.9889840465642745,1,0,1,1,0,0,0,0,0,0,0,0,0,0,0,0,0,0,0,0,1,0,0
ChIJWe_xo1hVqDsRcSo-vKkJHNo,Sulur Dosa Cafe,SRS Puram,Sulur,11.021132,77.126949,Multi-cuisine / General,Not disclosed,4.9,21,1,3.091042453358316,94.0,18.308774119740324,3.9318256327243257,1,1,0,1,0,0,0,0,0,0,0,0,0,0,0,0,0,0,0,1,1,0,0
ChIJhc62KsZVqDsRHGsWI5Sg2yc,Kaappi 2.0 Sulur,Kalangal,Appanaickenpatti,10.98963,77.147997,Cafe & Beverages,Budget,4.7,31,1,3.4657359027997265,84.0,20.37546900773099,0.0,1,0,0,1,0,0,1,0,1,1,1,1,1,1,1,1,1,1,0,0,1,0,0
ChIJD0GOF4FVqDsR_3FhI3IpH2g,The Black Pearl cafe,PKT Nagar,Sulur,11.028269,77.132038,Cafe & Beverages,Not disclosed,4.7,64,1,4.174387269895637,84.0,18.997302023885677,3.970291913552122,1,0,0,0,0,0,0,0,0,0,0,0,0,0,0,0,0,0,0,0,1,0,0
ChIJNycUDKpVqDsRKSVWPsi6X6I,GANAPATHI KAAPPI,Sulur,Sulur,11.024928,77.119696,Cafe & Beverages,Budget,3.7,298,0,5.700443573390686,84.0,17.603779402527618,3.5553480614894135,1,0,0,1,0,0,1,0,0,0,0,0,1,1,1,0,1,1,0,1,1,0,0
ChIJf-xJWgBVqDsRfbUyLWVhwrY,Karupatti Kappi,PKT Nagar,Sulur,11.028187,77.136062,Cafe & Beverages,Not disclosed,4.7,54,1,4.007333185232471,119.0,19.42633959755942,3.7612001156935624,1,0,0,1,0,0,0,0,0,0,0,0,0,0,0,0,0,0,0,1,1,0,0
ChIJmZN8CABVqDsRgFcCvHr6lzQ,MDS BAKES,Kalangal,Sulur,11.011871,77.134892,Cafe & Beverages,Not disclosed,3.9,154,0,5.043425116919247,87.0,19.033914722658526,1.6094379124341003,0,0,0,0,0,0,0,0,0,0,0,0,0,0,0,0,0,0,0,0,0,1,0
ChIJZwSkd9tVqDsR7w_eZpJrmVw,Chai Adda,Nehru Nagar,Kangayampalayam,11.030645,77.152307,Cafe & Beverages,Budget,4.7,28,1,3.367295829986474,72.0,21.218953214491492,1.9459101490553132,0,0,0,1,0,0,1,0,0,0,0,0,1,1,0,0,1,1,0,1,1,0,0
ChIJmxAR8rhVqDsR4_rSV05QXxQ,Taste Me Cafe,Kannampalayam,Kannampalayam,11.021336,77.101238,Multi-cuisine / General,Not disclosed,4.8,19,1,2.995732273553991,91.0,15.550010155270385,2.302585092994046,1,0,0,0,0,0,1,0,1,0,0,0,0,1,0,0,0,1,0,0,1,0,0
ChIJf7c9WgBVqDsRAy6o99fUssA,Anu Cafe,Sulur,Neelambur,11.064375,77.110594,Vegetarian,Not disclosed,4.6,37,1,3.6375861597263857,90.0,18.037139545618864,2.1972245773362196,1,0,0,0,0,0,0,0,0,0,0,0,0,0,0,0,0,0,0,1,1,0,0
ChIJXQyYcaVZqDsRekPuUEdd1Xk,Tease,Gopalapuram,Coimbatore,11.002263,76.973573,Multi-cuisine / General,Not disclosed,4.2,210,1,5.351858133476067,87.5,1.5784588807490096,4.844187086458591,1,1,0,1,1,0,1,1,1,1,1,1,1,0,0,1,1,1,1,0,1,0,0
ChIJk8a955FZqDsRbzPkeWQebww,INDCHICOO,Race Course,Coimbatore,10.998594,76.978346,Multi-cuisine / General,Not disclosed,4.3,1809,1,7.501082124259871,108.5,1.9022788742852708,4.6443908991413725,1,0,0,1,0,1,1,1,1,1,1,0,1,1,1,1,1,1,0,1,1,0,0
ChIJX1O14SBZqDsR_wDciOdfDM8,Peter's Kitchen,Gopalapuram,Coimbatore,11.006202,76.970125,Multi-cuisine / General,Not disclosed,4.5,154,1,5.043425116919247,77.0,1.6035227636875558,4.68213122712422,1,1,0,1,0,1,1,0,0,1,0,0,0,0,0,1,0,0,0,0,1,0,0
ChIJ8-Py6ctVqDsRwe00AOWdfkY,Maharaja restaurant,Sulur,Sulur,11.02515,77.120959,South Indian & Regional,Not disclosed,3.6,100,0,4.61512051684126,60.0,17.743803199454735,3.58351893845611,0,0,0,0,0,0,1,0,0,0,0,0,0,0,0,0,0,0,0,0,1,0,0
ChIJnygTk7NZqDsRinucdCJEcpo,The Pavilion,Coimbatore,Coimbatore,11.010481,76.980501,Multi-cuisine / General,Premium,4.4,1626,1,7.394493107219038,112.0,2.7322403190241755,4.304065093204169,1,1,0,1,0,1,1,1,1,1,1,1,1,1,0,1,1,1,0,1,1,0,0
ChIJGc4iMABVqDsR9452BEvxvCc,Chezhian Biryani Stall,Sulur,Sulur,11.028403,77.126,Biryani & Non-veg,Not disclosed,4.8,23,1,3.1780538303479458,54.0,18.354693359381,3.8918202981106265,1,0,0,1,0,0,0,0,0,0,0,0,0,0,0,0,0,0,0,0,1,0,0
ChIJN7dxaTtVqDsRIqBQBKQg7Ao,A1 Biriyani,Sulur,Sulur,11.023845,77.125087,South Indian & Regional,Mid,3.7,29,0,3.4011973816621555,87.0,18.159731353069123,3.9318256327243257,0,0,0,0,0,0,1,0,0,0,0,0,1,1,0,0,0,0,0,0,0,0,0
ChIJuRWxO8xVqDsRZYQXiMEA7pY,HMB Biriyani Hut,Sulur,Sulur,11.017565,77.12956,Biryani & Non-veg,Not disclosed,3.8,62,0,4.143134726391533,87.5,18.531398055466152,2.772588722239781,1,0,0,1,0,0,1,0,0,0,0,0,0,0,0,0,0,0,0,0,1,0,0
ChIJRfUWFxJVqDsRBuI2LvPoLJI,Amber Roshan Biryani,Sulur,Sulur,11.023944,77.125274,Fast food & Quick bites,Not disclosed,4.2,12,1,2.5649493574615367,56.0,18.18178194306636,3.9512437185814275,1,0,0,1,0,0,1,1,0,0,0,0,1,0,0,0,0,0,0,0,1,0,0
ChIJabuWwNZVqDsRLygDFkNpC3k,Sri Annalakshmi Hotels,Ranganathapuram,Kannampalayam,11.020807,77.115414,South Indian & Regional,Not disclosed,4.1,224,0,5.41610040220442,24.0,17.06119825095857,2.833213344056216,0,0,0,1,0,0,1,0,0,0,0,0,0,0,0,0,0,0,0,0,1,0,0
ChIJq0qrYLZXqDsRV0k4mMUKPHw,Ananda Bhavan (Pure Veg),signal,Pallapalayam,11.008459,77.070719,Vegetarian,Budget,4.1,1696,0,7.436617265234227,115.5,12.031422620746154,2.302585092994046,0,0,0,1,0,0,1,1,1,0,1,0,1,1,1,1,1,1,0,1,1,0,1
ChIJ2U0J47FVqDsRKaimCsWAyTY,Fashion Restaurant,Sagaya Annai Nagar,Sulur,11.027666,77.136878,Multi-cuisine / General,Not disclosed,3.5,301,0,5.71042701737487,84.0,19.502762185807203,3.7612001156935624,0,0,0,1,0,0,0,0,0,0,0,0,0,0,0,0,0,0,1,0,1,0,0
ChIJhS_iYGRXqDsRucQyraWI2RI,SRI KONGU MESS,Pirivu,Kannampalayam,11.012032,77.08504,Multi-cuisine / General,Not disclosed,3.9,32,0,3.4965075614664802,70.0,13.633889089803759,1.6094379124341003,1,0,0,1,0,0,0,0,0,0,0,0,0,0,0,0,0,0,0,0,1,0,0
ChIJZbSVBsxVqDsRGehfbr4beMg,RP PAVITHRA MESS,Sulur,Coimbatore,11.025626,77.119561,Fast food & Quick bites,Budget,4.3,209,1,5.3471075307174685,90.0,17.604342827195747,3.5263605246161616,1,0,0,1,0,0,1,1,0,0,0,0,1,1,0,0,0,0,0,0,1,0,0
ChIJ71ZZ6OdVqDsRMYRJdEFoOpk,KUMAR MESS,Sulur,Sulur,11.02023,77.126977,Multi-cuisine / General,Mid,3.2,26,0,3.295836866004329,84.0,18.29592644497646,3.6888794541139363,1,0,0,0,0,0,1,1,1,1,0,0,1,1,0,0,1,1,0,0,1,0,0
ChIJb361ZexVqDsRIDChP7Zbtys,Harish Mess,Sagaya Annai Nagar,Sulur,11.027734,77.136564,Multi-cuisine / General,Not disclosed,4.5,11,1,2.4849066497880004,87.0,19.47053260481955,3.7612001156935624,1,0,0,1,0,0,1,0,0,0,0,0,1,0,0,0,0,0,0,0,0,0,0
ChIJqxEeSM1VqDsR6uOeR_b7yKU,SAH Non Veg Hotel,Ranganathapuram,Kannampalayam,11.020898,77.115479,Biryani & Non-veg,Not disclosed,3.4,151,0,5.0238805208462765,19.5,17.069916675195937,2.833213344056216,1,0,0,1,0,0,1,0,0,0,0,0,0,0,0,1,0,0,0,0,1,0,0
ChIJdyMEnn5ZqDsRbovdEFjxRbk,Rasanai - Coimbatore,Pudur,Coimbatore,11.01321,76.988479,South Indian & Regional,Not disclosed,4.6,7015,1,8.855948534052018,49.0,3.6080801820194095,4.343805421853684,1,0,0,1,0,1,1,0,0,1,0,0,0,0,0,1,0,0,0,0,1,0,0
ChIJzZ5G3WRXqDsRNZYlNaKwXPE,Shawarma Kaaran Ravathur Pirivu,Sulur,Coimbatore,11.018718,77.095316,Biryani & Non-veg,Budget,4.8,13,1,2.639057329615259,38.5,14.860846232834001,2.0794415416798357,1,0,0,1,0,0,1,0,0,0,0,0,0,0,0,0,0,0,0,0,1,0,0
ChIJK_Vnw8tZqDsR6On9Nfd4KFE,Martram's The South Indian Coffee House - Coimbatore Railway Station,Gopalapuram,Coimbatore,10.996036,76.967789,Cafe & Beverages,Not disclosed,4.7,594,1,6.38856140554563,168.0,0.7154295188081637,5.159055299214529,1,1,0,1,0,0,0,0,0,0,0,0,0,0,0,0,0,0,1,1,1,1,0
ChIJK9aAcKVZqDsRR2y-cmHAoz0,Latitude Restaurant - Vivanta Coimbatore,Gopalapuram,Coimbatore,11.002413,76.973476,North Indian & Global,Not disclosed,4.2,172,1,5.153291594497779,115.5,1.5786734504629092,4.8283137373023015,1,1,0,1,0,1,1,0,0,1,0,0,0,0,0,1,0,0,1,1,1,0,0
ChIJbWazu6ZZqDsRoijwDcAvpYM,Geetha Hotels (since 1938),Gopalapuram,Coimbatore,10.998096,76.969222,South Indian & Regional,Not disclosed,4.4,2453,1,7.805474625270857,87.0,0.9381292673955204,4.804021044733257,1,1,0,1,0,1,1,1,1,1,1,1,1,1,0,0,1,0,0,0,0,0,1
ChIJOTvvbwCrqTsRrrN0v2Im1Gs,Sulur City Bar,Palladam,Kodangipalayam,11.025437,77.124565,Multi-cuisine / General,Not disclosed,4.3,114,1,4.74493212836325,87.0,18.13626627246466,3.8918202981106265,0,0,0,0,0,0,0,0,0,0,0,0,0,0,0,0,0,0,0,0,0,0,0
ChIJ49heQGtZqDsRik_juNVek8U,Martram's The South Indian Coffee House - Govt. Arts Collage Road,Gopalapuram,Coimbatore,10.99915,76.971276,Cafe & Beverages,Budget,4.7,245,1,5.5053315359323625,94.5,1.1908182025627008,4.77912349311153,1,1,0,1,0,0,1,0,1,0,0,0,1,1,0,0,0,1,0,1,1,1,0
ChIJ2WutiMFZqDsRLuqTQyMLt8M,Vijay Chettinad Mess,Sree Nagar,Coimbatore,10.994813,76.992793,South Indian & Regional,Not disclosed,4.0,273,0,5.6131281063880705,112.0,3.4267509351412953,4.584967478670572,0,0,0,1,0,1,1,0,0,1,0,0,0,0,0,0,0,0,0,1,1,0,0
ChIJD5dA4ExYqDsRQrExdCVgZzw,Raja Chettinad Hotel,Lakshmi Mills Colony,Coimbatore,11.015851,76.97884,South Indian & Regional,Not disclosed,3.5,17,0,2.8903717578961645,124.25,3.034367866139509,3.912023005428146,0,0,0,1,0,0,0,0,0,0,0,0,0,0,0,0,0,0,1,1,1,0,0
ChIJFTAUOaFZqDsRHfgvQ3ILB8E,IDINE CHETTINAD VIRUNDHU,Gopalapuram,Coimbatore,10.996439,76.96839,South Indian & Regional,Not disclosed,3.7,148,0,5.003946305945459,87.0,0.7899110240978743,4.997212273764115,1,1,0,1,0,0,1,1,1,1,1,1,1,1,0,1,1,1,0,0,0,0,0
ChIJEUM6nVpZqDsRramwgkWndY4,Sri Ponnayya Chettinad Restaurant,Gopalapuram,Coimbatore,10.996536,76.968087,Multi-cuisine / General,Budget,2.1,14,0,2.70805020110221,87.0,0.7609937250536716,5.0238805208462765,0,0,0,0,0,0,1,1,0,0,0,0,1,1,0,0,0,0,0,0,0,0,0
ChIJ1-8lIwBZqDsRjSIgMcjWT4M,Selvi Madurai Bun Parotta kadai,Lakshmi Mills Colony,Coimbatore,11.01716,76.979877,South Indian & Regional,Not disclosed,4.2,393,1,5.976350909297934,82.25,3.2187239863248256,3.8501476017100584,1,0,0,1,0,0,1,0,0,0,0,0,0,0,0,0,0,0,0,0,1,0,0
ChIJ8w9BMABVqDsR2ofNGQZ6kQc,THANIGAI FAMILY RESTAURANT,Kalangal,Kalangal,11.013302,77.133795,Multi-cuisine / General,Mid,4.5,166,1,5.117993812416755,77.0,18.931563306589414,1.6094379124341003,1,0,0,0,0,0,1,0,0,0,0,0,1,1,1,0,0,1,0,0,1,0,0
ChIJWzDnSgBXqDsRhq_I1MU-rFQ,VKS Restaurant,Selvaraja Puram,Kannampalayam,11.010962,77.081703,Multi-cuisine / General,Mid,4.1,131,0,4.882801922586371,91.0,13.25662548101659,1.6094379124341003,0,0,0,0,0,0,1,1,1,0,1,0,1,1,0,0,1,0,0,0,1,0,0
ChIJgSXjnIdWqDsRmSEWMru2Tcc,Star Unique Family Restaurant,Coimbatore,Kannampalayam,11.018252,77.092797,Multi-cuisine / General,Not disclosed,4.1,116,0,4.762173934797756,84.0,14.581073018726196,1.3862943611198906,1,0,0,1,0,0,0,0,0,0,0,0,0,0,0,0,0,0,0,0,1,0,0
ChIJGYFzsfJVqDsRvcchrfwHK4o,Anupavi The Family multicuisine Restaurant,Defence Colony,Kadampadi,11.024935,77.167232,Biryani & Non-veg,Not disclosed,3.6,1143,0,7.042286171939743,122.5,22.71803000186524,1.0986122886681096,1,0,0,1,0,0,1,0,0,0,0,0,0,0,0,0,0,0,1,1,1,0,0
ChIJD0JfPCFWqDsRbLMd1wCG36I,Favola - Le Meridien,Cexus Nagar,Neelambur,11.059248,77.074901,North Indian & Global,Not disclosed,4.4,267,1,5.5909869805108565,28.0,14.322382558805478,3.4339872044851463,0,0,0,1,0,1,1,1,0,1,1,0,1,1,0,0,1,1,0,0,1,0,0
ChIJHQ0XQTVVqDsRilSnn3lIOXg,Keerthana mess veg and Non-Veg unit-3,Defence Colony,Kadampadi,11.024957,77.169311,Multi-cuisine / General,Not disclosed,4.2,1262,1,7.141245122350491,112.0,22.942817888997304,1.0986122886681096,1,0,0,1,0,0,1,0,0,0,0,0,0,0,0,0,0,0,0,1,1,0,0
ChIJZ_mZC0NXqDsRslxOU4aY_ps,KARAIKKUDI CHETTINADU HOTEL,Chinniyampalayam,Chinniampalayam,11.054469,77.063628,Multi-cuisine / General,Mid,3.6,339,0,5.8289456176102075,93.5,12.992544064067094,3.4965075614664802,1,0,0,1,0,0,1,1,1,1,0,0,1,1,0,0,1,1,0,1,1,0,0
ChIJH4qwH5hVqDsRyRLOfPqDiJ4,PowerHouse Restobar,Neelambur,Neelambur,11.062854,77.111366,Multi-cuisine / General,Not disclosed,4.5,30,1,3.4339872044851463,84.0,18.04148110773443,1.6094379124341003,1,0,0,0,0,0,0,0,0,0,0,0,0,0,0,0,0,0,0,0,1,0,0
ChIJH1E-OgtVqDsRzMMq-4imntA,Pannaiyar Hotel,Sulur,Coimbatore,11.028021,77.128071,South Indian & Regional,Budget,1.8,31,0,3.4657359027997265,87.0,18.567468808085554,4.007333185232471,0,0,0,1,0,0,1,1,1,0,0,0,1,1,0,0,0,1,0,0,0,0,0
ChIJ1xUqwWFXqDsRjOHLDTDKssg,Ocean Restaurant,Chinthamanipudur,Kannampalayam,11.012627,77.085541,Multi-cuisine / General,Not disclosed,3.9,3203,0,8.07215530818825,84.0,13.697532379662702,1.6094379124341003,1,0,0,1,0,1,1,0,0,1,0,0,0,0,0,1,0,0,0,0,1,0,0
ChIJt1QvZRBVqDsR08pV0BkPs1I,RVS. Kovil,Sulur,Kannampalayam,11.022374,77.103725,Multi-cuisine / General,Budget,4.5,28,1,3.367295829986474,112.0,15.83861518755632,2.302585092994046,0,0,0,0,0,0,1,1,0,0,0,0,1,1,0,0,0,0,1,1,1,0,0
ChIJH7kD_hdXqDsRckQMiIKWNiE,AMARAVATHI HOTEL VEG - NONVEG வீட்டுமுறை சமையல்,Coimbatore,Neelambur,11.061609,77.089415,South Indian & Regional,Not disclosed,4.3,39,1,3.6888794541139363,112.0,15.834399406137178,3.58351893845611,1,0,0,1,0,0,1,0,1,0,0,0,1,1,0,0,0,1,0,1,1,0,0
ChIJve9Df4lZqDsRvVsyGsVfUpE,WOK N KNIFE,Kuppakonam Pudur,Coimbatore,11.026831,76.944288,Multi-cuisine / General,Not disclosed,4.7,175,1,5.170483995038151,56.0,4.0414060968943755,5.087596335232384,1,1,0,1,0,1,0,0,0,1,0,0,0,0,0,0,0,0,0,0,1,0,0
ChIJQQkhCT5WqDsRZpRHGd-kJns,Haryana Dhaba & Bakes,Coimbatore,Neelambur,11.046224,77.078565,Multi-cuisine / General,Not disclosed,4.2,2562,1,7.848933726364071,87.5,14.017196891676994,2.3978952727983707,1,0,0,1,0,0,1,0,0,0,0,0,0,0,0,1,0,0,1,0,1,0,0
ChIJHSTSHYpZqDsRf_tDv1mG1TQ,Chinese Wok,Kuppakonam Pudur,Coimbatore,11.028567,76.950938,North Indian & Global,Mid,4.0,168,0,5.1298987149230735,106.0,3.9458021434573425,4.8283137373023015,1,1,0,1,0,1,1,0,1,1,0,0,1,0,0,0,1,1,1,0,1,1,0
ChIJ53brUS9WqDsR1YVGyu6hQWs,Jhapa Restaurant,Chinniyampalayam,Chinniampalayam,11.056576,77.067248,Multi-cuisine / General,Mid,4.0,40,0,3.713572066704308,73.5,13.451846050294128,3.58351893845611,1,0,0,1,0,0,1,1,0,0,0,0,1,1,0,0,0,1,0,0,1,0,0
ChIJMbNatGhZqDsR6UUh-k5R3ZM,"GoParatha (Cloud Kitchen Only, No Dining)",Coimbatore,Coimbatore,11.013673,76.986551,North Indian & Global,Not disclosed,4.3,214,1,5.3706380281276624,78.0,3.4690398109609806,4.276666119016055,1,0,1,1,0,0,1,0,0,0,0,0,0,0,0,0,0,0,0,0,1,0,0
ChIJz8lgBd5YqDsRIPEmagftzy0,Bird on Tree,Race Course,Coimbatore,11.00893,76.983895,Multi-cuisine / General,Premium,4.0,3600,0,8.188966863648876,87.0,2.9270777404548984,4.477336814478207,1,1,0,1,1,0,1,0,1,0,1,0,1,1,1,0,0,1,0,0,0,0,0
ChIJm7Q5Zc5ZqDsRsQZMLAZsqLE,Kovai Elaneer Juice,South Ukkadam,Coimbatore,10.990179,76.96337,Cafe & Beverages,Not disclosed,4.7,10,1,2.3978952727983707,87.0,0.5365663681737377,4.990432586778736,0,0,0,1,0,0,0,0,0,0,0,0,0,0,0,0,0,0,0,0,0,0,0
ChIJEZx3ulRZqDsRA4ri3fUUMXU,Drunken Monkey,Gopalapuram,Coimbatore,11.003369,76.975463,Cafe & Beverages,Budget,3.1,15,0,2.772588722239781,89.0,1.8185191441404953,4.770684624465665,1,1,0,1,0,0,1,0,1,0,0,0,0,1,0,0,0,1,0,0,1,1,0
ChIJWUQeXPtZqDsR8fJILljn2HY,Cauveri Ice,Town Hall,Coimbatore,10.995158,76.96125,Cafe & Beverages,Not disclosed,4.8,39,1,3.6888794541139363,17.5,0.06417070406785086,5.176149732573829,1,0,0,0,0,0,0,0,0,0,0,0,0,0,0,0,0,0,0,0,1,0,0
ChIJJ1sURLlZqDsRYx7GWyqMX1o,Chamraj Tea,Race Course,Coimbatore,10.99922,76.982124,Cafe & Beverages,Not disclosed,4.3,50,1,3.9318256327243257,63.0,2.319688639024925,4.564348191467836,0,1,0,1,0,0,0,0,0,0,0,0,0,0,0,0,0,0,0,0,1,0,0
ChIJ6zXtrdJZqDsRpjJVDckjvvw,Momolism,Gopalapuram,Coimbatore,11.000376,76.973382,North Indian & Global,Mid,4.1,71,0,4.276666119016055,59.5,1.4570601142815054,4.812184355372417,1,0,0,1,0,0,1,0,1,0,0,0,1,1,0,0,0,1,0,0,1,0,0
ChIJHdj6Si5ZqDsRpTE_fXtdoE0,Denmarrk Restaurant - Stadium,Gopalapuram,Coimbatore,11.007439,76.969845,Multi-cuisine / General,Not disclosed,4.8,1308,1,7.1770187659099,81.0,1.6993587023240593,4.770684624465665,0,0,0,1,0,0,0,0,0,0,0,0,0,0,0,0,0,0,1,0,1,0,0
ChIJgY0pNwFZqDsRwEfuSdab-ZM,AARAAMALAE COFFEE TEA SOODA,Gopalapuram,Coimbatore,10.998346,76.970534,Multi-cuisine / General,Not disclosed,4.7,81,1,4.406719247264253,91.0,1.0805199096149127,4.875197323201151,1,0,0,1,0,0,0,0,0,0,0,0,0,0,0,0,0,0,0,0,1,0,0
ChIJx6ytPzRZqDsRxHRA_cUbX6o,Hang out,Race Course,Coimbatore,11.003419,76.981594,Fast food & Quick bites,Not disclosed,3.8,71,0,4.276666119016055,13.0,2.412514584475686,4.59511985013459,0,0,0,0,0,0,1,1,0,0,0,0,1,1,0,0,1,1,0,0,1,0,0
ChIJqWPHeL9ZqDsRe3i7jU9kOWQ,Rainbow Cafe,Gopalapuram,Coimbatore,10.995834,76.97745,Cafe & Beverages,Not disclosed,3.6,25,0,3.258096538021482,66.0,1.7572826983982812,4.5217885770490405,1,0,0,0,0,0,0,0,0,0,0,0,0,0,0,0,0,0,0,0,1,0,0
ChIJUxhM-FlVqDsRvej42BeIS3g,Wow! Momo,Campus,Sulur,11.018955,77.102331,North Indian & Global,Not disclosed,4.7,155,1,5.049856007249537,84.0,15.619112089229493,2.1972245773362196,1,1,0,1,0,1,0,0,0,1,0,0,0,0,0,0,0,0,0,0,1,1,0
ChIJMWlaOk5ZqDsR3YCaybVmpfo,Milk N Pearl,Ram Nagar,Coimbatore,11.010994,76.965976,Cafe & Beverages,Budget,4.6,47,1,3.8712010109078907,70.0,1.8901183406163446,5.220355825078325,1,0,0,1,0,0,1,0,1,0,0,0,1,1,0,0,1,1,0,0,1,0,0
ChIJc1X_FQBVqDsRSGZdExOoldQ,BURMA ATHO KADAI,Sulur,MuthugoundanPudur,11.044987,77.117734,North Indian & Global,Not disclosed,4.5,78,1,4.3694478524670215,31.5,17.959332356784927,1.0986122886681096,0,0,0,1,0,0,0,0,0,0,0,0,0,0,0,0,0,0,0,0,1,0,0
ChIJN7VhKQBVqDsRiIK8nLbO7_w,BURMA ATHO KADAI,Mathiyalagan Nagar,Sulur,11.028904,77.130194,North Indian & Global,Not disclosed,5.0,11,1,2.4849066497880004,30.0,18.814191264945727,3.9512437185814275,0,0,0,0,0,0,0,0,0,0,0,0,0,0,0,0,0,0,0,0,1,0,0
ChIJ86lPeEhZqDsR7KcZDR2Ults,Minus Thirty,Race Course,Coimbatore,11.003877,76.983365,Bakery & Desserts,Not disclosed,3.9,100,0,4.61512051684126,85.5,2.6100291096904575,4.700480365792417,1,1,0,1,0,1,1,0,1,1,0,0,0,1,0,0,1,1,1,0,1,0,0
ChIJN6isGwBXqDsRjLvRblmXxUc,Crunch Me,Ondipudur,Coimbatore,11.006297,77.048913,Fast food & Quick bites,Budget,4.8,20,1,3.044522437723423,80.5,9.640343822808916,4.23410650459726,1,1,0,1,0,0,1,1,1,0,0,0,1,1,0,0,0,1,0,0,1,0,0
ChIJ24blUgBZqDsRT12yBG_cgqo,Melt Yard,Kuppakonam Pudur,Coimbatore,11.035465,76.9455,Fast food & Quick bites,Not disclosed,5.0,14,1,2.70805020110221,70.0,4.864100054127259,3.9318256327243257,0,0,0,0,0,0,0,0,0,0,0,0,0,0,0,0,0,0,0,0,1,0,0
ChIJ960QC6BXqDsRbhH8yEvg_TY,Pizza Hut | Broadway Mall,Civil Aerodrome Post,Coimbatore,11.046222,77.041483,Fast food & Quick bites,Mid,4.7,99,1,4.605170185988092,84.0,10.456914949519572,4.127134385045092,1,1,0,1,0,0,1,0,1,0,0,0,0,1,0,0,1,1,0,0,1,1,1
ChIJg7HBeGVfqDsRwouNC1oF4dw,The Maran Cafe,Raj Avenue,Coimbatore,11.029347,76.894595,Bakery & Desserts,Not disclosed,4.4,283,1,5.648974238161206,115.5,8.252002008980083,4.007333185232471,1,0,0,1,0,0,0,0,0,0,0,0,0,0,0,0,0,0,1,1,1,0,0
ChIJQaAAIaFfqDsRtwW91nID7OI,Street Nosh,Chinmaya Nagar,Coimbatore,11.023979,76.89102,North Indian & Global,Mid,4.5,174,1,5.1647859739235145,82.0,8.347641847656497,3.713572066704308,1,0,0,1,1,0,1,1,1,0,0,0,1,1,1,0,1,1,0,0,1,0,0
ChIJhzCzL7dfqDsRPrYehevtrIM,kaappi 2.0,Marutha Nagar,Coimbatore,11.024767,76.906272,Cafe & Beverages,Not disclosed,4.1,565,0,6.338594078203183,105.0,6.888975815823572,4.442651256490317,1,0,0,1,0,0,1,0,0,0,0,0,0,0,0,0,0,0,0,1,1,1,0
ChIJMR6A34pfqDsRNp46BQC_XgI,KANDHAN COFFEE,Kalveerampalayam,Coimbatore,11.031982,76.888461,Cafe & Beverages,Not disclosed,4.9,37,1,3.6375861597263857,105.0,8.980912340705613,3.295836866004329,1,0,0,1,0,0,1,0,1,0,0,0,1,1,0,0,0,1,0,1,1,0,0
ChIJJeQZcxVfqDsRSPA87BGIMyI,GOWDA'S CAFE,Om Ganesh Nagar,Coimbatore,11.024197,76.907424,Bakery & Desserts,Budget,4.8,20,1,3.044522437723423,77.0,6.7482956180868,4.406719247264253,1,0,0,1,0,0,1,1,1,0,0,0,1,1,0,0,0,1,0,0,1,0,0
ChIJl9xVSINfqDsR-B_sdPc6LL4,Aaraa Cafe,Navavoor Pirivu,Coimbatore,11.031921,76.891424,Cafe & Beverages,Not disclosed,4.9,13,1,2.639057329615259,100.5,8.692282725655136,3.4657359027997265,1,0,0,0,0,0,0,0,0,0,0,0,0,0,0,0,0,0,0,1,1,0,0
ChIJuceQCgBfqDsRmA1pkAoSZqY,La Tazza Cafe,Mullai Nagar,Coimbatore,11.021043,76.917089,Cafe & Beverages,Not disclosed,4.2,55,1,4.02535169073515,84.0,5.660150012694735,4.007333185232471,0,0,0,1,0,0,0,0,0,0,0,0,0,0,0,0,0,0,1,0,1,0,0
ChIJfX2uj5FfqDsRrYpBcX0z_mw,Old School Tea Coimbatore Vadavalli,Chinmaya Nagar,Coimbatore,11.016778,76.889256,Cafe & Beverages,Budget,4.9,109,1,4.700480365792417,92.0,8.251631228869375,2.70805020110221,1,0,0,1,0,0,1,0,0,0,0,0,1,1,0,0,0,1,0,0,1,0,0
ChIJu1BWcvNfqDsR1JhyGHvA3Ik,Manthrra Cafe,V.N.R.Nagar,Coimbatore,11.023605,76.911155,Cafe & Beverages,Budget,3.4,25,0,3.258096538021482,71.5,6.362240340068379,4.276666119016055,1,0,0,1,0,0,1,0,1,0,0,0,1,1,0,0,1,1,0,0,1,0,0
ChIJFRLpPgBfqDsRk-J0tKQyI9k,MR.PIZZA,Vadavalli,Coimbatore,11.024029,76.907739,North Indian & Global,Mid,4.9,27,1,3.332204510175204,84.0,6.709170809726505,4.394449154672439,1,0,0,1,0,0,1,1,0,0,0,0,1,1,0,0,1,1,0,0,1,0,0
ChIJe2pddh9ZqDsR1YsdJl1i0OA,Suddhi Cafe,Lawley Rd,Coimbatore,11.01349,76.939846,Cafe & Beverages,Not disclosed,4.8,33,1,3.5263605246161616,96.5,3.1538622341737255,4.174387269895637,1,0,0,1,0,0,0,0,0,0,0,0,0,0,0,0,0,0,0,1,1,0,0
ChIJaaJjaWVfqDsRfXoHLl86EKU,Melt n Crunch,Vadavalli,Coimbatore,11.028136,76.902927,Multi-cuisine / General,Not disclosed,4.9,11,1,2.4849066497880004,38.5,7.3917601076992066,4.330733340286331,1,0,1,1,0,0,0,0,0,0,0,0,0,0,0,0,0,0,0,0,1,0,0
ChIJ4bj9t4VfqDsRKlOW1MzUlB4,MINT N LEAF,vadavalli,Coimbatore,11.028217,76.901802,Cafe & Beverages,Budget,4.4,34,1,3.5553480614894135,91.0,7.502519122694962,4.2626798770413155,1,0,0,1,0,0,1,1,1,0,0,0,1,1,0,0,0,1,0,0,1,0,0
ChIJG4_YoRRfqDsRqW_soaxK9SE,CakeBee - Your Favourite Bakery & Cake Shop,Vadavalli,Coimbatore,11.028568,76.901492,Bakery & Desserts,Not disclosed,4.0,197,0,5.288267030694535,91.0,7.551317780071142,4.23410650459726,1,1,0,1,0,0,1,0,1,0,0,0,0,0,0,0,1,1,0,0,1,1,0
ChIJsYepEDBfqDsRLlJxPNl_bBw,Cks Bakery Vadavalli - Cake Shop,Mullai Nagar,Coimbatore,11.021861,76.91552,Bakery & Desserts,Not disclosed,4.8,502,1,6.220590170099739,94.5,5.853739766394804,4.07753744390572,1,1,0,1,0,1,0,0,0,1,0,0,0,0,0,0,0,0,0,0,1,0,0
ChIJQZn-EPxfqDsRKxMH-kq2Zgs,The Batter Bakester Home baker vadavalli coimbatore,Marutha Nagar,Coimbatore,11.023607,76.90676,Bakery & Desserts,Not disclosed,4.9,50,1,3.9318256327243257,68.0,6.780210768760571,4.418840607796598,1,1,0,1,0,0,1,0,0,0,0,0,0,0,0,0,0,0,0,0,1,0,0
ChIJn2BPwTdfqDsRw3QN8bjjeNg,FB CAKES Vadavalli,MG Colony,Coimbatore,11.023514,76.909762,Bakery & Desserts,Premium,4.4,515,1,6.246106765481563,105.0,6.4887388616753245,4.2626798770413155,1,1,0,1,0,1,1,0,1,1,0,0,1,0,0,0,1,1,0,0,1,0,0
ChIJWWst0qlfqDsRLmOltfUH304,Daily Bakes,Maharani Avenue,Coimbatore,11.024819,76.900015,Bakery & Desserts,Not disclosed,4.1,927,0,6.833031732786201,98.0,7.49545927541436,4.248495242049359,1,0,0,1,0,0,1,0,0,0,0,0,0,0,0,0,0,0,0,1,1,0,0
ChIJP0pbbMZfqDsRS6wdUovJ85Y,BAKES BAY,Vadavalli,Coimbatore,11.028623,76.897253,Bakery & Desserts,Budget,4.1,430,0,6.066108090103747,98.0,7.958229633002369,4.04305126783455,1,1,0,1,0,0,1,0,1,0,0,0,1,0,0,0,1,1,0,0,1,0,0
ChIJaVureDxfqDsRejUWxVkJ-oA,KPK BAKERS,Vallalar Nagar,Coimbatore,11.025128,76.900737,Bakery & Desserts,Budget,4.2,805,1,6.692083742506628,108.5,7.440709797537358,4.31748811353631,1,0,0,1,0,0,1,0,1,0,0,0,1,0,0,0,1,1,0,1,1,0,0
ChIJuaHlLEZfqDsRXS6PJxwGTws,BAKES BAY,Anantha Nagar,Coimbatore,11.018808,76.909849,Bakery & Desserts,Not disclosed,4.0,252,0,5.53338948872752,113.0,6.237491916009326,4.127134385045092,1,0,0,0,0,0,1,0,0,0,0,0,0,0,0,0,0,0,0,1,1,0,0
ChIJEzZFkBRfqDsRmH5gzM4-LqA,Orange Bakes,Navavoor Pirivu,Coimbatore,11.030694,76.890305,Bakery & Desserts,Not disclosed,4.1,1918,0,7.5595594960077,105.0,8.736293856267794,3.5553480614894135,1,1,0,1,0,1,1,0,0,1,0,0,0,0,0,0,0,0,0,1,1,0,0
ChIJcVivDFRfqDsR26X9zP6T67I,Naughty Whisk - Freshly Baked to Order Daily,Vadavalli,Coimbatore,11.025214,76.886826,Bakery & Desserts,Premium,5.0,28,1,3.367295829986474,87.0,8.822784830992022,3.5553480614894135,1,0,0,0,0,0,1,0,0,0,0,0,0,0,0,0,0,1,0,0,0,0,0
ChIJTStQmy1fqDsRXbU9C38W-ic,Teddys Cakes N Creams,Mullai Nagar,Coimbatore,11.021992,76.914973,Bakery & Desserts,Not disclosed,4.6,173,1,5.159055299214529,94.5,5.912386615388648,4.143134726391533,1,1,0,1,0,0,1,0,0,0,0,0,0,0,0,0,0,0,0,0,1,0,0
ChIJ1VuZRTlfqDsRgvEzP7V3ae0,Anjali Bakery,Vadavalli,Coimbatore,11.028563,76.901703,Bakery & Desserts,Budget,3.9,364,0,5.8998973535824915,126.0,7.531105607798243,4.248495242049359,0,0,0,0,0,0,1,0,1,0,0,0,1,0,0,0,0,0,0,1,1,0,0
ChIJu7CdnZVfqDsRwpCYkc4F3ZI,MDS Bakes (Oven Fresh),V.N.R.Nagar,Coimbatore,11.026962,76.906121,Bakery & Desserts,Budget,3.5,62,0,4.143134726391533,168.0,7.025193631139614,4.418840607796598,0,0,0,0,0,0,1,0,1,0,0,0,0,0,0,0,1,1,1,1,1,1,0
ChIJfbUl8blfqDsRbKNAW0A3k68,Crazy Cakes by Rekha,vadavalli,Coimbatore,11.024435,76.903756,Bakery & Desserts,Not disclosed,4.9,38,1,3.6635616461296463,66.0,7.1128024527553695,4.442651256490317,1,0,0,1,0,0,0,0,0,0,0,0,0,0,0,0,0,0,0,0,1,0,0
ChIJgTyYUI5fqDsRjTgni-kokYw,BOMBON DESSERT,vadavalli,Coimbatore,11.021868,76.914674,Bakery & Desserts,Not disclosed,4.5,50,1,3.9318256327243257,84.0,5.933325059093769,4.143134726391533,1,0,0,1,0,0,1,0,0,0,0,0,0,0,0,0,0,0,1,0,1,0,0
ChIJV29uhwVfqDsR61TFPeZULKY,Sharka Mithas,vadavalli,Coimbatore,11.021233,76.907021,Bakery & Desserts,Mid,5.0,41,1,3.7376696182833684,74.0,6.6332016653750365,4.2626798770413155,1,0,1,1,1,0,1,0,1,0,0,0,0,0,0,0,0,0,0,0,1,0,0
ChIJm3aTP0BfqDsRQkjU5Jmm3Aw,Rs Bakery,Vadavalli,Coimbatore,11.019022,76.909812,Bakery & Desserts,Not disclosed,4.0,36,0,3.6109179126442243,168.0,6.2514334004306304,4.127134385045092,1,0,0,1,0,0,0,0,0,0,0,0,0,0,0,0,0,0,1,1,1,0,0
ChIJIbxHsz5fqDsRBbVhFBCNobs,Shree Anandhaas Sweets and Snacks - Vadavalli,Vadavalli,Coimbatore,11.028554,76.900897,Bakery & Desserts,Not disclosed,4.5,1305,1,7.174724309836376,98.0,7.6068496589085095,4.219507705176107,1,1,0,1,0,1,1,0,1,0,0,0,1,0,0,0,1,1,0,0,1,1,0
ChIJDZAxDgBZqDsRCb6kngzQzBQ,Hotel Atchayaa,Veerasamy Colony,Coimbatore,11.01942,76.919793,Multi-cuisine / General,Not disclosed,4.5,1067,1,6.97354301952014,84.0,5.314219357027625,3.713572066704308,0,0,0,1,0,0,0,0,0,0,0,0,0,0,0,0,0,0,1,0,1,0,0
ChIJ33kXZTlfqDsRMlgifPS4M5g,The Donuts,Vadavalli,Coimbatore,11.028517,76.902536,Bakery & Desserts,Premium,4.4,354,1,5.872117789475416,82.0,7.449992360914529,4.290459441148391,1,1,0,1,1,1,1,0,1,1,1,0,1,0,0,0,1,1,0,0,1,1,0
ChIJXQFf_jpfqDsRqnNoSW05iG0,KNP BIRIYANI STALL,Coimbatore,Coimbatore,11.024895,76.904272,Multi-cuisine / General,Not disclosed,3.8,303,0,5.717027701406222,70.0,7.0871964784396155,4.442651256490317,0,0,0,1,0,0,1,0,0,0,0,0,0,0,0,0,0,0,0,0,1,0,0
ChIJ-atIwJhfqDsR75LnVXGmmYg,Meen Samayal,Periyar Nagar,Coimbatore,11.029762,76.902699,Biryani & Non-veg,Not disclosed,4.7,125,1,4.836281906951478,9.0,7.505817124394211,4.23410650459726,1,1,0,1,0,1,0,0,0,1,0,0,0,0,0,0,0,0,0,0,1,0,0
ChIJGY-fOBBfqDsRlnLHG841f2s,Abish Biriyani Restaurant (Vadavalli ),Vadavalli,Coimbatore,11.025151,76.902021,Biryani & Non-veg,Mid,3.9,272,0,5.60947179518496,84.0,7.317463818734348,4.3694478524670215,1,0,0,1,0,0,1,1,1,0,0,0,1,1,0,0,1,1,0,0,1,0,0
ChIJEcGLPd5fqDsRFMfQLN1jWpY,SHIJI'S CUISINE,Vadavalli,Coimbatore,11.03219,76.901474,South Indian & Regional,Premium,4.3,171,1,5.147494476813453,63.0,7.762228473873247,4.060443010546419,1,0,0,1,0,0,1,0,1,1,0,0,1,1,0,0,1,1,0,1,1,0,0
ChIJaXyYwjFfqDsRP4k01FVido8,House Of Pizzas_Vadavalli,Thirumurugan Nagar,Coimbatore,11.023343,76.910979,Multi-cuisine / General,Mid,4.4,389,1,5.966146739123692,83.5,6.364128369195792,4.276666119016055,1,1,0,0,1,1,1,1,1,1,0,0,1,1,0,0,1,1,0,0,1,0,0
ChIJ5zfj_4JfqDsR5uT_k0pLi4A,Frito Bites,Tauta Nagar,Coimbatore,11.02408,76.895716,Cafe & Beverages,Not disclosed,4.8,32,1,3.4965075614664802,84.0,7.883176085182995,3.970291913552122,1,1,0,1,0,0,0,0,0,0,0,0,0,0,0,0,0,0,0,0,1,0,0
ChIJzeY44qNfqDsRq0WM-P6P2bs,KFC,MG Colony,Coimbatore,11.023521,76.909671,Multi-cuisine / General,Premium,4.4,1609,1,7.383989457978509,84.0,6.49775339848929,4.276666119016055,1,1,0,1,1,1,1,0,1,1,1,0,1,1,0,1,1,1,0,0,1,0,0
ChIJ17nkJDpfqDsRAJkyGrVXIL0,ME - Meat And Eat,Pudur,Coimbatore,11.023937,76.908751,Biryani & Non-veg,Mid,4.0,619,0,6.429719478039138,84.0,6.607906214684355,4.418840607796598,1,1,0,1,0,1,1,1,1,1,0,0,1,1,0,0,1,0,0,0,1,0,0
ChIJaRFvI1BfqDsRE8hjUWGZtlk,Mr.Grill,MG Colony,Coimbatore,11.023606,76.90926,Multi-cuisine / General,Not disclosed,3.9,975,0,6.883462586413092,80.5,6.541426061286389,4.330733340286331,1,0,0,1,0,0,1,0,0,0,0,0,0,0,0,0,0,0,0,0,1,0,0
ChIJ0TALfDlfqDsRFV4QyLAyuGY,AFJ Biryani,Vadavalli,Coimbatore,11.028044,76.903239,Biryani & Non-veg,Budget,3.8,179,0,5.19295685089021,73.5,7.3572018478439585,4.382026634673881,1,0,0,1,0,0,1,1,1,0,0,0,0,1,0,0,1,1,0,0,1,0,0
ChIJM5AL0U9fqDsRiW7XVtxVTEA,NEW SURABHI MESS,Coimbatore,Coimbatore,11.032889,76.887169,South Indian & Regional,Not disclosed,3.6,91,0,4.5217885770490405,110.25,9.152616390367266,3.1354942159291497,1,0,0,1,0,0,1,0,0,0,0,0,0,0,0,0,0,0,0,1,1,0,0
ChIJkUpvhlZfqDsRIUeVC1T8cYo,B2B Bhai Veetu Dum Biryani House,Chinmaya Nagar,Coimbatore,11.022555,76.886971,Biryani & Non-veg,Not disclosed,4.5,52,1,3.970291913552122,66.5,8.698228526657333,3.1354942159291497,1,0,0,1,0,0,0,0,0,0,0,0,0,0,0,0,0,0,0,0,1,0,0
ChIJsZEP12xfqDsRIq3TuDV9cd0,N.S. chettinadu mess,Kalveerampalayam,Coimbatore,11.033196,76.886786,South Indian & Regional,Premium,4.0,728,0,6.591673732008658,105.0,9.205503526531892,3.1354942159291497,0,0,0,1,0,0,1,1,1,0,0,0,1,1,0,0,0,0,0,1,1,0,0
ChIJG_55x3VZqDsRxwdTOuZW4C0,Hotel Aryan,Vadavalli,Coimbatore,10.996244,76.968175,Multi-cuisine / General,Not disclosed,3.2,34,0,3.5553480614894135,87.0,0.7617751827112139,5.0369526024136295,0,0,0,1,0,0,0,0,0,0,0,0,0,0,0,0,0,0,0,0,0,0,0
ChIJ7Z1kxC9fqDsRVHriv7zNx0Y,Sri Venkateswara Chettinadu Mess,Kings Colony,Coimbatore,11.021658,76.908515,South Indian & Regional,Not disclosed,4.3,36,1,3.6109179126442243,108.5,6.50939971189849,4.2626798770413155,1,0,0,1,0,0,0,0,0,0,0,0,0,0,0,0,0,0,0,1,1,0,0
ChIJkYNhkBRfqDsRD6nNtjnuAo0,Iyer Mess,Navavoor Pirivu,Coimbatore,11.030786,76.890177,Multi-cuisine / General,Not disclosed,4.4,37,1,3.6375861597263857,105.0,8.753402142586424,3.5553480614894135,0,0,0,0,0,0,1,0,0,0,0,0,0,0,0,0,0,0,0,1,1,0,0
ChIJSbDGczpfqDsRCAJMIaGIEVI,Hotel AzhaguSelvam,Vadavalli,Coimbatore,11.024888,76.904926,Biryani & Non-veg,Budget,3.5,16,0,2.833213344056216,105.0,7.024101342827133,4.442651256490317,1,0,0,1,0,0,1,1,0,0,0,0,1,1,0,0,1,0,0,1,1,0,0
ChIJA8APOwBfqDsRYZ5ZPIZ9Thc,Pushpa Mess,Edayarpalayam,Coimbatore,11.035468,76.916507,Multi-cuisine / General,Mid,4.7,23,1,3.1780538303479458,82.0,6.682806205584655,3.091042453358316,0,0,0,1,0,0,1,0,0,0,0,0,1,1,0,0,0,0,0,1,1,0,0
ChIJ38h8PtNYqDsRAPLmRhZMLBc,S.K. Supercook Restaurant,Aishwarya Nagar,Coimbatore,11.019182,76.919517,Multi-cuisine / General,Not disclosed,3.8,1679,0,7.426549072397305,84.0,5.326358631147524,3.713572066704308,1,0,0,1,0,0,1,0,0,0,0,0,0,0,0,0,0,0,0,0,1,0,0
ChIJfQ9nQDBfqDsRkDGdxSqSlPE,Hotel Jothi Chettinad,MG Colony,Coimbatore,11.023889,76.908274,South Indian & Regional,Not disclosed,3.8,51,0,3.9512437185814275,94.5,6.650618244639072,4.394449154672439,0,0,0,1,0,0,0,0,0,0,0,0,0,0,0,0,0,0,0,0,1,0,0
ChIJ7fVw7jpfqDsRnl8iaYUTf1o,JP chettinad hotel,Bommanampalayam,Coimbatore,11.021057,76.883802,North Indian & Global,Not disclosed,4.1,46,0,3.8501476017100584,108.5,8.966121136677287,2.833213344056216,1,0,0,1,0,0,0,0,0,0,0,0,0,0,0,0,0,0,0,1,1,0,0
ChIJnUgzdgpZqDsRUATtRNx7bFk,BISTRO THE WAY,Bommanampalayam,Coimbatore,11.020932,76.884006,Multi-cuisine / General,Mid,4.9,77,1,4.356708826689592,84.0,8.940530470682976,2.833213344056216,1,0,0,1,0,0,1,0,1,0,0,0,1,1,0,0,1,1,0,0,1,0,0
ChIJQ5_7MjpfqDsRHuE_tQDNiME,Sree Vaagai Restaurant,Edayarpalayam,Coimbatore,11.035425,76.916355,Multi-cuisine / General,Not disclosed,4.2,21,1,3.091042453358316,84.0,6.691735622820863,3.091042453358316,1,0,0,0,0,0,0,0,0,0,0,0,0,0,0,0,0,0,0,0,1,0,0
ChIJi0tGQgBZqDsRtjxYdFzYBco,Kaappi Ready Townhall,Town Hall,Coimbatore,10.994396,76.962886,Cafe & Beverages,Not disclosed,4.8,46,1,3.8501476017100584,112.0,0.1637813041661448,5.159055299214529,0,0,0,0,0,0,0,0,0,0,0,0,0,0,0,0,0,0,0,1,1,0,0
ChIJ0Xz6Uf9ZqDsR1ko--JnTq6M,Madras Kaappi,Town Hall,Coimbatore,10.999828,76.950201,Cafe & Beverages,Budget,4.6,30,1,3.4339872044851463,144.0,1.3535928641188049,5.220355825078325,0,0,0,1,0,0,1,0,0,0,0,0,1,1,0,0,0,0,1,1,1,0,0
ChIJEShgECRZqDsRe645qmg8fHM,Unique Cafe,Selvapuram North,Ponnaiah Raja Puram,10.997397,76.948156,Cafe & Beverages,Budget,4.5,42,1,3.7612001156935624,102.5,1.4787053556038088,4.9344739331306915,1,0,0,1,0,0,1,0,1,0,0,0,1,1,0,0,0,0,0,1,1,0,0
ChIJ3x54PHRZqDsRHWErISFHrcY,Annapoorna Coffee Bar,Town Hall,Coimbatore,10.996934,76.962325,Cafe & Beverages,Not disclosed,4.1,18,0,2.9444389791664403,87.0,0.2784773215030337,5.181783550292085,1,0,0,1,0,0,0,0,0,0,0,0,0,0,0,0,0,0,0,0,0,0,0
ChIJE6dLXzxZqDsR-RTzy_TxmLU,Browny's cafe,Town Hall,Coimbatore,10.992973,76.956809,Cafe & Beverages,Not disclosed,4.9,33,1,3.5263605246161616,94.0,0.5327836518983224,5.220355825078325,1,0,0,0,0,0,0,0,0,0,0,0,0,0,0,0,0,0,0,1,1,0,0
ChIJiXvoxUZZqDsRkYGQRy-fl4Q,VARNA CAFE,Ukkadam,Coimbatore,10.991172,76.9633,Cafe & Beverages,Budget,4.1,29,0,3.4011973816621555,89.5,0.43394407740725643,5.003946305945459,0,0,0,0,0,0,1,0,0,0,0,0,1,1,0,0,0,1,0,0,1,0,0
ChIJgU_BtLFZqDsRhhOO0vyCY70,Shri Lala Cafe Raja Street,Town Hall,Coimbatore,10.995137,76.959504,Multi-cuisine / General,Budget,4.1,28,0,3.367295829986474,95.0,0.21539766843480976,5.231108616854587,1,0,0,1,0,0,1,0,1,0,0,0,1,1,0,0,0,0,0,1,1,0,0
ChIJ359IimVZqDsRbLXKB4Ojf-Q,Grand Burger,Town Hall,Coimbatore,10.993375,76.960228,Fast food & Quick bites,Not disclosed,4.8,897,1,6.8001700683022,91.0,0.18686880380111637,5.170483995038151,1,1,0,0,0,0,0,0,0,0,0,0,0,0,0,0,0,0,0,0,1,0,0
ChIJ-YhYC-dZqDsRst72M5Q65oc,Zero Degree Cafe,Kottaimedu,Coimbatore,10.990092,76.963382,Cafe & Beverages,Not disclosed,4.1,23,0,3.1780538303479458,91.0,0.5459609957101016,4.990432586778736,1,0,0,0,0,0,0,0,0,0,0,0,0,0,0,0,0,0,1,0,1,0,0
ChIJF4ocZEJZqDsRewEDSzD7jGM,Chetinaad Courtyard Restaurant,Saibaba Colony,Coimbatore,11.022842,76.947818,Multi-cuisine / General,Not disclosed,4.2,39,1,3.6888794541139363,70.0,3.4726916849633906,5.017279836814924,1,0,0,1,0,0,1,0,0,0,0,0,0,0,0,0,0,0,0,0,1,0,0
ChIJa2EuDABZqDsR7jb5YIZjsoc,Sangeeth unavagam,Town Hall,Coimbatore,10.994718,76.953836,South Indian & Regional,Not disclosed,4.7,43,1,3.784189633918261,99.0,0.8257446543374549,5.153291594497779,1,0,0,1,0,0,0,0,0,0,0,0,0,0,0,0,0,0,0,1,1,0,0
ChIJwUL1RgpZqDsR5dSMOcibCaw,Selvamani Canteen,Town Hall,Coimbatore,10.995558,76.96233,Biryani & Non-veg,Budget,4.1,1549,0,7.346010209913293,112.0,0.14714759027725224,5.153291594497779,0,0,0,1,0,1,1,1,1,1,0,0,1,0,0,0,1,1,0,1,1,0,0
ChIJ5QdLZAtZqDsRn-EuB9irpCQ,Annapoorna - Townhall Branch,Town Hall,Coimbatore,10.993801,76.963457,Vegetarian,Mid,4.1,3085,0,8.034631032923107,112.0,0.24146865529441264,5.087596335232384,1,1,0,1,0,1,1,1,1,1,1,0,1,1,0,0,1,1,0,1,1,1,1
ChIJPYgswPJZqDsRIjumsR2dq80,MAHAVEER TIFFEN HOUSE,Town Hall,Coimbatore,10.998459,76.957442,Multi-cuisine / General,Mid,4.2,330,1,5.802118375377063,84.0,0.6089142222499669,5.2574953720277815,0,0,0,1,0,0,1,1,0,0,0,0,1,1,0,0,0,0,0,1,1,0,1
ChIJV1Zf_V9ZqDsRFUS5M-4zlWo,HOTEL FOOD PARK,fort,Coimbatore,10.991706,76.96544,Multi-cuisine / General,Not disclosed,4.2,903,1,6.806829360392176,87.5,0.5459130573004954,5.0238805208462765,1,0,0,0,0,0,0,0,0,0,0,0,0,0,0,0,0,0,1,0,1,0,0
ChIJR0wiigpZqDsRJeFPC9sKqWk,Hotel Junior Kuppanna,Town Hall,Coimbatore,10.994281,76.963196,South Indian & Regional,Not disclosed,3.5,1825,0,7.509883061154913,84.0,0.1992238188277291,5.135798437050262,1,0,0,1,0,0,1,0,0,0,0,0,0,0,0,0,0,0,0,0,1,0,0
ChIJh5SsXAxZqDsRQ6qLNs5pI4I,Annapoorna - Rajastreet Branch,Town Hall,Coimbatore,10.994884,76.95742,Vegetarian,Budget,4.0,3763,0,8.23323750070527,112.0,0.43557881507217633,5.2832037287379885,1,0,0,1,0,0,1,1,1,1,1,0,0,1,0,1,1,1,0,1,1,1,1
ChIJBZwSEQtZqDsRXSfIyVKniHE,Hotel Aryaas,Town Hall,Coimbatore,10.993347,76.960431,South Indian & Regional,Budget,3.5,1017,0,6.925595197110468,105.0,0.17492701643645653,5.1298987149230735,0,0,0,1,0,0,1,1,1,0,1,0,1,1,0,0,1,1,0,1,1,1,1
ChIJq336GQtZqDsRfmgg7W_D_ZA,HMR Hotel MuthuRowther,Ukkadam,Coimbatore,10.993281,76.960819,Biryani & Non-veg,Mid,4.0,3349,0,8.116715624819111,84.0,0.1597900664191067,5.1298987149230735,1,0,0,1,0,0,1,1,1,0,1,0,1,1,0,0,1,1,0,0,1,0,0
ChIJCTOfXc5ZqDsRrvecfQo4dDg,food and fantasy,Perur,Coimbatore,10.986702,76.954845,Multi-cuisine / General,Not disclosed,4.0,345,0,5.846438775057724,95.66666666666667,1.1327956686166767,4.574710978503383,1,0,0,1,0,0,0,0,0,0,0,0,0,0,0,0,0,0,1,0,1,0,0
ChIJJydAuxJZqDsRWuyYkvxHmAQ,Aroma Bakery,Town Hall,Coimbatore,10.991977,76.953965,Bakery & Desserts,Not disclosed,4.0,262,0,5.572154032177765,126.0,0.8623822086355887,5.0238805208462765,1,1,0,1,0,0,1,0,0,0,0,0,0,0,0,0,0,0,0,1,1,1,0
ChIJlyMVdupZqDsR7wZ13Nn-Vkk,The Sugar Lounge - Home Baker in Coimbatore,Town Hall,Coimbatore,10.995247,76.951774,Bakery & Desserts,Not disclosed,4.8,107,1,4.68213122712422,168.0,1.053174999407269,5.043425116919247,1,0,1,0,0,0,1,0,0,0,0,0,0,0,0,0,0,0,1,1,1,0,0
ChIJ54o2pQxZqDsR9vdNZIaiGJk,mahalakshmi bakery,Town Hall,Coimbatore,10.992,76.95431,Bakery & Desserts,Budget,4.2,401,1,5.996452088619021,49.0,0.8261426613986489,5.056245805348308,1,0,0,0,0,0,1,0,1,0,0,0,1,0,0,0,1,1,0,1,1,1,0
ChIJh80NKBJZqDsRkyIbG94P_6Q,Best Bakery,Town Hall,Coimbatore,10.996426,76.950512,Bakery & Desserts,Premium,3.7,235,0,5.4638318050256105,112.0,1.2056841494075325,5.043425116919247,1,0,0,1,0,0,1,0,1,0,0,0,0,0,0,0,1,1,0,1,1,0,0
ChIJ8zDHMwtZqDsRyPdjL-Nla7I,Cakes' Castle - Oppanakara Street,Town Hall,Coimbatore,10.991605,76.960596,Bakery & Desserts,Not disclosed,4.6,22,1,3.1354942159291497,112.0,0.34439808839005437,5.075173815233827,1,0,0,1,0,0,1,0,1,0,0,0,0,0,0,0,0,1,0,1,1,0,0
ChIJuVozWwtZqDsRlUb9M-k4FaQ,Sri Mahalakshmi Bakery (Aroma),Town Hall,Coimbatore,10.992366,76.9593,Bakery & Desserts,Not disclosed,4.3,101,1,4.624972813284271,126.0,0.33801034187528994,5.075173815233827,0,1,0,1,0,0,1,0,0,0,0,0,0,0,0,0,0,0,0,1,1,1,0
ChIJ3y11dA5ZqDsREjpWxLXwng0,Surabi Bakery,Town Hall,Coimbatore,10.997191,76.954534,Bakery & Desserts,Not disclosed,4.0,22,0,3.1354942159291497,160.0,0.8029178774091054,5.153291594497779,0,0,0,1,0,0,0,0,0,0,0,0,0,0,0,0,0,0,1,1,1,0,0
ChIJL4Jc7g1ZqDsRxyjcLk91rYw,Good Luck Bakery,Town Hall,Coimbatore,10.995894,76.953644,Bakery & Desserts,Not disclosed,4.0,107,0,4.68213122712422,112.0,0.8587365683525726,5.153291594497779,0,0,0,1,0,0,1,0,0,0,0,0,0,0,0,0,0,0,0,1,1,0,0
ChIJw0RdhQtZqDsRtSgmlqTUfgk,Aroma Bakery,Town Hall,Coimbatore,10.994928,76.959165,Bakery & Desserts,Not disclosed,4.0,27,0,3.332204510175204,84.0,0.2466701860219087,5.209486152841421,1,1,0,1,0,0,1,0,1,0,0,0,1,0,0,0,0,0,0,0,1,1,0
ChIJq1sKQwBZqDsRtL0owJeZRRY,AROMA BAKERY,Town Hall,Coimbatore,10.997424,76.958786,Bakery & Desserts,Not disclosed,3.7,38,0,3.6635616461296463,87.0,0.42428367565048725,5.231108616854587,1,0,0,0,0,0,1,0,1,0,0,0,0,0,0,0,0,1,0,0,0,1,0
ChIJnelR3HRZqDsRDh6MuxGpdoE,Varna Bakery,South Ukkadam,Coimbatore,10.990353,76.96093,Bakery & Desserts,Not disclosed,4.5,10,1,2.3978952727983707,112.0,0.47502333823628545,5.003946305945459,0,0,0,1,0,0,1,0,0,0,0,0,0,0,0,0,0,0,0,1,1,0,0
ChIJTSucaw5ZqDsRvNApPize30M,Santhosh Bakery & Fruit Stall,Town Hall,Coimbatore,10.99791,76.954464,Bakery & Desserts,Not disclosed,4.5,25,1,3.258096538021482,115.5,0.8418113298861652,5.225746673713202,0,0,0,1,0,0,1,0,1,0,0,0,0,0,0,0,0,0,0,1,1,0,0
ChIJf2vccwtZqDsRL_mGWTCR8pw,Aroma Bakery,Ukkadam,Coimbatore,10.993317,76.9608,Bakery & Desserts,Not disclosed,3.6,118,0,4.77912349311153,126.0,0.15697779339129572,5.123963979403259,1,1,0,1,0,0,0,0,0,0,0,0,0,0,0,0,0,0,0,1,1,1,0
ChIJL1jtMQxZqDsRU7mNc9TNaoI,Aroma Bakery,Town Hall,Coimbatore,10.995945,76.955509,Bakery & Desserts,Not disclosed,4.0,64,0,4.174387269895637,126.0,0.6601877655642553,5.236441962829949,1,1,0,1,0,0,1,0,0,0,0,0,0,0,0,0,0,0,0,1,1,1,0
ChIJe7jqWQBZqDsRwbjfg_DjH20,Sri Lakshmi Bakery,Town Hall,Coimbatore,10.995777,76.962599,Bakery & Desserts,Not disclosed,4.5,11,1,2.4849066497880004,87.0,0.18508644993944412,5.159055299214529,0,0,0,0,0,0,0,0,0,0,0,0,0,0,0,0,0,0,0,0,0,0,0
ChIJWQNyAqNZqDsRig4zvESEyR0,KFC,Town Hall,Coimbatore,10.994071,76.963981,Multi-cuisine / General,Not disclosed,4.7,1750,1,7.467942332285852,84.0,0.2878019012416926,5.10594547390058,1,1,0,1,0,1,1,0,0,1,0,0,0,0,0,1,0,0,0,0,1,0,0
ChIJlxByqABZqDsRF8ZIoZSNlKM,Thirupathi fast food,Town Hall,Coimbatore,10.990523,76.956723,Fast food & Quick bites,Not disclosed,4.5,85,1,4.454347296253507,87.0,0.6827487958715784,5.030437921392435,0,0,0,0,0,0,0,0,0,0,0,0,0,0,0,0,0,0,0,0,0,0,0
ChIJ4_34hxFZqDsRfdo2SDwPWLc,K.R. Chaats,Town Hall,Coimbatore,10.993777,76.951262,Fast food & Quick bites,Not disclosed,4.4,187,1,5.236441962829949,38.5,1.1103819274784028,4.955827057601261,1,0,0,1,0,0,1,0,0,0,0,0,0,0,0,0,0,0,0,0,1,0,0
ChIJ9zysVxFZqDsR3l9l6xtzJGU,Siva Foods,Town Hall,Coimbatore,10.995634,76.959229,Fast food & Quick bites,Budget,4.7,13,1,2.639057329615259,87.0,0.2633922984848514,5.225746673713202,1,0,0,1,0,0,1,0,0,0,0,0,1,1,0,0,0,0,0,0,0,0,0
ChIJobZSG8JZqDsRVf_WB389-D0,HOT ROLL,Ukkadam,Coimbatore,10.991064,76.965597,Fast food & Quick bites,Not disclosed,4.7,23,1,3.1780538303479458,36.0,0.6037137950635588,4.955827057601261,1,0,0,1,0,0,0,0,0,0,0,0,0,0,0,0,0,0,0,0,1,0,0
ChIJZz3A2xFZqDsROOP1iiN_Z9Q,Hotel Om Sakthi Chicken Center,Town Hall,Coimbatore,10.998492,76.952339,Fast food & Quick bites,Not disclosed,4.0,33,0,3.5263605246161616,49.0,1.079576610171731,5.247024072160486,0,0,0,1,0,0,1,0,0,0,0,0,0,0,0,0,0,0,1,0,1,0,0
ChIJ6fC62QxZqDsRv6iGLbb8Q-Q,MIRCHI CHAATS,Town Hall,Coimbatore,10.992235,76.95664,Multi-cuisine / General,Budget,4.3,497,1,6.210600077024653,66.5,0.5823353820358962,5.181783550292085,1,1,0,1,0,0,1,0,1,0,0,0,1,1,0,0,1,1,0,0,1,0,1
ChIJ4fTWAMBZqDsRdy_iGtUCu8E,SPM FAST FOOD SHOP 3,Town Hall,Coimbatore,10.995278,76.965986,Fast food & Quick bites,Budget,4.9,15,1,2.772588722239781,87.0,0.5062247579614768,5.153291594497779,1,0,0,1,0,0,1,0,0,0,0,0,1,1,0,0,0,0,0,0,0,0,0
ChIJS7rfTOtZqDsRWLESbYTfKs0,Mumbai Bites,R.S. Puram,Coimbatore,10.999848,76.952125,Fast food & Quick bites,Not disclosed,4.6,83,1,4.430816798843313,90.5,1.1685346910682295,5.308267697401205,1,0,0,1,0,0,1,0,0,0,0,0,0,0,0,0,0,0,0,0,1,0,0
ChIJ_zSRcKBZqDsRXhaQuPYaaCM,Ajmeer Biryani,Town Hall,Coimbatore,10.992843,76.960696,Biryani & Non-veg,Budget,3.5,195,0,5.278114659230518,91.0,0.2099388754462442,5.14166355650266,0,0,0,1,0,0,1,1,1,0,0,0,0,1,0,0,0,0,0,0,1,0,0
ChIJJRPmz3RZqDsR1ohNYKemD9M,Abitha Biriyani,Town Hall,Coimbatore,10.989836,76.963253,Biryani & Non-veg,Not disclosed,4.1,5628,0,8.635687085464026,112.0,0.5670338218222281,4.983606621708336,0,0,0,0,0,0,1,0,0,0,0,0,0,0,0,0,0,0,1,1,1,0,0
ChIJp7Cl-gpZqDsRVgn7XKOwIsI,Aiswarya's Hyderabad Biryani,Town Hall,Coimbatore,10.993999,76.962018,Biryani & Non-veg,Not disclosed,3.8,952,0,6.859614903654202,98.0,0.09495513624421963,5.181783550292085,0,0,0,1,0,0,1,0,0,0,0,0,0,0,0,0,0,0,0,0,1,0,0
ChIJAddDzHJZqDsRQ0cR5pB684U,CR Biriyani,Town Hall,Coimbatore,10.991005,76.954822,Biryani & Non-veg,Not disclosed,4.3,3478,1,8.154500175151941,45.0,0.8217956889698269,5.081404364984463,1,0,0,1,0,1,1,0,0,1,0,0,0,0,0,0,0,0,0,0,1,0,0
ChIJV2CpqJJZqDsRQyXJws43pOs,LMN HAJIYAAR BIRIYANI HOTEL,South Ukkadam,Coimbatore,10.989939,76.963244,Biryani & Non-veg,Mid,4.2,467,1,6.148468295917647,103.25,0.5559927479509293,4.983606621708336,1,1,0,1,1,0,1,1,1,0,1,1,1,1,0,0,1,1,1,0,1,0,0
ChIJOyXa91RZqDsRGDVvHd9hgAw,HMR BIRIYANI RESTAURANT,Ukkadam,Coimbatore,10.9922,76.960652,Multi-cuisine / General,Mid,4.1,405,0,6.0063531596017325,98.0,0.27907839221924596,5.123963979403259,0,1,0,1,0,1,1,1,1,1,1,0,1,1,0,0,1,1,1,0,1,0,0
ChIJkQVca1JYqDsRe_87GErnRJE,Khader Bhai's Bangalore Hotel,Town Hall,Coimbatore,10.997873,76.959983,Multi-cuisine / General,Not disclosed,4.2,363,1,5.8971538676367405,84.0,0.39544399247654954,5.2574953720277815,1,0,0,1,0,0,1,0,0,0,0,0,0,0,0,0,0,0,0,0,1,0,0
ChIJKTxhSstZqDsRK930vzDW6QQ,Saleem Biriyani CBE,Town Hall,Coimbatore,10.9986,76.952211,Multi-cuisine / General,Budget,4.1,52,0,3.970291913552122,87.0,1.0972036936983922,5.241747015059643,0,0,0,1,0,0,1,0,0,0,0,0,0,0,0,0,0,0,0,0,0,0,0
ChIJaZEEHfxZqDsR38Dtov8sirM,Nani's Kitchen,Ukkadam,Coimbatore,10.990834,76.960335,Biryani & Non-veg,Not disclosed,4.3,69,1,4.248495242049359,51.0,0.4345963777321031,5.030437921392435,1,0,0,1,0,0,1,0,0,0,0,0,0,0,0,0,0,0,0,0,1,0,0
ChIJZxecbnVZqDsRNK06ZawTQts,HMR-Hotel Muthu Rawther,Ukkadam,Coimbatore,10.989792,76.963201,Biryani & Non-veg,Not disclosed,4.1,3186,0,8.066835314417336,103.0,0.5696234807350249,4.976733742420574,0,0,0,1,0,0,1,0,0,0,0,0,0,0,0,0,0,0,1,0,1,0,0
ChIJlT0cMgtZqDsRlCuAyx3qV8g,Hotel Taj Biryani,Town Hall,Coimbatore,10.991844,76.960644,Biryani & Non-veg,Not disclosed,4.1,30,0,3.4339872044851463,91.0,0.3173692706708397,5.099866427824199,0,0,0,1,0,0,1,1,1,0,0,0,0,0,0,0,0,0,0,0,1,0,0
ChIJnaqqqhdZqDsRV7DQ3MltEHQ,Bangalore Biriyani Hotel,Town Hall,Coimbatore,10.997881,76.959973,Biryani & Non-veg,Not disclosed,3.6,17,0,2.8903717578961645,84.0,0.39669016022945797,5.25227342804663,0,0,0,0,0,0,1,1,0,0,0,0,0,0,0,0,0,0,0,0,1,0,0
ChIJkYXUMwBZqDsRcj5NukCtSWU,Nasir Bhai Biryani,Town Hall,Coimbatore,10.997136,76.954122,Biryani & Non-veg,Not disclosed,4.7,15,1,2.772588722239781,70.25,0.8429829676537473,5.153291594497779,1,0,0,1,0,0,0,0,0,0,0,0,0,0,0,0,0,0,1,0,1,0,0
ChIJnd243XRZqDsRn-GGWN4Ru4s,THALASSERY RESTAURANT,Ukkadam,Coimbatore,10.990244,76.960966,South Indian & Regional,Not disclosed,3.8,5238,0,8.56388591940822,112.0,0.486676245271701,4.997212273764115,1,0,0,1,0,1,1,0,0,1,0,0,0,0,0,1,0,0,0,1,1,0,0
ChIJn7u69l9ZqDsRII_lL6EOF6g,Saache breakfast home @ Saachis,Town Hall,Coimbatore,10.994094,76.953068,Multi-cuisine / General,Not disclosed,5.0,20,1,3.044522437723423,35.0,0.9112103391293599,5.062595033026967,1,0,0,0,0,0,1,0,0,0,0,0,0,0,0,0,0,0,0,1,1,0,0
ChIJBziYtA1ZqDsRIhsRG_-xnaM,AYYAR MESS,Town Hall,Coimbatore,10.995114,76.955537,Multi-cuisine / General,Budget,4.0,21,0,3.091042453358316,90.0,0.6425162074510105,5.225746673713202,1,0,1,1,0,0,1,1,1,0,0,0,1,0,0,0,0,0,0,1,1,0,1
ChIJOe2tHqlZqDsRq9VQFswfaq8,Thendral Mess,Gopalapuram,Coimbatore,11.005888,76.968263,South Indian & Regional,Budget,3.5,106,0,4.672828834461906,105.0,1.4617155271321631,4.852030263919617,0,0,0,1,0,0,1,1,0,0,0,0,1,1,0,0,0,1,0,1,1,0,0
ChIJbcSaNBBZqDsREJ4b_HyyJP0,Periyanayaki Hotel,Town Hall,Coimbatore,10.999525,76.951672,Multi-cuisine / General,Not disclosed,3.9,1591,0,7.3727463664043285,84.0,1.1947427117880656,5.293304824724492,0,0,0,1,0,0,1,0,0,0,0,0,0,0,0,0,0,0,1,0,1,0,0
ChIJK_Xiaw1ZqDsRdSKymwIhMc4,Geetha Tiffen Center,Town Hall,Coimbatore,10.992906,76.953876,Multi-cuisine / General,Not disclosed,4.5,30,1,3.4339872044851463,105.0,0.8426010934296373,5.10594547390058,1,0,0,1,0,0,0,0,0,0,0,0,0,0,0,0,0,0,0,1,1,0,0
ChIJpTIN8aZZqDsRzWF3uCbra_0,C S meals hotel,Gopalapuram,Coimbatore,10.999644,76.968176,South Indian & Regional,Budget,4.4,1081,1,6.9865664594064265,81.5,0.9282301069110385,4.852030263919617,0,0,0,1,0,0,1,1,1,0,1,0,1,1,0,0,1,1,0,0,1,0,1
ChIJg8iyTgBZqDsRUHrGjO4ng9E,GRAMIYAM PARAMBARIYAM NON VEG RESTAURANT,Cheran Nagar,Coimbatore,11.051765,76.945209,South Indian & Regional,Not disclosed,4.6,221,1,5.402677381872279,24.5,6.597525489455184,4.04305126783455,1,0,0,1,0,0,0,0,0,0,0,0,0,0,0,0,0,0,0,0,1,0,0
ChIJMfX23p73qDsR61a4RGypELk,Covai ANGANAN Biriyani House (Thudiyalur Branch),Sreevatsa Garden,Coimbatore,11.068187,76.943238,South Indian & Regional,Not disclosed,4.6,1466,1,7.2909747781429814,84.0,8.419172510465733,3.970291913552122,1,1,0,1,0,0,1,0,0,0,0,0,0,0,0,0,0,0,0,0,1,1,0
ChIJTbSa5mb3qDsR0KRfJ18ti0k,Sri Sai Amuthaas - A Self Service South Indian Cafe,TNP Nagar,Thudiyalur,11.080798,76.943,South Indian & Regional,Budget,3.9,18,0,2.9444389791664403,119.0,9.792886897292396,3.970291913552122,1,0,0,0,0,0,1,0,1,0,0,0,1,1,0,0,0,1,0,1,1,0,1
ChIJuRzDNf33qDsRO_zpCyHyJfY,Sree Annapoorna - Thudiyalur,VCS Nagar,Thudiyalur,11.065149,76.943174,Vegetarian,Mid,4.2,3352,1,8.117610746466228,112.0,8.092965966279397,3.8712010109078907,0,1,0,0,0,0,1,1,1,1,1,0,1,1,0,1,1,1,0,1,1,0,1
ChIJN-DSIGD3qDsRYMxlPMnQKlY,Virundhalayaa Homemade foods,NGGO Colony,Coimbatore,11.090461,76.944878,South Indian & Regional,Not disclosed,4.9,23,1,3.1780538303479458,76.0,10.810693724691175,2.833213344056216,1,1,0,1,0,0,1,0,1,0,0,1,1,1,0,0,0,1,0,0,1,0,0
ChIJUev1ZAD3qDsRjOCzNbeyKfU,Mani chettinadu hotel,K. Vadamadurai,Kurudampalayam,11.101812,76.938559,South Indian & Regional,Not disclosed,4.0,41,0,3.7376696182833684,87.0,12.17925335153617,3.091042453358316,0,0,0,0,0,0,0,0,0,0,0,0,0,0,0,0,0,0,0,0,0,0,0
ChIJmUej_z_2qDsRHGnioQSZGBk,Kanna Biryani Hotel,Thudiyalur,Thudiyalur,11.079159,76.941431,South Indian & Regional,Not disclosed,3.7,50,0,3.9318256327243257,70.0,9.651803504295584,3.9512437185814275,1,1,0,0,0,0,1,0,0,0,0,0,0,0,0,0,0,0,0,0,1,0,0
ChIJUT2TYRX2qDsRJ3jNrxOgmGI,Hotel Shree Alampata,Thudiyalur,Thudiyalur,11.077518,76.941062,South Indian & Regional,Not disclosed,4.1,501,0,6.218600119691729,77.0,9.483481204347553,4.04305126783455,0,1,0,1,0,0,1,0,0,0,0,0,0,0,0,0,0,0,0,0,1,0,0
ChIJzfJQWWv3qDsRgGJWYEdJPBc,Ya Restaurant,Thudiyalur,Coimbatore,11.076033,76.941631,Multi-cuisine / General,Mid,4.8,212,1,5.3612921657094255,77.0,9.308435172659378,4.23410650459726,1,0,0,1,0,0,1,1,1,1,1,0,1,1,0,0,1,0,0,0,1,0,0
ChIJi69xxxD3qDsRcQ8FrMIEtsg,Pinga Multi Cuisine Restaurants,Viswanathapuram,Coimbatore,11.074885,76.941758,Multi-cuisine / General,Not disclosed,4.3,508,1,6.2324480165505225,84.0,9.181062167969444,4.2626798770413155,1,0,0,0,0,0,0,0,0,0,0,0,0,0,0,0,0,0,0,0,1,0,0
ChIJkWS0dT32qDsRWbJNy96TcNE,Sri Krishna,Sreevatsa Garden,Thudiyalur,11.070782,76.942599,Vegetarian,Budget,3.9,2092,0,7.646353722445999,101.5,8.716029466634437,4.060443010546419,1,0,0,1,0,0,1,1,1,0,1,0,1,1,0,0,1,1,0,1,1,0,1
ChIJJ9Nr_dv3qDsR1DbveOeF3hw,SHIVAN SIRUTHANIYA UNAVAGAM,K. Vadamadurai,Kurudampalayam,11.101406,76.93828,South Indian & Regional,Not disclosed,4.9,36,1,3.6109179126442243,28.0,12.141358913171098,3.091042453358316,1,0,0,1,0,0,0,0,0,0,0,0,0,0,0,0,0,0,0,0,1,0,0
ChIJWb1gtUL2qDsRbT3kwsyAb-M,Madhuram Restaurant,NGGO Colony,Kurudampalayam,11.090297,76.942723,Multi-cuisine / General,Not disclosed,3.6,143,0,4.969813299576001,74.5,10.834488571219941,2.9444389791664403,1,0,0,1,0,0,0,0,0,0,0,0,0,0,0,0,0,0,0,0,1,0,0
ChIJFyLHs0T3qDsRFSfsj-rCI_w,Hotel Namma Annachi,TNP Nagar,Coimbatore,11.082026,76.941283,Multi-cuisine / General,Mid,3.9,1949,0,7.575584651557793,80.5,9.966169604070743,3.9889840465642745,1,0,0,1,0,0,1,1,1,0,1,0,1,1,0,0,1,1,0,0,1,0,0
ChIJ1bBBS2b2qDsRPn08DdXo544,Hotel Sri Sai Amuthaas (veg),K. Vadamadurai,Kurudampalayam,11.091839,76.938296,South Indian & Regional,Budget,3.8,4779,0,8.472195825485501,112.0,11.102596123020414,3.4339872044851463,1,0,0,1,0,1,1,1,1,1,1,0,1,1,0,0,1,1,0,1,1,0,1
ChIJX_0p2ib2qDsRZIYvqL1qU-Q,Hotel Aagaaram,Pallakattu Thottam,Coimbatore,11.060288,76.948184,South Indian & Regional,Not disclosed,3.5,1382,0,7.232010331664759,105.0,7.445233551090607,3.4657359027997265,0,0,0,1,0,0,1,0,0,0,0,0,0,0,0,0,0,0,0,1,1,0,0
ChIJ_9-5Y65VqDsR0SkQ3KiYeVM,Amul Ice Cream and Snacks Parlour,PKT Nagar,Coimbatore,11.028609,77.131193,Bakery & Desserts,Not disclosed,4.3,102,1,4.634728988229636,70.0,18.914401610958986,3.9512437185814275,1,0,0,1,0,0,1,0,1,0,0,0,1,1,0,0,1,1,0,0,1,0,1
ChIJFbjEUgBVqDsRQsqdjpPZ7u4,Peni Ice Candy - Sulur,Mathiyalagan Nagar,Sulur,11.027957,77.132189,Bakery & Desserts,Not disclosed,4.8,10,1,2.3978952727983707,84.0,19.0066693750449,3.970291913552122,1,1,0,1,0,0,0,0,0,0,0,0,0,0,0,0,0,0,0,0,1,1,0
ChIJ9fOqAHpVqDsR0wXMRrzPmuI,Boomerang Ice Cream,Sagaya Annai Nagar,Sulur,11.028089,77.136434,Bakery & Desserts,Not disclosed,4.5,114,1,4.74493212836325,85.0,19.464102102023297,3.7612001156935624,1,1,0,1,0,0,1,1,1,0,0,0,0,1,0,0,1,1,1,0,1,1,0
ChIJYxjJl0FVqDsRSz111EgPUZw,Tamila Agencies (icecream & beeda),Bhirundhavan Garden,Sulur,11.022126,77.137748,Bakery & Desserts,Not disclosed,4.9,34,1,3.5553480614894135,56.0,19.490017134764418,3.332204510175204,1,0,0,1,0,0,1,0,1,0,0,0,0,1,0,0,1,1,0,0,1,0,0
ChIJCdgL8VpVqDsR4ZC2DYnzStc,Baskin Robbins,Sagaya Annai Nagar,Sulur,11.027777,77.142354,Bakery & Desserts,Not disclosed,4.8,320,1,5.771441123130016,84.0,20.09231291332702,2.8903717578961645,1,1,0,1,0,0,0,0,0,0,0,0,0,0,0,0,0,0,0,0,1,1,0
ChIJx3-L4hJXqDsRdqfJR6OsA38,Shree Anandhaas Sweets & Snacks - Neelambur,NPS Nagar,Neelambur,11.062383,77.088621,Bakery & Desserts,Not disclosed,4.4,1725,1,7.453561871643373,98.0,15.798848802127079,3.713572066704308,1,1,0,1,0,0,1,0,0,0,0,0,0,0,0,0,0,0,0,0,1,0,0
ChIJgX3GqL9VqDsRijFCXIenfis,Madurai Famous Jigarthanda LLP - Since 1977,Sulur,Sulur,11.026867,77.126993,Bakery & Desserts,Not disclosed,3.4,41,0,3.7376696182833684,84.0,18.426823534456506,3.912023005428146,1,0,0,1,0,0,1,0,1,0,1,0,1,1,0,0,0,1,0,0,1,1,0
ChIJQ1m3ZcVVqDsR5UZcjwCTQIQ,ICON ICE CREAMS MANUFACTURER,Coimbatore,Kannampalayam,11.022272,77.103286,Bakery & Desserts,Not disclosed,4.6,12,1,2.5649493574615367,168.0,15.78940978417357,2.3978952727983707,1,0,0,0,0,0,1,0,1,0,0,0,0,1,0,0,0,0,1,1,1,0,0
ChIJh1XJCQBZqDsRsk-aLugPbSc,DWARKA KITCHEN,Town Hall,Coimbatore,10.992041,76.956153,Multi-cuisine / General,Budget,3.9,199,0,5.298317366548036,115.5,0.6395239783274461,5.170483995038151,0,0,0,1,0,1,1,0,0,1,0,0,1,1,0,0,0,1,0,1,1,0,1
ChIJxyonKJdZqDsRAYC9CtMuo7c,Persian Qureshi Mandi,Ukkadam,Coimbatore,10.987307,76.956312,Multi-cuisine / General,Not disclosed,4.2,1825,1,7.509883061154913,77.0,0.9828939710303947,4.68213122712422,1,0,0,1,0,0,1,0,0,0,0,0,0,0,0,0,0,0,1,0,1,0,0
ChIJwVAwMKFZqDsRKDCN1vpi_ww,R R Family Restaurant,Gopalapuram,Coimbatore,10.996826,76.968065,Multi-cuisine / General,Budget,3.5,81,0,4.406719247264253,115.5,0.7684624847146724,5.0369526024136295,0,0,0,0,0,0,1,1,0,0,0,0,1,1,0,0,0,1,1,1,1,0,0
ChIJ6b0XsZdfqDsREeiDUYgfODA,Amudha Suvai,Vadavalli,Coimbatore,11.022763,76.887253,South Indian & Regional,Budget,4.5,24,1,3.2188758248682006,24.5,8.677805081511478,3.1354942159291497,1,0,0,1,0,0,1,0,1,0,0,0,1,1,0,0,0,1,0,0,1,0,0
ChIJu1kWG_NYqDsRl5HyYmTwPs4,Sri Annai Chettinad Mess,Sanganoor,Coimbatore,11.034966,76.955544,South Indian & Regional,Not disclosed,3.7,24,0,3.2188758248682006,112.0,4.533774351003668,3.332204510175204,1,0,0,1,0,0,0,0,0,0,0,0,0,0,0,0,0,0,0,1,1,0,0
ChIJSVR2CgBZqDsRXoRMSlzatzg,New Annapoorna Tiffin House,Town Hall,Coimbatore,10.994663,76.958182,South Indian & Regional,Budget,3.3,10,0,2.3978952727983707,87.0,0.3513272593764108,5.236441962829949,0,0,0,0,0,0,1,0,0,0,0,0,1,1,0,0,0,0,0,0,0,0,1
ChIJv4IQWgBZqDsRWNA9-IjxoSI,Annadharsshini Pure veg restaurant,Ganapathy,Coimbatore,11.030106,76.975276,Vegetarian,Not disclosed,4.6,214,1,5.3706380281276624,87.0,4.228615596449437,4.060443010546419,1,0,0,1,0,0,0,0,0,0,0,0,0,0,0,0,0,0,0,0,0,0,0
ChIJucJCtEJYqDsRzMe6DPGUgXs,M.R. Moorthy Chettinad Mess,Ganapathy,Coimbatore,11.035336,76.975967,South Indian & Regional,Not disclosed,3.9,915,0,6.82001636467413,108.5,4.800573192955583,4.1588830833596715,0,0,0,1,0,0,1,0,0,0,0,0,0,0,0,0,0,0,0,1,1,0,0
ChIJkTgOnUJYqDsRK3_yNqSEFO0,Denmarrk Restaurant,Ganapathy,Coimbatore,11.03637,76.977857,South Indian & Regional,Mid,4.0,1188,0,7.080867896690782,77.0,4.979841911149305,4.189654742026425,0,0,0,1,0,1,1,1,1,1,1,0,1,1,0,0,1,1,0,0,1,0,0
ChIJeY0ABMtZqDsRJghcXFLCBwI,Shero Home Food,Ganapathy,Coimbatore,11.044353,76.983419,Multi-cuisine / General,Not disclosed,2.8,12,0,2.5649493574615367,87.0,6.031731451044972,4.04305126783455,0,1,0,1,0,0,0,0,0,0,0,0,0,0,0,0,0,0,0,0,0,0,0
ChIJq2UsAUhYqDsRMwIR-GGpfMo,Guru Chettinadu Mess,Illango Nagar,Coimbatore,11.025655,76.987003,South Indian & Regional,Not disclosed,4.0,72,0,4.290459441148391,112.0,4.442257784791301,3.6109179126442243,0,0,0,0,0,0,1,1,0,0,0,0,1,0,0,0,0,1,0,1,1,0,0
ChIJB1ec_j_2qDsR3I7Jo7SRKa4,Akshaya park Restaurant,VKL Nagar,Thudiyalur,11.072508,76.941799,Multi-cuisine / General,Not disclosed,3.6,2003,0,7.602900462204755,82.5,8.92319938964983,4.189654742026425,1,0,0,0,0,1,1,0,0,1,0,0,0,0,0,0,0,0,0,0,1,0,0
ChIJmfy7g2r3qDsR4UpQ7pYTRlc,Madurai Konar Mess,K. Vadamadurai,Kurudampalayam,11.086448,76.938297,North Indian & Global,Mid,3.6,518,0,6.251903883165888,84.0,10.519668403224195,3.7376696182833684,1,0,0,1,0,1,1,1,1,1,1,0,1,1,0,0,1,1,1,0,1,0,0
ChIJ32bsCVZZqDsRr4t9_fF9fcE,Sahil Chinese Fast Food,Koundampalayam,Coimbatore,11.039592,76.935827,North Indian & Global,Not disclosed,4.9,14,1,2.70805020110221,87.0,5.728832455067427,4.04305126783455,0,0,0,1,0,0,0,0,0,0,0,0,0,0,0,0,0,0,0,0,0,0,0
ChIJ6e_FJkD2qDsRMlz_sQiXIcQ,Hotel Sathar Rowther,TNP Nagar,Thudiyalur,11.080913,76.941551,North Indian & Global,Mid,3.7,1153,0,7.050989447068045,84.0,9.839007618469996,4.007333185232471,1,0,0,1,0,0,1,1,1,0,0,0,1,0,0,0,1,1,0,0,1,0,0
ChIJaZ4eS_FZqDsRiFOFZkiNZo8,Shaolin Bowl Chinese Restaurant,Kavundampalayam,Coimbatore,11.034672,76.938186,North Indian & Global,Mid,4.4,35,1,3.58351893845611,56.0,5.125812848051932,3.784189633918261,1,0,0,1,0,0,1,1,1,0,1,0,1,1,0,0,1,1,0,0,1,0,0
ChIJjUwRtR73qDsRJz9AygzMp9g,Aladdin Biriyani,TNP Nagar,Thudiyalur,11.080598,76.945984,Biryani & Non-veg,Not disclosed,3.9,455,0,6.1224928095143865,72.0,9.709423588487548,3.8066624897703196,1,1,0,1,0,0,1,0,0,0,0,0,0,0,0,0,0,0,0,0,1,0,0
ChIJs14b56j3qDsRKHrK8HQgbuI,Ruby Hot Chicken & Biriyani,Subramaniapalayam,Coimbatore,11.061488,76.93614,Biryani & Non-veg,Mid,4.1,12,0,2.5649493574615367,63.0,7.932122744237692,2.70805020110221,0,0,0,1,0,0,1,1,1,0,0,0,1,1,0,0,0,0,0,0,1,0,0
ChIJNW1pv5JZqDsRciCmneuANLc,CUPPIE PUPPIE,Kanuvai,Somayampalayam,11.059634,76.912103,Biryani & Non-veg,Not disclosed,4.5,70,1,4.2626798770413155,84.0,9.013448015867683,2.1972245773362196,1,0,0,1,0,0,1,0,0,0,0,0,0,0,0,0,0,0,0,0,1,0,0
ChIJA39o5Pr3qDsRiWqRdi9lrvw,Hyderabad Biriyani,Badaga's Colony,Thudiyalur,11.080249,76.941329,Biryani & Non-veg,Not disclosed,3.4,848,0,6.744059186311348,84.0,9.772402437087186,4.02535169073515,0,0,0,1,0,0,1,0,0,0,0,0,0,0,0,0,0,0,0,0,1,1,0
ChIJNzH_cjBfqDsRM4q7edqkTYU,BQ Restaurant,Classic Garden,Coimbatore,11.030007,76.907579,North Indian & Global,Mid,3.8,527,0,6.269096283706261,84.0,7.071734359331148,4.219507705176107,1,0,0,1,0,0,1,1,1,0,0,0,1,1,0,0,1,1,0,0,1,0,0
ChIJZ0O9um9fqDsRbuBG0DFqm3E,Chaat Square Sweets & Snacks,Thirumurugan Nagar,Coimbatore,11.021394,76.908834,Multi-cuisine / General,Budget,4.1,166,0,5.117993812416755,89.25,6.464965209464323,4.248495242049359,1,0,0,1,0,0,1,1,1,0,0,0,0,1,0,0,1,0,0,0,1,0,1
ChIJk8rPSY73qDsRRaAXK8iRIco,Cheesy Delight,phase 3,Kurudampalayam,11.089595,76.923032,Fast food & Quick bites,Not disclosed,4.9,62,1,4.143134726391533,80.5,11.362658423357983,0.6931471805599453,1,0,0,1,0,0,0,0,0,0,0,0,0,0,0,0,0,0,0,0,1,0,0
ChIJw4vnLsP3qDsRTAd6CAeiALI,"Pizza Hut | Thudiyalur, Coimbatore",Tatabad,Thudiyalur,11.068803,76.94312,Fast food & Quick bites,Not disclosed,4.4,1616,1,7.388327859577107,84.0,8.488775489004594,3.9318256327243257,1,1,0,1,0,1,1,0,0,1,0,0,0,0,0,0,0,0,0,0,1,1,0
ChIJyWHIEKX3qDsRCxkMVeVEx6g,"Domino's Pizza | Thudiyalur, Coimbatore",Sreevatsa Garden,Coimbatore,11.069329,76.942867,Fast food & Quick bites,Premium,3.6,1455,0,7.283448228756631,105.0,8.552124944635372,3.9512437185814275,1,1,0,1,1,0,1,1,1,1,0,0,0,1,0,0,1,1,1,0,1,1,0
ChIJoeim_ir3qDsRyPeQz5vBX5s,Beato Pizza,Pirivu,Coimbatore,11.067415,76.94341,Multi-cuisine / General,Not disclosed,4.8,134,1,4.90527477843843,36.0,8.331324283385161,4.060443010546419,1,1,0,1,0,0,0,0,0,0,0,0,0,0,0,0,0,0,0,0,1,0,0
ChIJFZdjTdj3qDsR6zArAhprKnI,Libra's Pizza,Viswanathapuram,Thudiyalur,11.074472,76.941537,Fast food & Quick bites,Not disclosed,4.2,14,1,2.70805020110221,105.0,9.142104073141919,4.2626798770413155,1,0,0,1,0,0,1,1,1,0,0,0,1,1,0,0,1,1,0,0,1,0,0
ChIJx1AzWxH3qDsR5MUgxMOEANs,Covai Little Italy,Sreevatsa Garden,Coimbatore,11.069287,76.94282,North Indian & Global,Premium,4.4,257,1,5.552959584921617,71.0,8.548802678321143,3.9318256327243257,1,0,0,1,1,1,1,1,1,1,1,1,1,1,0,0,1,1,0,0,1,0,0
ChIJ-wO_Lw73qDsRpbZOSphY8jo,BurgBites Cafe,NGGO Colony,Kurudampalayam,11.088343,76.938533,Cafe & Beverages,Not disclosed,4.4,188,1,5.241747015059643,80.5,10.718331444242805,3.5263605246161616,0,0,0,1,0,1,0,0,0,1,0,0,0,0,0,0,0,0,0,0,1,0,0
ChIJDz4tTCz3qDsRcRApd5wmEWQ,N Veedu Restaurant,Surya Nagar,Narasimhanaickenpalayam,11.11878,76.935847,Multi-cuisine / General,Not disclosed,3.9,951,0,6.858565034791365,84.0,14.086958910632557,3.4011973816621555,1,0,0,1,0,1,1,0,0,1,0,0,0,0,0,0,0,0,0,0,1,0,0
ChIJE6Y97xb3qDsRSCDRq-CvgM8,Noorani Biriyani Hotel,TNP Nagar,Thudiyalur,11.081205,76.94149,Biryani & Non-veg,Budget,3.1,33,0,3.5263605246161616,154.0,9.87214534398099,4.04305126783455,1,0,0,1,0,0,1,1,1,0,0,0,1,1,0,0,0,1,0,1,1,0,0
ChIJoRoVJqL3qDsRtc2IwX-9-84,Ravuthar Biriyani Hub,TNP Nagar,Coimbatore,11.08067,76.942647,Multi-cuisine / General,Not disclosed,3.9,1643,0,7.404887575616125,84.0,9.786940937255215,3.970291913552122,1,0,0,1,0,0,1,0,0,0,0,0,0,0,0,0,0,0,0,0,1,0,0
ChIJh7s2zrP3qDsREqQTc4BnxFM,Akalya Hotel,TNP Nagar,Thudiyalur,11.081031,76.943562,Multi-cuisine / General,Budget,4.0,229,0,5.438079308923196,106.75,9.805884790871048,3.9512437185814275,1,0,0,1,0,0,1,1,1,0,0,0,1,1,0,0,0,1,0,1,1,0,0
ChIJs_BVszb3qDsRifx3z0OMT9A,THE SHAWARMA KING,Viswanathapuram,Thudiyalur,11.0742,76.941937,Fast food & Quick bites,Not disclosed,4.1,60,0,4.110873864173311,42.0,9.102438222288693,4.2626798770413155,0,0,0,1,0,0,0,0,0,0,0,0,0,0,0,0,0,0,0,0,1,0,0
ChIJxexWCzX3qDsRPSp2lOHG7GM,TheRoadRunner,Amar Jothi Saroj Nagar,Thudiyalur,11.07287,76.94233,Multi-cuisine / General,Budget,5.0,41,1,3.7376696182833684,35.0,8.948626888060579,4.248495242049359,1,0,0,0,0,0,1,0,1,0,0,0,1,1,0,0,0,1,0,0,1,0,0
ChIJj2zfEZP3qDsRdTPDsHAZduU,Waaw Biriyani,Koundampalayam,Coimbatore,11.046183,76.950904,Multi-cuisine / General,Not disclosed,4.7,50,1,3.9318256327243257,77.0,5.8490500168280555,4.219507705176107,1,0,0,1,0,0,0,0,0,0,0,0,0,0,0,0,0,0,0,0,1,0,0
ChIJG_bQIQDxqDsRWlkc3syUuwo,5 to 11 Food Factory,Viswanathapuram,Thudiyalur,11.074092,76.94213,Biryani & Non-veg,Not disclosed,3.7,36,0,3.6109179126442243,42.0,9.085862500343787,4.2626798770413155,1,0,0,1,0,0,0,0,0,0,0,0,0,0,0,0,0,0,0,0,1,0,0
ChIJiWh1VND3qDsReMtDUttbzg4,STREET ARABIYA THUDIYALUR,Sreevatsa Garden,Coimbatore,11.067775,76.943273,Biryani & Non-veg,Premium,4.4,21,1,3.091042453358316,57.0,8.373751988389483,4.02535169073515,1,1,0,0,0,0,1,0,0,1,0,0,1,1,1,0,1,1,0,0,1,0,0
ChIJh0anrvj3qDsR-Iwql3K08I4,Sapidon Grilled & Fried Restaurant Thudiyalur,Sreevatsa Garden,Thudiyalur,11.069266,76.942945,Multi-cuisine / General,Mid,4.7,52,1,3.970291913552122,87.0,8.543307605500427,3.9318256327243257,0,0,0,1,0,0,1,0,1,0,0,0,0,1,0,0,1,1,0,0,0,0,0
ChIJe92AnL33qDsRXzF9Lmj7pY8,DOT shawarma and BBQ,Saravanampatti,Coimbatore,11.082249,76.986827,Fast food & Quick bites,Not disclosed,4.3,12,1,2.5649493574615367,87.0,10.133499195996846,4.3694478524670215,1,0,0,1,0,0,0,0,0,0,0,0,0,0,0,0,0,0,0,0,0,0,0
ChIJB1jdw1pZqDsRxT6viBR5V3Y,Arabian Shawarma Hub,Saibaba Colony,Coimbatore,11.025042,76.939785,Biryani & Non-veg,Not disclosed,4.4,25,1,3.258096538021482,87.0,4.126041167247723,5.043425116919247,0,0,0,0,0,0,0,0,0,0,0,0,0,0,0,0,0,0,0,0,0,0,0
ChIJOYMcfTpfqDsRETv8KjLo_ko,Pizza Paradize,Marutha Nagar,Coimbatore,11.024626,76.906411,Fast food & Quick bites,Not disclosed,4.3,105,1,4.663439094112067,91.0,6.868094158113732,4.442651256490317,1,1,0,1,0,0,0,0,0,0,0,0,0,0,0,0,0,0,0,0,1,1,0
ChIJccRzBABfqDsRpsYXrjH6wSE,SHAWARMA HEAVEN,Thirumurugan Nagar,Coimbatore,11.02356,76.910732,Multi-cuisine / General,Budget,4.7,41,1,3.7376696182833684,42.0,6.399562002344715,4.290459441148391,1,0,0,1,0,0,1,0,0,0,0,0,1,1,0,0,0,1,0,0,1,0,0
ChIJxaZt2R9fqDsRCCy4xLaYJYQ,MI -Pizza,mahaveer nagar,Coimbatore,11.028548,76.897917,Fast food & Quick bites,Not disclosed,4.1,340,0,5.831882477283517,84.0,7.890551261507618,4.0943445622221,1,1,0,1,0,1,1,0,0,1,0,0,0,0,0,0,0,0,0,0,1,0,0
ChIJZebOncxZqDsRSeH2dhUWASg,Dominos,Aishwarya Nagar,Coimbatore,11.01916,76.919481,Fast food & Quick bites,Premium,3.3,331,0,5.805134968916488,84.0,5.328477480873279,3.713572066704308,1,1,0,1,0,0,1,1,1,1,0,0,0,1,0,0,1,1,0,0,1,0,0
ChIJK7s19ONfqDsREEQWILwS3Zg,Calibre Cafe,Vadavalli,Coimbatore,11.028624,76.901293,Multi-cuisine / General,Not disclosed,4.8,58,1,4.07753744390572,87.0,7.573241900662074,4.219507705176107,0,0,0,0,0,0,0,0,0,0,0,0,0,0,0,0,0,0,0,0,0,0,0
ChIJ_-5Qq_5ZqDsRm-SmNM-L5mE,The Fruit Bowl CO-Daily cream bowl,Saibaba Colony,Coimbatore,11.025652,76.935902,Cafe & Beverages,Mid,4.3,131,1,4.882801922586371,119.0,4.434797441056898,4.59511985013459,1,0,0,1,0,1,1,1,1,1,1,0,1,1,0,1,1,1,0,1,1,0,1
ChIJnwPDtL33qDsRKyR-xHfMFBg,Dlite Fruits & Juice,VSK Nagar,Coimbatore,11.085131,76.933273,Multi-cuisine / General,Budget,4.9,28,1,3.367295829986474,92.0,10.524222338536406,3.044522437723423,0,0,0,1,0,0,1,0,0,0,0,0,1,1,0,0,0,1,0,0,1,0,0
ChIJtUSysG33qDsRcglzehxPQ_w,Juice king,Gounder Mills,Coimbatore,11.059686,76.945321,Cafe & Beverages,Not disclosed,4.2,83,1,4.430816798843313,77.0,7.4469583783990485,3.58351893845611,1,0,0,1,0,0,0,0,0,0,0,0,0,0,0,0,0,0,0,0,1,0,0
ChIJ5a5zg3NZqDsRAycBJXbbZQQ,Relax Cooldrinks,GANAPATHI,Coimbatore,11.015496,76.964752,Bakery & Desserts,Not disclosed,4.8,13,1,2.639057329615259,87.0,2.352158487894458,5.37989735354046,1,0,0,1,0,0,0,0,0,0,0,0,0,0,0,0,0,0,0,0,0,0,0
ChIJu69LSJX3qDsRYEpAS8470w8,The Juice Box,Ganesh Nagar,Coimbatore,11.059329,76.944659,Cafe & Beverages,Not disclosed,4.5,23,1,3.1780538303479458,84.0,7.425832689531861,3.58351893845611,1,0,0,0,0,0,1,0,0,0,0,0,0,1,0,0,0,0,0,0,1,1,0
ChIJHQL6ZgD3qDsRaKrjCE4A5vg,Mario Juicy,K. Vadamadurai,Kurudampalayam,11.10222,76.938448,Cafe & Beverages,Not disclosed,3.8,102,0,4.634728988229636,98.0,12.226139759533948,3.1354942159291497,0,0,0,1,0,0,1,0,0,0,0,0,0,0,0,0,0,0,0,0,1,1,0
ChIJ0QuLEQD3qDsR4iwCbyJWpEw,Thlush Thickshakes,Amar Jothi Saroj Nagar,Kurudampalayam,11.072914,76.942316,Bakery & Desserts,Not disclosed,4.9,14,1,2.70805020110221,31.5,8.953740639279903,4.248495242049359,1,0,0,0,0,0,1,0,0,0,0,0,0,1,0,0,0,0,0,0,1,0,0
ChIJN-LXOD32qDsRxi4HsxUQno4,Polar Bear Ice Cream Sundaes - Thudiyalur,VKL Nagar,Thudiyalur,11.072038,76.942079,Bakery & Desserts,Not disclosed,4.4,1950,1,7.576097340623111,84.0,8.865152620186386,4.174387269895637,1,1,0,1,0,0,1,0,0,0,0,0,0,0,0,0,0,0,0,0,1,1,0
ChIJkbqJxbL3qDsRn7Ddes2EFaw,Boomerang Ice Cream,Sreevatsa Garden,Thudiyalur,11.067374,76.943368,Bakery & Desserts,Not disclosed,4.5,468,1,6.150602768446279,84.0,8.327975855017693,4.060443010546419,1,1,0,1,0,0,0,0,0,0,0,0,0,0,0,0,0,0,0,0,1,1,0
ChIJ8VBiQwD3qDsRTfn9s8TiPKA,Happy Ending Ice creams - Thudiyalur,Sreevatsa Garden,Coimbatore,11.067814,76.943463,Bakery & Desserts,Not disclosed,4.7,177,1,5.181783550292085,84.0,8.373093303335182,4.02535169073515,1,1,0,1,1,0,1,0,0,0,0,0,0,1,0,0,0,0,0,0,1,1,0
ChIJT4-TegD3qDsREHZM-qk-Q68,THE LABAN SPOT,Viswanathapuram,Coimbatore,11.075593,76.942243,Bakery & Desserts,Not disclosed,4.7,109,1,4.700480365792417,77.0,9.245516048169653,4.248495242049359,1,1,0,0,0,0,1,0,0,0,0,0,0,0,0,0,0,0,0,0,1,0,0
ChIJ17B2Lxv3qDsRX9IjZsKj19g,"ibaco - Thoppampatti, Coimbatore",K. Vadamadurai,Kurudampalayam,11.098213,76.938496,Bakery & Desserts,Not disclosed,4.8,203,1,5.318119993844216,84.0,11.789278118243049,3.258096538021482,1,1,0,1,0,0,1,0,1,0,0,0,0,1,0,0,1,1,0,0,1,1,0
ChIJFfZ9miP3qDsR3fCNlg1WCWo,WILD FLOUR DESSERTS,Sreevatsa Garden,Coimbatore,11.069335,76.942853,Bakery & Desserts,Not disclosed,5.0,24,1,3.2188758248682006,51.5,8.553134666987535,3.9512437185814275,0,0,0,1,0,0,0,0,0,0,0,0,0,0,0,0,0,0,0,1,1,0,0
ChIJB4rmJpFYqDsRgFhc3Tf9mIM,Arun Ice Creams,Koundampalayam,Coimbatore,11.043248,76.9479,Bakery & Desserts,Not disclosed,4.3,91,1,4.5217885770490405,91.0,5.606496226776313,4.127134385045092,1,0,0,1,0,0,1,1,1,0,0,0,0,1,0,0,1,1,0,0,1,1,0
ChIJDQgFMTX3qDsR3fpPYqD-eQ0,Shree Anandhaas Sweets and Snacks - Thudiyalur,Koundampalayam,Thudiyalur,11.068489,76.9431,Bakery & Desserts,Not disclosed,4.5,1494,1,7.3098814858247865,98.0,8.455357864091026,3.9318256327243257,1,1,0,1,0,1,0,0,0,0,0,0,0,0,0,0,0,0,0,0,1,1,0
ChIJGVJw_rT3qDsRvMtD5DMstTg,Scoops & Creams,K. Vadamadurai,Kurudampalayam,11.088095,76.938445,Bakery & Desserts,Not disclosed,4.0,22,0,3.1354942159291497,91.0,10.693761052678996,3.58351893845611,1,0,0,1,0,1,1,1,1,1,0,0,0,1,0,0,1,1,0,0,1,0,0
ChIJz-hyVwD3qDsR7xienP9yC_Y,Velmorah,Sreevatsa Garden,Thudiyalur,11.067749,76.943387,Bakery & Desserts,Not disclosed,5.0,72,1,4.290459441148391,77.0,8.36801100646989,4.02535169073515,1,0,0,0,0,0,0,0,0,0,0,0,0,0,0,0,0,0,0,0,1,0,0
ChIJI60UVFH3qDsROfb4PN2_5xE,Happy Ending Ice creams & Desserts - Vellakinar,Saravanampatti,Coimbatore,11.080025,76.962823,Bakery & Desserts,Not disclosed,4.8,12,1,2.5649493574615367,83.5,9.500096111491958,1.6094379124341003,0,1,0,0,0,0,0,0,0,0,0,0,0,0,0,0,0,0,0,0,1,0,0
ChIJWUkxwrZVqDsRmO7fYkka3AI,"Aavin Milk& Tea,Coffee Stal",PKT Nagar,Sulur,11.028347,77.130033,Cafe & Beverages,Not disclosed,3.8,28,0,3.367295829986474,168.0,18.784530306192252,3.9889840465642745,0,0,0,0,0,0,1,0,0,0,0,0,0,0,0,0,0,0,1,1,1,0,0
ChIJBUJ7nalXqDsRlEJYuj20pxQ,TEA CORNER,Coimbatore,Irugur,11.022754,77.063528,Multi-cuisine / General,Budget,4.1,135,0,4.912654885736052,112.0,11.57839991467306,1.3862943611198906,1,0,0,1,0,0,1,0,0,0,0,0,1,1,0,0,0,1,0,1,1,0,0
ChIJ46zUmgZbqDsRop8J_GzLytg,Nahdi Kuzhimandi Coimbatore,Pulakadu,Coimbatore,10.966183,76.955789,Multi-cuisine / General,Mid,4.3,4394,1,8.388222810119277,77.0,3.218640815641149,3.9512437185814275,1,1,0,1,0,1,1,1,1,1,1,1,1,1,0,1,1,1,0,0,1,0,0
ChIJFdSQSgBbqDsRsz142aRz9L4,Social Kitchen,Kuniyamuthur,Kuniyamuthur,10.968819,76.955795,Multi-cuisine / General,Not disclosed,4.8,87,1,4.477336814478207,87.0,2.931280370730863,3.7612001156935624,0,0,0,0,0,0,0,0,0,0,0,0,0,0,0,0,0,0,0,0,0,0,0
ChIJ-bkzdIVbqDsRDNaP_XsQU8U,CSK Food Street,Thirunavukarsu Nagar,Coimbatore,10.955093,76.954032,Multi-cuisine / General,Mid,4.3,35,1,3.58351893845611,105.0,4.465999800884298,4.060443010546419,1,0,0,1,0,0,1,1,1,0,0,0,1,1,0,0,1,1,1,0,1,0,0
ChIJyUC50ZRbqDsR5hhI3uIuT60,Razi,Kuniyamuthur,Coimbatore,10.965234,76.943373,Multi-cuisine / General,Not disclosed,4.5,396,1,5.983936280687191,82.0,3.812455012109211,2.4849066497880004,1,0,1,1,0,1,0,0,0,1,0,0,0,0,0,0,0,0,1,1,1,0,0
ChIJnwTPNQBbqDsRRirrhxEbUjE,SK- Taste of UDUPI,Kuniyamuthur,Kuniyamuthur,10.968837,76.955781,Vegetarian,Not disclosed,4.6,203,1,5.318119993844216,115.5,2.9296425470626684,3.7612001156935624,1,1,0,1,0,0,0,0,0,0,0,0,0,0,0,0,0,0,0,1,1,0,0
ChIJQxUUAwBbqDsR4KoXXD3I3rs,Feel Laban Coimbatore,BK Pudur,Coimbatore,10.9415,76.952539,Bakery & Desserts,Mid,4.9,72,1,4.290459441148391,79.0,5.98316025197973,4.060443010546419,1,0,1,0,0,0,1,0,1,0,0,0,1,1,0,0,1,1,1,0,1,0,0
ChIJ-SDncQBbqDsRO1qAkeIea04,Al reem mandi Coimbatore,Kumuram Garden,Kuniyamuthur,10.950901,76.953854,Multi-cuisine / General,Not disclosed,3.7,327,0,5.793013608384144,70.0,4.928434236036413,3.912023005428146,0,0,0,1,0,0,1,0,0,0,0,0,0,0,0,0,0,0,0,0,1,0,0
ChIJIQWJCc9ZqDsRcnerqHWn4D0,Hotel Sai brindhavan,Aathupalam,Coimbatore,10.970946,76.957123,Vegetarian,Not disclosed,4.5,324,1,5.783825182329737,112.0,2.6713189719452872,3.6635616461296463,1,0,0,1,0,0,0,0,0,0,0,0,0,0,0,0,0,0,0,1,1,1,0
ChIJTfw_WWZbqDsRimfUBsXzS5Y,3 Monkeys Cafe,Kuniyamuthur,Kuniyamuthur,10.957375,76.953871,Cafe & Beverages,Mid,4.3,478,1,6.171700597410915,77.0,4.220036496067467,4.060443010546419,1,0,0,1,0,0,1,1,1,1,0,0,1,1,0,0,1,1,0,0,1,0,0
ChIJGYI-qa5ZqDsRW2G-JaswXgU,Ayshama Biriyani,Aathupalam,Coimbatore,10.970745,76.956912,Multi-cuisine / General,Not disclosed,3.5,243,0,5.497168225293202,119.0,2.6974159169581733,3.7612001156935624,1,0,0,1,0,1,0,0,0,1,0,0,0,0,0,0,0,0,1,0,1,0,0
ChIJD3zyWKb5qDsRFF_vapPm8k4,Tea Boy Neelambur,NPS Nagar,Neelambur,11.063888,77.085841,Cafe & Beverages,Budget,4.7,67,1,4.219507705176107,96.0,15.614722762717207,3.713572066704308,1,0,0,0,0,0,1,0,0,0,0,0,1,1,0,0,0,1,0,1,1,0,0
ChIJbbBDFFNbqDsRt-DNK8yJJIo,Aasife Biriyani - Kuniyamuthur,Kuniyamuthur,Kuniyamuthur,10.967271,76.955901,Multi-cuisine / General,Not disclosed,4.7,772,1,6.650279048587422,84.0,3.097564285811096,3.8712010109078907,1,1,0,1,0,0,0,0,0,0,0,0,0,0,0,0,0,0,0,0,1,0,0
ChIJC4Zp0p9bqDsRBESGU7Fp53I,Annapoorna - Kuniyamuthur,Thirunavukarsu Nagar,Coimbatore,10.956017,76.954101,Vegetarian,Not disclosed,4.2,4650,1,8.444837529224097,115.5,4.3635930032106796,4.110873864173311,1,1,0,1,0,0,1,0,0,0,0,0,0,0,0,1,0,0,0,1,1,1,0
ChIJrxk6HABbqDsRvlIQT-lwwmw,Kairo Restaurant,BK Pudur,Coimbatore,10.941517,76.952542,Biryani & Non-veg,Mid,4.5,478,1,6.171700597410915,77.0,5.981241855542722,4.060443010546419,1,0,0,1,0,0,1,1,1,0,1,0,1,1,0,0,1,1,0,0,1,0,0
ChIJzbylTwBbqDsR6n_WKJpfs8I,Power House,Kuniyamuthur,Coimbatore,10.962407,76.953892,Cafe & Beverages,Not disclosed,4.5,35,1,3.58351893845611,52.5,3.672320659724849,4.2626798770413155,1,0,0,1,0,0,1,0,0,0,0,0,0,0,0,0,0,0,0,0,1,0,0
ChIJ_47YaABbqDsRTK9cKB6xasg,Gazibo Restaurant,Thirunavukarsu Nagar,Coimbatore,10.955402,76.953983,Multi-cuisine / General,Mid,4.1,88,0,4.48863636973214,87.0,4.43318037626603,4.07753744390572,0,0,0,1,0,0,0,0,0,0,0,0,0,0,0,0,0,0,0,0,0,0,0
ChIJL3BNVP9bqDsR0j_1Uf_fR1M,Bombay Tawa House,Thirunavukarsu Nagar,Coimbatore,10.955094,76.954025,Fast food & Quick bites,Mid,4.6,88,1,4.48863636973214,70.0,4.466028105576901,4.060443010546419,0,0,0,0,0,0,1,0,0,0,0,0,1,1,0,0,0,1,0,0,1,0,0
ChIJYYGAq5ZbqDsRy8_zdaI5ZxM,Naina Grand Restaurant - NGR,Thirunavukarsu Nagar,Coimbatore,10.955424,76.953983,Multi-cuisine / General,Not disclosed,3.7,104,0,4.653960350157523,84.0,4.430775249013954,4.07753744390572,1,1,0,1,0,0,0,0,0,0,0,0,0,0,0,0,0,0,0,0,1,0,0
ChIJ1VxygrpbqDsRrT2UEVWi1tU,Shanthi Social Services Canteen - Kuniyamuthur,Kuniyamuthur,Kuniyamuthur,10.968585,76.955682,Vegetarian,Not disclosed,4.7,1423,1,7.261225091971921,91.0,2.9593089863809285,3.784189633918261,0,0,0,1,0,0,1,0,0,0,0,0,0,0,0,1,0,0,0,1,1,0,0
ChIJZ2bANBlbqDsRVHFC75QRTno,Haatim's Kitchen,Thirunavukarsu Nagar,Kuniyamuthur,10.956409,76.956681,Biryani & Non-veg,Premium,4.8,140,1,4.948759890378168,91.0,4.277774809983121,4.060443010546419,1,1,0,1,0,0,1,0,1,1,0,0,1,0,0,0,1,1,0,0,1,0,0
ChIJ38zxhmxbqDsRHuvagymyP6U,kaapi ready,Edayarpalayam,Kuniyamuthur,10.959594,76.954521,Cafe & Beverages,Not disclosed,4.2,111,1,4.718498871295094,112.0,3.9642588296935166,4.276666119016055,0,0,0,0,0,0,1,0,0,0,0,0,0,0,0,0,0,0,0,1,1,0,0
ChIJewAl6JRbqDsRPGqeb6Nvtso,Brew and Bites Cafe inc,BK Pudur,Coimbatore,10.941838,76.95232,Cafe & Beverages,Mid,4.8,29,1,3.4011973816621555,90.0,5.950009698328539,4.07753744390572,1,0,0,1,0,0,1,0,1,0,0,0,1,1,0,0,0,1,0,0,1,0,0
ChIJD_QCgE1bqDsR1kzQlSsG7c0,Cafe Day,BK Pudur,Kuniyamuthur,10.943573,76.952561,Cafe & Beverages,Not disclosed,4.8,12,1,2.5649493574615367,85.75,5.755402492302614,4.007333185232471,1,1,0,1,0,0,0,0,0,0,0,0,0,0,0,0,0,0,1,0,1,0,0
ChIJraaKfzNbqDsRsLqU5WRo5zM,La Tazza Cafe #1,Edayarpalayam,Coimbatore,10.953475,76.960413,Multi-cuisine / General,Budget,4.4,27,1,3.332204510175204,77.5,4.574160448943015,3.7612001156935624,1,0,0,1,0,0,1,1,1,1,1,1,1,1,0,0,1,1,1,1,1,0,0
ChIJb-PNJQBbqDsRfCBwsf5zkWY,Ding Dong Rooftop Cafe,BK Pudur,Kuniyamuthur,10.941139,76.952446,Cafe & Beverages,Not disclosed,4.6,45,1,3.828641396489095,84.0,6.024415998967701,4.060443010546419,1,0,1,1,0,1,0,0,0,1,0,0,0,0,0,0,0,0,0,0,1,0,0
ChIJR0_1GQBbqDsRI6oEPIujvoM,Koven Cafe,BK Pudur,Kuniyamuthur,10.939324,76.952146,Cafe & Beverages,Not disclosed,4.5,15,1,2.772588722239781,69.0,6.2288746956437615,4.04305126783455,0,0,0,0,0,0,0,0,0,0,0,0,0,0,0,0,0,0,0,0,1,0,0
ChIJJxqb6UJZqDsRJtQSEvtk_Lo,Dual Delight Cafe,Coimbatore,Coimbatore,10.970508,76.970127,Cafe & Beverages,Mid,4.9,54,1,4.007333185232471,84.0,2.8432453907422786,3.58351893845611,1,0,0,0,0,0,1,0,0,0,0,0,1,1,0,0,0,0,0,0,1,0,0
ChIJUYMpvipbqDsRY-el5DcFT6k,"CK's Bakery Sundarapuram , Coimbatore",Machampalayam,Coimbatore,10.95623,76.972277,Bakery & Desserts,Not disclosed,4.6,957,1,6.86484777797086,84.0,4.42868274727687,4.430816798843313,1,1,0,1,0,1,1,0,0,1,0,0,0,0,0,0,0,0,0,0,1,0,0
ChIJweiDqtBbqDsRw3p_t2C_vm4,FB Cakes KUNIYAMUTHUR,Kuniyamuthur,Coimbatore,10.963847,76.955248,Bakery & Desserts,Not disclosed,4.7,366,1,5.905361848054571,105.0,3.4848946077210234,4.23410650459726,1,1,0,1,0,0,0,0,0,0,0,0,0,0,0,0,0,0,0,0,1,0,0
ChIJz5sOcQBbqDsR8oNGdCpOoGM,Melbaan Kuniyamuthur,Aparna Bus Stop,Coimbatore,10.956444,76.953749,Bakery & Desserts,Not disclosed,4.3,173,1,5.159055299214529,88.5,4.324176472917509,4.07753744390572,1,0,0,1,0,0,1,0,0,0,0,0,0,0,0,0,1,0,1,0,1,0,0
ChIJoUfSjhpbqDsRhqgNENvj9aM,Cake Delight Homemade Goodness | Homemade Cakes in Coimbatore,Pulakadu,Kuniyamuthur,10.964173,76.947363,Bakery & Desserts,Not disclosed,4.8,64,1,4.174387269895637,168.0,3.7141310587486216,3.7612001156935624,1,0,0,1,1,0,1,0,1,0,1,1,0,0,0,0,0,1,1,1,1,0,0
ChIJfe0BLPVbqDsRM0UzRxGPi_w,CakeBee - Your Favourite Bakery & Cake Shop,BK Pudur,Kuniyamuthur,10.938381,76.951745,Bakery & Desserts,Not disclosed,4.1,365,0,5.902633333401366,91.0,6.339497137776896,4.007333185232471,1,1,0,1,0,0,0,0,0,0,0,0,0,0,0,0,0,0,0,0,1,1,0
ChIJqedquH1ZqDsRAjpOBw2B3hw,Breeze Bakery,Sai Garden,Kuniyamuthur,10.960761,76.954686,Bakery & Desserts,Budget,3.9,125,0,4.836281906951478,143.5,3.8334377852061894,4.2626798770413155,0,1,0,1,0,0,1,0,1,0,0,0,0,0,0,0,1,0,1,1,1,0,0
ChIJlw4L29BbqDsR6_JbKGdhiUw,Kannan Bakes,Kuniyamuthur,Kuniyamuthur,10.962654,76.955109,Bakery & Desserts,Not disclosed,3.9,219,0,5.393627546352361,133.0,3.618003736900972,4.2626798770413155,0,0,0,1,0,0,1,0,0,0,0,0,0,0,0,0,0,0,0,1,1,0,0
ChIJMTkzLxZbqDsRV7dqVO7-Fx8,Aarudhra Bakes,BK Pudur,Kuniyamuthur,10.9411,76.952121,Bakery & Desserts,Not disclosed,4.9,24,1,3.2188758248682006,133.0,6.034548953906419,4.07753744390572,1,0,0,1,0,0,0,0,0,0,0,0,0,0,0,0,0,0,1,1,1,0,0
ChIJPUrGWYdbqDsRGx2oQPLZ3M8,"CK's Bakery Kovai Pudur, Coimbatore",T Block,Coimbatore,10.94573,76.932071,Bakery & Desserts,Premium,4.8,2017,1,7.609862200913554,91.0,6.307131494749283,4.127134385045092,1,1,0,1,1,1,1,0,0,1,0,0,1,0,0,0,1,1,0,0,1,0,0
ChIJuZtYu7lbqDsRy_v4-GG99kk,BAKERS HOME - Home made cakes,JJ Nagar,Kuniyamuthur,10.957058,76.948953,Bakery & Desserts,Not disclosed,5.0,103,1,4.6443908991413725,48.0,4.390036261110505,3.912023005428146,1,0,0,1,0,0,0,0,0,0,0,0,0,0,0,0,0,0,0,0,1,0,0
ChIJg3CZgMdbqDsRDErcfczJ71w,97 Bakes,Brindhavan Circle,Kuniyamuthur,10.966453,76.950847,Bakery & Desserts,Not disclosed,4.6,53,1,3.9889840465642745,79.0,3.3350674315503364,3.9512437185814275,1,0,0,1,1,0,1,0,1,0,1,1,0,0,0,1,1,1,0,0,1,0,0
ChIJtfabnepbqDsRHE-RACjWg4k,GM BAKES,Pulakadu,Kuniyamuthur,10.966402,76.949945,Bakery & Desserts,Budget,4.1,217,0,5.384495062789089,122.5,3.3756105625271724,3.9318256327243257,0,0,0,0,0,0,1,0,1,0,0,0,0,0,0,0,0,1,0,1,1,0,0
ChIJR0aT5VPpE4QRUn3oTGjl-jM,Crazy Town Cakes and Chocolates,,,11.009924,76.960175,Bakery & Desserts,Not disclosed,4.9,12,1,2.5649493574615367,72.0,1.7091891642327095,5.298317366548036,1,0,0,1,0,0,0,0,0,0,0,0,0,0,0,0,0,0,0,0,1,0,0
ChIJ2V3cTZRbqDsRVnGcmR5yTSw,Shree Anandhaas Sweets and Snacks - Kuniyamuthur Main Road,BK Pudur,Kuniyamuthur,10.938488,76.951831,Bakery & Desserts,Not disclosed,4.4,445,1,6.100318952020064,98.0,6.3262081881559045,4.007333185232471,1,1,0,1,0,1,1,0,1,0,0,0,1,0,0,0,1,1,0,0,1,1,0
ChIJAcqoUoJbqDsRAo948P07d0E,Ayappa sweets,Kuniyamuthur,Kuniyamuthur,10.962379,76.954196,Bakery & Desserts,Not disclosed,4.5,12,1,2.5649493574615367,112.0,3.6680984278314264,4.2626798770413155,0,0,0,0,0,0,1,0,0,0,0,0,0,0,0,0,0,0,0,1,1,0,0
ChIJuQ_mmWtbqDsRwNkPltpxxtk,FB Cakes Sundarapuram,Sundarapuram,Coimbatore,10.952818,76.974651,Bakery & Desserts,Premium,4.3,698,1,6.54965074223381,105.0,4.865920746173605,4.454347296253507,1,1,0,1,1,1,1,0,1,1,0,0,1,0,0,0,1,1,0,0,1,0,0
ChIJdUua4c9bqDsR-fuJFwUFSqw,MAHIMA BAKES,Narasimmapuram,Kuniyamuthur,10.947921,76.953632,Bakery & Desserts,Not disclosed,3.9,134,0,4.90527477843843,66.0,5.2592793643884646,4.007333185232471,1,0,0,0,0,0,1,0,0,0,0,0,0,0,0,0,0,0,0,0,1,0,0
ChIJlUGbopVbqDsRR4RVgf2W-R0,The Cake Point,Kuniyamuthur,Kuniyamuthur,10.961791,76.955014,Bakery & Desserts,Not disclosed,3.9,71,0,4.276666119016055,91.0,3.714197725714634,4.248495242049359,1,0,0,1,0,0,0,0,0,0,0,0,0,0,0,0,0,0,1,0,1,1,0
ChIJLS4Sw9BbqDsRSedDAxdrz1w,New Ragam Bakery,Kuniyamuthur,Kuniyamuthur,10.962435,76.954807,Bakery & Desserts,Budget,3.8,40,0,3.713572066704308,133.0,3.6482755483061213,4.276666119016055,1,1,0,0,0,0,1,0,1,0,0,0,0,0,0,0,0,1,0,1,1,0,0
ChIJ0wGSRudbqDsRlpKo0AlbkYk,Manikandan Fast Food Since 1996,BK Pudur,Kuniyamuthur,10.94371,76.953029,Fast food & Quick bites,Not disclosed,4.6,43,1,3.784189633918261,112.0,5.732018768535117,3.9889840465642745,1,0,1,1,0,0,0,0,0,0,0,0,0,0,0,0,0,0,0,1,1,0,0
ChIJpcYT3s9bqDsRED625XjwxDY,"Domino's Pizza | Kuniyamuthur, Coimbatore",Thirunavukarsu Nagar,Coimbatore,10.957738,76.95438,Fast food & Quick bites,Premium,3.7,2148,0,7.67275789664251,112.0,4.169885225019473,4.07753744390572,1,1,0,1,1,0,1,1,1,1,0,0,0,1,0,0,1,1,1,0,1,1,0
ChIJF4_ctFJbqDsR3Q0nQxGu0OY,KGF restaurant,Pulakadu,Coimbatore,10.964447,76.955181,Fast food & Quick bites,Budget,4.9,17,1,2.8903717578961645,46.0,3.4208960153244212,4.0943445622221,1,0,0,1,0,0,1,0,0,0,0,0,1,1,0,0,0,0,0,0,1,0,0
ChIJqYd_SShbqDsRCevnxZO2jgw,Biggies Burger : Kuniyamuthur (Coimbatore),BK Pudur,Kuniyamuthur,10.941817,76.952323,Fast food & Quick bites,Not disclosed,4.2,87,1,4.477336814478207,84.0,5.95225765414561,4.07753744390572,1,1,0,1,0,1,0,0,0,1,0,0,0,0,0,0,0,0,0,0,1,0,0
ChIJxayH-B5bqDsRAYv7eaa8aII,KMN STAR FOOD,Brindhavan Circle,Coimbatore,10.966954,76.951406,Fast food & Quick bites,Not disclosed,4.5,12,1,2.5649493574615367,87.0,3.2619320340564366,3.9512437185814275,1,0,0,1,0,0,0,0,0,0,0,0,0,0,0,0,0,0,0,0,0,0,0
ChIJedx_Y6RbqDsRH4XXpr0A6fQ,AFC Kuniyamuthur,Thirunavukarsu Nagar,Coimbatore,10.955252,76.953941,Multi-cuisine / General,Mid,4.3,81,1,4.406719247264253,87.5,4.450416699163246,4.060443010546419,1,0,0,1,0,0,1,1,1,0,0,0,1,1,0,0,1,1,1,0,1,0,0
ChIJcRUt95xZqDsRe3OUo_1_qRU,Best Food Center,Kuniyamuthur,Coimbatore,10.97738,76.975151,Fast food & Quick bites,Premium,4.4,45,1,3.828641396489095,42.0,2.4329879553691396,3.091042453358316,1,0,0,0,0,0,1,0,0,0,0,0,1,1,0,0,0,0,0,0,1,0,0
ChIJ4UBe589bqDsRN1euQ61alFg,Meat & Eat,Thirunavukarsu Nagar,Kuniyamuthur,10.957597,76.954214,Fast food & Quick bites,Not disclosed,4.0,903,0,6.806829360392176,84.0,4.188653410996697,4.07753744390572,1,1,0,1,0,0,1,0,0,0,0,0,0,0,0,0,0,0,0,0,1,0,0
ChIJF59Ip7FbqDsRxBzeFKpPETI,Food Court - Skcet,Sugunapuram East,Kuniyamuthur,10.938685,76.956679,Fast food & Quick bites,Budget,3.7,268,0,5.594711379601839,70.0,6.238787005918742,3.8066624897703196,0,1,0,1,0,0,1,0,0,0,1,0,1,1,0,0,0,0,0,0,1,0,0
ChIJ1YAoZQBbqDsRIiTWhnI2HmI,Aira’s FC,BK Pudur,Kuniyamuthur,10.94784,76.95334,Fast food & Quick bites,Not disclosed,5.0,26,1,3.295836866004329,87.0,5.27339311309604,4.007333185232471,0,0,0,0,0,0,0,0,0,0,0,0,0,0,0,0,0,0,0,0,0,0,0
ChIJASkjA5RbqDsRPsRIY0GV7ME,Lakshmi mess,Kovai Pudur,Kovaipudur,10.944304,76.935467,Multi-cuisine / General,Not disclosed,3.9,322,0,5.777652323222656,108.5,6.268334296070581,4.04305126783455,1,0,0,1,0,0,1,0,0,0,0,0,0,0,0,0,0,0,0,1,1,1,0
ChIJH2s8U8hbqDsRn5yU5zIsqLA,Asquare biryani,BK Pudur,Coimbatore,10.939376,76.952138,Multi-cuisine / General,Mid,4.2,27,1,3.332204510175204,84.0,6.223310989622956,4.04305126783455,1,0,0,1,0,0,1,0,1,0,0,0,0,0,0,0,0,0,0,0,1,0,0
ChIJyW_YHqZbqDsROBUzjYKnp-M,D.R.Biriyani Sivaji Kadai,Pulakadu,Kuniyamuthur,10.958618,76.954105,Biryani & Non-veg,Mid,4.0,665,0,6.501289670540389,77.5,4.079493106874425,4.2626798770413155,1,0,0,1,0,0,1,1,1,0,1,0,1,1,0,1,1,1,0,0,1,0,0
ChIJ7bBZJX9ZqDsRp1yC0gWkbbE,HMR RESTAURANT,Sai Garden,Coimbatore,10.960682,76.954723,Biryani & Non-veg,Not disclosed,3.9,2566,0,7.8504931808711405,90.41666666666667,3.841292120931112,4.2626798770413155,1,0,0,1,0,0,1,0,0,0,0,0,0,0,0,0,0,0,1,0,1,0,0
ChIJ9UbBtiBZqDsRoP9y5qW8htc,ABITHA BIRIYANI HOTEL,Aathupalam,Coimbatore,10.970619,76.956787,Biryani & Non-veg,Not disclosed,3.8,1435,0,7.269616749608169,126.0,2.7136934289651538,3.7612001156935624,1,0,0,1,0,0,1,0,0,0,0,0,0,0,0,0,0,0,1,0,1,0,0
ChIJXUlCms9bqDsRfZcUdeMrPJ0,Hotel SIRAJ BIRIYANI,Pulakadu,Kuniyamuthur,10.964199,76.955107,Biryani & Non-veg,Budget,3.6,37,0,3.6375861597263857,90.0,3.4495278459371495,4.143134726391533,1,0,0,1,0,0,1,1,1,0,0,0,1,1,0,0,0,1,0,0,1,0,0
ChIJFR3VjkdbqDsRgd-bONi7OEI,Annapoorna hotel,Thirunavukarsu Nagar,Kuniyamuthur,10.955984,76.954135,Multi-cuisine / General,Not disclosed,4.0,70,0,4.2626798770413155,87.0,4.366525196499376,4.110873864173311,0,0,0,1,0,0,1,0,0,0,0,0,0,0,0,1,0,0,0,0,0,1,0
ChIJR_l4agBbqDsRJgiMa4dmqmM,Anna Bramma Restaurant,Kovaipudur,Kovaipudur,10.943437,76.940315,Vegetarian,Budget,4.3,148,1,5.003946305945459,119.0,6.1370468511956,4.110873864173311,1,0,0,1,0,0,1,1,1,0,0,0,1,1,0,0,0,0,0,1,1,0,1
ChIJ_bTU4blbqDsRNDVsKIzJjWQ,Dil Mass Biriyani Hotel,BK Pudur,Kuniyamuthur,10.94245,76.952711,Biryani & Non-veg,Not disclosed,3.9,110,0,4.709530201312334,91.0,5.875879104962228,4.07753744390572,0,0,0,1,0,0,1,0,0,0,0,0,0,0,0,0,0,0,0,0,1,0,0
ChIJzeYSzjFaqDsRTVA74I5Hgpw,Shree Anandhaas | Sundarapuram,Sundarapuram,Kurichi,10.959151,76.971885,Vegetarian,Not disclosed,4.2,9441,1,9.152923101106232,112.0,4.104555389368499,4.382026634673881,1,1,0,1,0,1,1,0,0,1,0,0,0,0,0,0,0,0,0,1,1,1,0
ChIJkVNKHNVbqDsRinEdi4yopXo,SRI HARI BAWAN,BK Pudur,Kuniyamuthur,10.947189,76.953558,Multi-cuisine / General,Budget,3.6,111,0,4.718498871295094,107.0,5.340914206312868,4.02535169073515,1,0,0,1,0,0,1,1,1,0,1,0,1,1,0,0,1,1,0,1,1,0,0
ChIJq-uP8MVbqDsRvv317DW69Ng,Sitapaani Restaurant,Pirivu,Kuniyamuthur,10.953785,76.953465,Multi-cuisine / General,Not disclosed,3.9,2076,0,7.638679823876112,112.0,4.620342087564634,4.007333185232471,1,1,0,1,0,0,1,0,0,0,0,0,0,0,0,0,0,0,0,1,1,0,0
ChIJtyZs3bpbqDsR_7vWZNgw92Q,007 Punjab Dhaba,BK Pudur,Kuniyamuthur,10.937259,76.950183,Multi-cuisine / General,Not disclosed,4.1,6413,0,8.7662383802531,86.5,6.492544499453261,3.9889840465642745,1,1,0,1,0,1,1,0,0,1,0,0,0,0,0,0,0,0,1,0,1,0,0
ChIJS_X0qkFZqDsRXse-d7MjZMg,Sri Annamaya Restaurant,Selvapuram South,Coimbatore,10.984146,76.927006,South Indian & Regional,Budget,3.9,2627,0,7.873978379604501,108.5,3.930149521562436,2.8903717578961645,1,0,0,1,1,0,1,1,1,1,1,1,1,1,0,0,1,1,0,1,1,0,1
ChIJS9A9VAFbqDsR4xLLUs_T6Eg,HOTEL CHELLAMAS,Pulakadu,Coimbatore,10.96474,76.955148,Multi-cuisine / General,Not disclosed,4.7,11,1,2.4849066497880004,87.0,3.3896933867494163,4.110873864173311,1,0,0,1,0,0,0,0,0,0,0,0,0,0,0,0,0,0,0,0,0,0,0
ChIJ5dXGXw1bqDsRubAu2-TpnrQ,Tawa Seafood Restaurant (Kerala Food),BK Pudur,Kuniyamuthur,10.937482,76.951044,Biryani & Non-veg,Mid,3.9,417,0,6.035481432524756,80.5,6.451061408834891,3.9889840465642745,0,0,0,1,0,1,1,1,1,1,1,0,1,1,1,0,1,1,0,0,1,0,0
ChIJkTkK9TNZqDsR-9GvDBVH4Jw,AL-MAJLIS Kudil Restaurant,Aathupalam,Coimbatore,10.971446,76.957697,Biryani & Non-veg,Mid,3.7,1171,0,7.066466970136958,77.0,2.6061448620422785,3.4965075614664802,1,0,0,0,0,0,1,1,1,1,1,0,1,1,1,0,1,1,0,0,1,0,0
ChIJpamJsWNbqDsR2CG6o-PgAEc,NISAA KITCHEN,KM NAGAR,Coimbatore,10.968862,76.951946,Fast food & Quick bites,Not disclosed,4.8,20,1,3.044522437723423,77.0,3.0423129868613126,3.8066624897703196,1,0,0,1,0,0,0,0,0,0,0,0,0,0,0,0,0,0,0,0,1,0,0
ChIJzesndwBbqDsRpk8DD172U1w,Kovai Mallu Cafe and Restaurant,BK Pudur,Kuniyamuthur,10.939879,76.951833,Multi-cuisine / General,Not disclosed,4.9,10,1,2.3978952727983707,107.5,6.173674670047939,4.060443010546419,1,0,0,1,0,0,0,0,0,0,0,0,0,0,0,0,0,0,0,1,1,0,0
ChIJO_T8NwBbqDsR0E5uonDMnHE,333 Family Restaurant,Machampalayam,Coimbatore,10.955835,76.972349,Multi-cuisine / General,Budget,4.8,44,1,3.8066624897703196,84.0,4.47310613847335,4.430816798843313,0,0,0,0,0,0,1,0,0,0,0,0,1,0,0,0,0,0,0,0,1,0,0
ChIJ97yecopbqDsRA-abaZsAwGM,A1 Chettinadu hotel,Kumuram Garden,Kuniyamuthur,10.952807,76.955245,South Indian & Regional,Not disclosed,2.8,26,0,3.295836866004329,101.5,4.695489475835197,3.912023005428146,0,0,0,0,0,0,1,1,1,0,0,0,1,1,0,0,0,0,0,0,1,1,0
ChIJ7e7R4m9bqDsR28ESSYP79BY,A1 Chettinadu Restaurant,BK Pudur,Kuniyamuthur,10.939915,76.952215,Multi-cuisine / General,Budget,3.5,91,0,4.5217885770490405,87.0,6.1628075897354115,4.04305126783455,1,0,0,0,0,0,1,0,0,0,0,0,1,0,0,0,0,0,0,0,0,1,0
ChIJy6zdxZBfqDsRrojDYoQofoo,Mario juicy,Maharani Avenue,Coimbatore,11.024576,76.89839,Cafe & Beverages,Not disclosed,4.1,250,0,5.5254529391317835,87.0,7.642596499419407,4.127134385045092,1,0,1,1,0,0,1,0,0,0,0,0,0,0,0,0,0,0,0,0,0,1,0
ChIJE-CyGClZqDsRncUatZfHQvg,THE JUICY PROJECT(Cold pressed Juices),Saibaba Colony,Coimbatore,11.032034,76.944172,Cafe & Beverages,Not disclosed,4.8,131,1,4.882801922586371,60.0,4.567495099420502,4.709530201312334,1,0,0,1,0,0,0,0,0,0,0,0,0,0,0,0,0,0,0,0,1,0,0
ChIJMcEawzFfqDsRwUu6utqPyws,Kovai Pazhamudir Nilayam,Vadavalli,Coimbatore,11.023354,76.910798,Cafe & Beverages,Mid,4.0,337,0,5.823045895483019,105.0,6.381832628519036,4.276666119016055,1,0,0,1,0,0,1,0,1,0,0,0,0,0,0,0,1,1,0,1,1,0,0
ChIJ5wi3GgBfqDsRWidZC6HsDN4,ABA JUICY VADAVALLI,Coimbatore,Coimbatore,11.024922,76.902212,Cafe & Beverages,Not disclosed,4.1,10,0,2.3978952727983707,91.0,7.287191394796877,4.406719247264253,0,0,1,1,0,0,0,0,0,0,0,0,0,0,0,0,0,0,0,0,1,0,0
ChIJbbVJyCtZqDsR82pwNPok6aw,Polar Bear Ice Cream Sundaes - Vadavalli,VADAVALLI,Coimbatore,11.028801,76.896256,Bakery & Desserts,Not disclosed,4.8,2602,1,7.864419904994565,84.0,8.06344771938574,4.007333185232471,1,1,0,1,0,0,0,0,0,0,0,0,0,0,0,0,0,0,0,0,1,1,0
ChIJY6totblfqDsRLX0vbMoV34I,Mario Juicy,Kalveerampalayam,Coimbatore,11.031245,76.889422,Cafe & Beverages,Not disclosed,3.9,110,0,4.709530201312334,87.0,8.850044799231666,3.4339872044851463,0,0,0,0,0,0,0,0,0,0,0,0,0,0,0,0,0,0,0,0,0,1,0
ChIJAcA6aKpZqDsRLSqjppNsPD4,Ask Asian,Selvapuram North,Ponnaiah Raja Puram,10.998527,76.945135,Multi-cuisine / General,Not disclosed,4.9,59,1,4.0943445622221,59.5,1.8282885204059844,4.762173934797756,1,1,0,0,0,0,0,0,0,0,0,0,0,0,0,0,0,0,0,0,1,0,0
ChIJKVqH39_1qDsRldbS_1HOo2Y,Ganga Restaurant - Indian Restaurants in Coimbatore,22 - Nanjundapuram,Coimbatore,11.092236,76.901915,Multi-cuisine / General,Not disclosed,4.8,189,1,5.247024072160486,108.5,12.649574019839891,0.6931471805599453,1,1,0,1,0,1,1,1,0,1,1,0,1,1,1,0,1,1,0,1,1,0,0
ChIJmRHYVORZqDsRNIC7xneG2sE,Thinaiyamuthu Millet Restaurant | Ramanathapuram,Parsn Sesh Nestle Campus,Coimbatore,10.985366,77.001645,Multi-cuisine / General,Mid,3.9,1228,0,7.113956109566034,106.5,4.51136893672949,2.8903717578961645,1,0,0,1,1,1,1,1,1,1,1,0,1,1,0,1,1,1,1,0,1,0,0
ChIJ7dmmESFZqDsR3TsY-WOPJH4,Meat and Eat,Ramanathapuram,Coimbatore,10.99081,76.998739,Multi-cuisine / General,Mid,4.7,51,1,3.9512437185814275,98.0,4.09745583802592,4.343805421853684,1,0,0,1,0,0,1,0,1,0,0,0,1,1,0,0,1,1,1,0,1,0,0
ChIJU9eXNhlZqDsR_CaNr95AN9A,MUD IDLI,Coimbatore,Coimbatore,10.991198,76.998562,South Indian & Regional,Not disclosed,4.3,213,1,5.365976015021851,36.0,4.074003473839356,4.3694478524670215,1,1,0,1,0,1,1,0,0,1,0,0,0,0,0,0,0,0,1,0,1,0,0
ChIJJbk-gsBZqDsRz2YJPXcSq78,Hashtag express,T Nagar,Coimbatore,10.996122,76.999345,Multi-cuisine / General,Not disclosed,4.9,15,1,2.772588722239781,35.0,4.145292560832517,4.442651256490317,1,0,0,1,0,0,0,0,0,0,0,0,0,0,0,0,0,0,0,0,1,0,0
ChIJOzShzs1ZqDsRYgoXXqUn28A,Desert shawarma,Town Hall,Coimbatore,11.000041,76.952051,Fast food & Quick bites,Not disclosed,4.2,24,1,3.2188758248682006,87.0,1.1863389226105032,5.318119993844216,0,0,0,0,0,0,1,0,1,0,0,0,0,0,0,0,0,0,0,0,0,0,0
ChIJsfxuJ3VZqDsRipASY-QsQ1Q,Mario Juicy,Ukkadam,Coimbatore,10.990434,76.962056,Multi-cuisine / General,Budget,4.3,86,1,4.465908118654584,87.0,0.46873964266617973,5.043425116919247,0,0,0,1,0,0,1,0,0,0,0,0,0,1,0,0,0,1,0,0,0,1,0
ChIJz0MSRdFbqDsRYaq6mZy0XGY,MALABAR RESTAURANT,Bharathi Nagar,Kovaipudur,10.942818,76.934094,South Indian & Regional,Mid,4.0,691,0,6.539585955617669,84.0,6.483721670865886,4.07753744390572,1,1,0,1,1,0,1,1,0,1,1,0,1,1,0,0,1,1,0,0,1,0,0
ChIJWVcPR15bqDsRekE_CeqUtak,GSA Restaurant,Ward-92,Coimbatore,10.950495,76.934,Multi-cuisine / General,Mid,4.9,50,1,3.9318256327243257,91.0,5.744390450060105,3.828641396489095,1,0,1,1,0,0,1,1,1,1,1,1,1,1,0,0,1,1,1,0,1,0,0
ChIJsz4Dq9dbqDsROeaM56kTFUc,HOTEL NEW MALABAR,Pulakadu,Coimbatore,10.966267,76.94992,South Indian & Regional,Budget,4.0,73,0,4.304065093204169,108.5,3.3905663389521177,3.9318256327243257,0,0,0,1,0,0,1,1,1,0,1,0,1,1,0,0,0,0,0,1,1,0,0
ChIJq5ljlXZZqDsRhPJWxo54lIs,Busy Food Hall,Coimbatore,Coimbatore,10.971334,76.968285,South Indian & Regional,Not disclosed,3.9,1036,0,6.9440872082295275,94.5,2.6940155633353493,3.58351893845611,0,0,0,1,0,0,0,0,0,0,0,0,0,0,0,0,0,0,0,0,1,0,0
ChIJGcaWROBbqDsR8UPktue-UwM,Idly kopparai,Perur,Kovaipudur,10.948196,76.935141,Multi-cuisine / General,Not disclosed,4.3,79,1,4.382026634673881,98.0,5.90264985062104,4.0943445622221,1,0,0,0,0,0,0,0,0,0,0,0,0,0,0,0,0,0,0,0,1,0,0
ChIJFVxRT0X5qDsRdB7GrlhHcIs,Mullikulam Muniyappas Biryani,Sundarapuram,Coimbatore,10.953458,76.972907,Biryani & Non-veg,Not disclosed,4.4,562,1,6.333279628139691,66.0,4.744098457935455,4.430816798843313,1,0,0,1,0,1,0,0,0,1,0,0,0,0,0,0,0,0,0,0,1,0,0
ChIJTyACibpbqDsRy3sXntNSD5g,Aiswarya Drive - Inn - Restaurant,BK Pudur,Kuniyamuthur,10.938648,76.951866,Multi-cuisine / General,Budget,3.5,165,0,5.111987788356544,84.0,6.308030335375073,4.007333185232471,0,0,0,1,0,0,1,1,1,1,1,0,1,1,0,0,1,0,0,0,1,0,0
ChIJv-8LUQBbqDsR5KAIo7CmjLk,Superstar Pizza,Sugunapuram East,Kuniyamuthur,10.937536,76.951653,Fast food & Quick bites,Mid,4.0,125,0,4.836281906951478,80.5,6.433821697162758,3.970291913552122,1,0,0,1,0,1,1,1,1,1,1,0,1,1,0,0,1,1,0,0,1,0,0
ChIJmYFvPb1bqDsRMV1xjEecqAo,CSK RESTAURANT,Thirunavukarsu Nagar,Coimbatore,10.954964,76.954004,Multi-cuisine / General,Mid,3.8,550,0,6.311734809152915,87.5,4.4806599229536905,4.060443010546419,1,1,0,1,0,0,1,1,1,0,0,0,1,1,0,0,1,1,1,0,1,0,0
ChIJMeIyYKhZqDsRdXR-C6vGDxQ,The Indian Food spot,Selvapuram South,Perur,10.971248,76.932072,Multi-cuisine / General,Not disclosed,4.7,49,1,3.912023005428146,84.0,4.122060121192879,1.3862943611198906,0,0,0,1,0,0,0,0,0,0,0,0,0,0,0,0,0,0,0,0,1,0,0
ChIJ4RbpnM9bqDsRB1efn2S1Ets,MSD Shawarma,Aparna Stop,Coimbatore,10.955464,76.95361,Multi-cuisine / General,Not disclosed,3.8,11,0,2.4849066497880004,87.0,4.434030815297422,4.060443010546419,0,0,0,1,0,0,0,0,0,0,0,0,0,0,0,0,0,0,0,0,0,1,0
ChIJvZCt7HZbqDsR0p7ZRZ4MXcg,Mr.Shawarma,A-Block,Kovaipudur,10.953875,76.930098,Fast food & Quick bites,Not disclosed,4.5,39,1,3.6888794541139363,39.0,5.672938551700648,3.4339872044851463,1,0,0,1,0,0,0,0,0,0,0,0,0,0,0,0,0,0,0,0,1,0,0
ChIJN-ml2kFbqDsRvtMWJz0lp3g,AL BAITH,Kurinji nagar,Coimbatore,10.966373,76.950309,Fast food & Quick bites,Budget,4.7,60,1,4.110873864173311,49.0,3.36410308049299,3.9512437185814275,1,0,0,1,0,0,1,0,1,1,0,0,1,1,0,0,0,1,1,0,1,0,0
ChIJM68OAMpZqDsRnHgeMgxdVEc,Bull Bull,Thirumarai Nagar,Coimbatore,10.970071,76.970723,Multi-cuisine / General,Not disclosed,4.4,167,1,5.123963979403259,73.5,2.911175069985315,3.5553480614894135,1,0,0,1,0,0,0,0,0,0,0,0,0,0,0,0,0,0,1,0,1,0,0
ChIJBeQCFOpbqDsR_2VHE9mrHCM,Mario Juicy,Sugunapuram East,Kuniyamuthur,10.951061,76.953829,Cafe & Beverages,Not disclosed,4.4,358,1,5.883322388488279,77.41666666666667,4.91135267356639,3.9318256327243257,0,0,0,1,0,0,1,0,0,0,0,0,0,0,0,0,0,0,0,0,1,1,0
ChIJfxgnu7dbqDsR5XGnbIfGVuc,Mario Juicy,BK Pudur,Kuniyamuthur,10.939538,76.946802,Cafe & Beverages,Budget,4.4,356,1,5.877735781779639,97.5,6.326603039276291,4.07753744390572,1,0,0,1,0,0,1,1,1,0,0,0,1,1,0,0,1,1,0,0,1,1,0
ChIJ-UqTk2NbqDsRUsD2qC42054,Mario Juicy,Kurichi,Coimbatore,10.969132,76.97435,Cafe & Beverages,Not disclosed,4.1,249,0,5.521460917862246,87.5,3.165123426829078,3.6888794541139363,0,1,0,0,0,0,0,0,0,0,0,0,0,0,0,0,0,0,0,0,1,1,0
ChIJ8QqcJjFZqDsRqE44xALJn_g,Best Juice,Karumbukkadai,Coimbatore,10.977348,76.961352,Cafe & Beverages,Budget,4.5,46,1,3.8501476017100584,66.5,1.9183420298346325,2.995732273553991,1,0,0,0,0,0,1,1,0,0,0,0,0,1,0,0,0,1,0,0,1,0,0
ChIJaduWRQBbqDsRRZLVvv4MWCc,Mario juicy,sundarapuram,Coimbatore,10.94932,76.972336,Cafe & Beverages,Not disclosed,3.3,30,0,3.4339872044851463,87.0,5.174498802342298,4.290459441148391,0,0,0,0,0,0,0,0,0,0,0,0,0,0,0,0,0,0,0,0,0,1,0
ChIJ37sQRz9bqDsRmM3vT8n8-dg,JUICE BAR,BK Pudur,Coimbatore,10.939586,76.946411,Cafe & Beverages,Budget,4.8,154,1,5.043425116919247,80.5,6.332332643695449,4.0943445622221,0,0,0,0,0,0,1,1,0,0,0,0,1,1,1,0,0,1,0,0,1,0,0
ChIJw1d6jMpbqDsRBetSRTTFBjM,Indulge,Thirunavukarsu Nagar,Coimbatore,10.953075,76.953941,Bakery & Desserts,Not disclosed,5.0,24,1,3.2188758248682006,27.0,4.6886118243527095,3.912023005428146,1,0,1,1,0,0,0,0,0,0,0,0,0,0,0,0,0,0,0,0,1,0,0
ChIJ8TzuultbqDsRKrsFWTAxJ60,Polar Bear Ice Cream Sundaes - Kuniyamuthur,Pirivu,Coimbatore,10.950652,76.953835,Bakery & Desserts,Not disclosed,4.8,819,1,6.709304340258299,84.0,4.956079690334504,3.970291913552122,1,1,0,1,0,0,0,0,0,0,0,0,0,0,0,0,0,0,0,0,1,1,0
ChIJL5qlWgBbqDsRxK9dAyUngoU,Ice Bay B.K Pudur,BK Pudur,Kuniyamuthur,10.942922,76.952522,Bakery & Desserts,Not disclosed,5.0,17,1,2.8903717578961645,102.0,5.827485183618638,4.07753744390572,0,0,0,0,0,0,0,0,0,0,0,0,0,0,0,0,0,0,1,1,1,0,0
ChIJS3ge3k1bqDsRPn7BGxj5Scs,Peni Ice Candy - Kuniyamuthur,Kuniyamuthur,Kuniyamuthur,10.958343,76.954008,Bakery & Desserts,Not disclosed,4.6,97,1,4.584967478670572,91.0,4.111552831437109,4.23410650459726,1,1,0,1,0,0,0,0,0,0,0,0,0,0,0,0,0,0,0,0,1,1,0
ChIJVbLzMzVbqDsRvnLoP-nwxvA,Ca Sa Taa,Sugunapuram,Coimbatore,10.938436,76.951762,Bakery & Desserts,Not disclosed,4.7,132,1,4.890349128221754,84.0,6.333158030384872,4.007333185232471,1,0,0,1,0,0,0,0,0,0,0,0,0,0,0,0,0,0,0,0,1,0,0
ChIJYWB7dxlZqDsRQC0LxbM4X_A,MOHAMMED FAYAS,Kuniyamuthur,Coimbatore,10.970899,76.956667,Bakery & Desserts,Not disclosed,4.6,11,1,2.4849066497880004,87.0,2.6855948830978504,3.7376696182833684,1,0,0,1,0,0,1,0,0,0,0,0,0,1,0,0,0,0,0,0,0,0,0
ChIJw77HMABbqDsROYLPAA5sgcQ,Baskin Robbins,Kuniyamuthur,Coimbatore,10.962923,76.954868,Bakery & Desserts,Not disclosed,4.3,24,1,3.2188758248682006,84.0,3.5937674709643597,4.276666119016055,1,1,0,1,0,0,0,0,0,0,0,0,0,0,0,0,0,0,0,0,1,1,0
ChIJbc9x55RbqDsRuiMQwwC_RWo,Happy Ending Ice Creams - Podhanur,Thirumarai Nagar,Coimbatore,10.970536,76.969144,Bakery & Desserts,Not disclosed,4.5,236,1,5.4680601411351315,84.0,2.8061446671887658,3.5553480614894135,1,1,0,1,0,1,0,0,0,1,0,0,0,0,0,0,0,0,0,0,1,1,0
ChIJDft6IQBbqDsRdFIwOqgB57Y,Boomerang Ice Cream Kuniyamuthur,Thirunavukarsu Nagar,Coimbatore,10.955113,76.953897,Bakery & Desserts,Not disclosed,4.5,109,1,4.700480365792417,91.0,4.46649110541859,4.060443010546419,1,0,0,1,0,0,1,1,1,0,1,0,1,1,0,0,1,1,1,0,1,0,0
ChIJ7R_CfPFbqDsRnQcyVqCnLOU,Arun Ice Cream Center,Edayarpalayam,Kuniyamuthur,10.952933,76.959998,Bakery & Desserts,Not disclosed,3.5,10,0,2.3978952727983707,91.0,4.63568604020826,3.8066624897703196,1,0,0,0,0,0,0,0,0,0,0,0,0,0,0,0,0,0,0,0,1,0,0
ChIJze4B_x5bqDsR36i_8Q5bWVo,Tea boy,BK Pudur,Kuniyamuthur,10.942753,76.952501,Cafe & Beverages,Budget,3.8,13,0,2.639057329615259,104.0,5.846396787601303,4.110873864173311,1,0,0,1,0,0,1,0,0,0,0,0,1,1,0,0,0,0,0,1,1,1,0
ChIJ5y5eJwBbqDsRRiZq2O0SoGo,Single Tea Kuniyamuthur,BK Pudur,Coimbatore,10.940877,76.952419,Cafe & Beverages,Not disclosed,5.0,20,1,3.044522437723423,119.0,6.053641612822832,4.060443010546419,1,0,0,0,0,0,1,0,0,0,0,0,0,0,0,0,0,1,0,1,1,0,0
ChIJpVgwHchbqDsRQzIG9zlYbIs,Ramu Tea Stall,Kumuram Garden,Kuniyamuthur,10.947053,76.953542,Cafe & Beverages,Not disclosed,4.8,40,1,3.713572066704308,119.0,5.356121227595266,4.02535169073515,1,0,0,0,0,0,1,0,0,0,0,0,0,0,0,0,0,0,0,1,1,0,0
ChIJc2NX3vJbqDsRTH4pqCyhkik,SHAJAHAN M M,Sai Garden,Kuniyamuthur,10.960572,76.954593,Cafe & Beverages,Not disclosed,4.4,37,1,3.6375861597263857,87.0,3.8560115001827233,4.2626798770413155,1,0,0,1,0,0,0,0,0,0,0,0,0,0,0,0,0,0,0,0,0,0,0
ChIJ35wCD-pbqDsRzdeqGFbr44I,Chaimama ( B.K Pudur),BK Pudur,Coimbatore,10.941397,76.952521,Cafe & Beverages,Not disclosed,4.6,10,1,2.3978952727983707,109.5,5.99478036386151,4.060443010546419,1,1,0,0,0,0,1,0,0,0,0,0,0,0,0,0,0,1,1,1,1,0,0
ChIJCY-5MgBZqDsRhqUPqg2j4Jo,Tea point,Aathupalam,Coimbatore,10.975707,76.962126,Bakery & Desserts,Not disclosed,4.7,11,1,2.4849066497880004,168.0,2.1022999525706227,3.258096538021482,0,0,0,0,0,0,0,0,0,0,0,0,0,0,0,0,0,0,1,1,1,0,0
ChIJsZsPuy1bqDsRYoyw4jqA6xI,Chai Mama,Perur,Kovaipudur,10.953143,76.931153,Cafe & Beverages,Budget,4.4,380,1,5.942799375126701,106.75,5.670298988912801,3.5263605246161616,0,1,0,1,0,0,1,1,1,0,0,0,1,1,1,0,0,1,0,1,1,0,0
ChIJKc4BcgBbqDsRr9qL-BHwlzY,Surya Tea - Sundarapuram,Sundarapuram,Kurichi,10.955876,76.972808,Cafe & Beverages,Mid,4.9,13,1,2.639057329615259,87.0,4.48237417035213,4.477336814478207,0,0,0,0,0,0,1,0,0,0,0,0,1,1,0,0,0,1,0,0,0,0,0
ChIJPW5wbjFaqDsRonRaHcxySJ8,Seven hills Teashop,Machampalayam,Coimbatore,10.933847,76.980545,Cafe & Beverages,Budget,4.1,335,0,5.817111159963204,126.0,7.071331979951245,2.9444389791664403,0,0,0,0,0,0,1,1,0,0,0,0,1,0,1,0,0,1,0,1,1,0,0
ChIJG0nkVBJbqDsR1uo0E2VNFr8,TEA BOY PODANUR,Zam Zam Nagar,Coimbatore,10.968553,76.976069,Cafe & Beverages,Not disclosed,4.2,22,1,3.1354942159291497,168.0,3.309459525444091,3.6888794541139363,1,0,0,0,0,0,0,0,0,0,0,0,0,0,0,0,0,0,1,1,1,0,0
ChIJ7ce_2XZbqDsRYThkYoiDPVg,SULAIMAN HOTEL,Brindhavan Circle,Kuniyamuthur,10.966324,76.949499,Fast food & Quick bites,Not disclosed,4.4,24,1,3.2188758248682006,87.0,3.4019604652559003,3.8918202981106265,1,0,0,1,0,0,0,0,0,0,0,0,0,0,0,0,0,0,0,0,0,0,0
ChIJN8Nl5FxZqDsR8BFIOyKrlN4,The Maple Waffle,Town Hall,Coimbatore,10.994354,76.963276,Bakery & Desserts,Not disclosed,4.9,67,1,4.219507705176107,105.0,0.2065918356266463,5.117993812416755,1,1,0,1,0,0,1,0,1,0,0,0,0,0,0,0,0,1,1,0,1,1,0
ChIJ2XXLNKRZqDsRlj6OunzdWis,Arun Ice Creams,Gopalapuram,Coimbatore,11.000251,76.971255,Bakery & Desserts,Not disclosed,4.1,24,0,3.2188758248682006,80.5,1.2457825779954301,4.77912349311153,0,1,0,1,0,0,0,0,0,0,0,0,0,0,0,0,0,0,0,0,1,1,0
ChIJP_mtTdtZqDsRDNvpmkL_pEY,Happy Ending Icecreams & Desserts Papanaickenpalayam,Lakshmi Mills Colony,Coimbatore,11.016044,76.978712,Bakery & Desserts,Not disclosed,4.7,299,1,5.703782474656201,84.0,3.042412577475837,3.912023005428146,1,1,0,0,0,1,0,0,0,1,0,0,0,0,0,0,0,0,0,0,1,0,0
ChIJ833hbhr3qDsRvLimC0fVxNY,1 TWO 3 Dessert Cart,Viswanathapuram,Thudiyalur,11.07534,76.941916,Multi-cuisine / General,Budget,4.7,47,1,3.8712010109078907,87.0,9.2262749273592,4.2626798770413155,1,0,0,1,0,0,1,0,0,0,0,0,1,1,0,0,1,0,0,0,0,0,0
ChIJW3PqYob3qDsRh4sb-Z-5fb8,Grillick Cafe,K. Vadamadurai,Kurudampalayam,11.089624,76.938426,Cafe & Beverages,Not disclosed,4.8,17,1,2.8903717578961645,77.0,10.859596883718801,3.4011973816621555,1,0,0,0,0,0,0,0,0,0,0,0,0,0,0,0,0,0,0,0,1,0,0
ChIJ60bW2Nn3qDsRyTMpsqv0hnc,Coffee and Bite,Subramaniapalayam,Coimbatore,11.060927,76.924066,Cafe & Beverages,Mid,4.7,28,1,3.367295829986474,105.0,8.425977382545792,0.6931471805599453,1,0,0,1,0,0,1,0,1,0,0,0,1,1,0,0,0,0,0,0,1,0,0
ChIJ88YlRgD3qDsRSgtIup0soTo,Meltza,TNP Nagar,Coimbatore,11.081322,76.944364,Cafe & Beverages,Not disclosed,4.9,18,1,2.9444389791664403,40.25,9.82065372493707,3.8501476017100584,1,0,0,0,0,0,0,0,0,0,0,0,0,0,0,0,0,0,0,0,1,0,0
ChIJacHFJVH3qDsRq1I7299de2I,Chai coffee and cafe CLUB / wowffle CLUB,Mullai Nagar,Coimbatore,11.078042,76.932311,Cafe & Beverages,Budget,4.3,54,1,4.007333185232471,115.5,9.806439669176378,2.70805020110221,1,0,0,1,0,0,1,0,1,0,1,1,1,1,0,0,0,1,0,1,1,0,0
ChIJg2MzM3H3qDsR3php3dGzpBA,Velan Kaappi Thudiyalur,VKL Nagar,Coimbatore,11.068383,76.943092,Cafe & Beverages,Budget,4.0,66,0,4.204692619390966,115.5,8.444111859124387,3.970291913552122,1,1,0,1,0,0,1,0,1,0,0,0,1,1,0,0,0,0,0,1,1,0,0
ChIJBYRTDUpZqDsR2x2Q1h6P2qU,SHANKARAAS CAFE,Coimbatore,Coimbatore,11.054655,76.945808,Cafe & Beverages,Not disclosed,4.2,1369,1,7.222566018822171,119.0,6.891236026604628,3.4657359027997265,1,1,0,1,0,1,1,0,0,1,0,0,0,0,0,0,0,0,0,1,1,0,0
ChIJP8Xgly73qDsRqd8-g4gnGDs,kaappi ready,Cheran Colony,Thudiyalur,11.078537,76.941842,Cafe & Beverages,Budget,4.0,55,0,4.02535169073515,136.5,9.57433971331357,3.970291913552122,1,0,0,0,0,0,1,0,1,0,1,0,1,1,1,1,1,1,1,1,1,0,0
ChIJ3VOmFAD3qDsRCQTo6pGaKpY,Leafy lush cafe,K. Vadamadurai,Kurudampalayam,11.08484,76.933666,Cafe & Beverages,Not disclosed,4.6,11,1,2.4849066497880004,78.0,10.480809288320893,3.1354942159291497,1,0,0,1,0,0,0,0,0,0,0,0,0,0,0,0,0,0,0,0,1,0,0
ChIJUyxBKTn3qDsRKb4-klJ2xzs,Kaaveri cafe,Angaalammanpuram,Narasimhanaickenpalayam,11.119017,76.935462,Multi-cuisine / General,Budget,4.1,841,0,6.7357800142423265,98.0,14.121153438363185,3.4011973816621555,1,0,0,1,0,0,1,1,1,0,1,0,1,1,0,0,1,1,0,0,1,0,1
ChIJrQWQ_Ib3qDsRoK9fvkBVWvg,La Cuppa Coffee,PO,Coimbatore,11.067538,76.938595,Cafe & Beverages,Not disclosed,5.0,15,1,2.772588722239781,54.0,8.483655046914434,3.8712010109078907,1,1,0,1,0,0,1,0,0,0,0,0,0,0,0,0,0,0,0,0,1,0,0
ChIJQyMsnJr3qDsR_FYQizr_LzE,French Waffle Factory,Rukkamal colony,Coimbatore,11.074564,76.941839,Multi-cuisine / General,Not disclosed,4.9,49,1,3.912023005428146,41.0,9.144291357621798,4.2626798770413155,1,1,0,1,0,0,0,0,0,0,0,0,0,0,0,0,0,0,0,0,1,0,0
ChIJAWjszQxZqDsREHhqEfJUlZE,Hotel Ganesh Bhavan,Kempatty Colony,Coimbatore,10.991505,76.956484,Multi-cuisine / General,Budget,4.3,592,1,6.385194398997726,110.25,0.6374806452343402,5.159055299214529,0,0,0,1,0,0,1,1,0,0,0,0,1,0,0,0,0,0,0,1,1,0,0
ChIJw9eoEABZqDsRcS27BPScGjc,Periyanayagi Hotel,Old City,Coimbatore,10.992044,76.9517,Multi-cuisine / General,Not disclosed,4.0,100,0,4.61512051684126,84.0,1.0962805170478798,4.875197323201151,0,0,0,1,0,0,0,0,0,0,0,0,0,0,0,0,0,0,0,0,1,0,0
ChIJMXDg5wlZqDsRGzWQLjwtttU,Greenland Tea Stall,Town Hall,Coimbatore,10.998513,76.963552,Cafe & Beverages,Not disclosed,4.3,38,1,3.6635616461296463,87.5,0.49446331813675276,5.10594547390058,1,0,0,0,0,0,1,0,0,0,0,0,0,0,0,0,0,0,0,1,1,0,0
ChIJvcAlpilZqDsR5SiFR76b77U,Tekup Coimbature,Town Hall,Coimbatore,10.992726,76.953192,Cafe & Beverages,Not disclosed,4.8,10,1,2.3978952727983707,98.0,0.9198520761239166,5.093750200806762,1,1,0,1,0,0,0,0,0,0,0,0,0,0,0,0,0,0,0,1,1,0,0
ChIJ9cYS94VZqDsR67XovEJeCII,Jodhpur tea stall,Ukkadam,Coimbatore,10.992236,76.95669,Cafe & Beverages,Not disclosed,4.1,22,0,3.1354942159291497,168.0,0.5774204906997937,5.181783550292085,0,0,0,0,0,0,0,0,0,0,0,0,0,0,0,0,0,0,1,1,1,0,0
ChIJqasshNZZqDsRrJHeR0ZrlxA,Aruna Tea coffee & snacks,Gopalapuram,Coimbatore,10.998832,76.968242,Cafe & Beverages,Not disclosed,4.3,29,1,3.4011973816621555,94.5,0.8827184103039294,4.812184355372417,1,0,0,0,0,0,1,0,1,0,0,0,0,0,0,0,1,0,0,1,1,0,0
ChIJBXSRJgBZqDsRsiFlliKNDnw,WeChai Cafe,Town Hall,Coimbatore,10.99095,76.950453,Cafe & Beverages,Budget,4.4,11,1,2.4849066497880004,87.0,1.2619617048903156,4.564348191467836,0,0,0,0,0,0,1,0,0,0,0,0,1,1,0,0,0,0,0,0,0,0,0
ChIJvXUU3XBZqDsRQxtlkNXMFdI,Tea Boy,Town Hall,Coimbatore,10.997983,76.958689,Cafe & Beverages,Not disclosed,4.4,17,1,2.8903717578961645,94.0,0.4786138399620784,5.1298987149230735,1,0,0,1,0,0,0,0,0,0,0,0,0,0,0,0,0,0,0,1,1,1,0
ChIJpQPp3OFZqDsRPdbDIb4OpxI,TEA TIME RAILWAY STATION,Gopalapuram,Coimbatore,10.997337,76.967883,Cafe & Beverages,Not disclosed,4.3,32,1,3.4965075614664802,87.0,0.7703117142605217,5.062595033026967,1,0,0,0,0,0,0,0,0,0,0,0,0,0,0,0,0,0,0,0,0,0,0
ChIJH4J8u9D3qDsRxhCS5h3FtR0,Momo Hub,Sreevatsa Garden,Coimbatore,11.066659,76.943302,North Indian & Global,Budget,4.8,160,1,5.081404364984463,33.0,8.252466416090419,4.02535169073515,1,0,0,1,0,0,1,0,0,0,0,0,1,1,0,0,0,1,0,0,1,0,0
ChIJm_SEipX3qDsRRPnkyOmdsts,Ayyanar hotel,TNP Nagar,Kurudampalayam,11.085365,76.944092,Multi-cuisine / General,Not disclosed,4.5,38,1,3.6635616461296463,68.25,10.267854721205492,3.7612001156935624,0,0,0,1,0,0,0,0,0,0,0,0,0,0,0,0,0,0,0,0,1,0,0
ChIJR43bIwD3qDsRarnejlvfnEw,SALEM RR BIRIYANI THUDIYALUR,Rakkipalayam,Kurudampalayam,11.096188,76.93845,Multi-cuisine / General,Not disclosed,3.5,247,0,5.5134287461649825,84.0,11.570413856591296,3.4339872044851463,1,0,0,1,0,1,1,0,0,1,0,0,0,0,0,0,0,0,0,0,1,0,0
ChIJhyKHgWr2qDsRFuGKTdRu4t4,Call For Cake,Thudiyalur,Thudiyalur,11.077934,76.941436,Bakery & Desserts,Premium,4.1,213,0,5.365976015021851,80.0,9.519033447234602,4.04305126783455,1,1,0,1,0,0,1,0,1,0,0,0,0,0,0,0,1,1,0,0,1,1,0
ChIJbSL-Q6r3qDsRNtaEsePO5MU,Hotel Shree Kandha,Thudiyalur,Thudiyalur,11.0782,76.941379,Vegetarian,Budget,3.7,1345,0,7.204892510204673,105.0,9.549249771950754,4.02535169073515,1,0,0,1,0,1,1,1,1,1,1,0,1,1,0,0,1,1,0,1,1,0,1
ChIJ6yvWHKzxqDsR_dUpZEYRGkI,Cake Masters,Thudiyalur,Thudiyalur,11.077037,76.941548,Bakery & Desserts,Not disclosed,4.8,235,1,5.4638318050256105,91.0,9.419148815364778,4.0943445622221,1,0,0,1,0,0,0,0,0,0,0,0,0,0,0,0,0,0,0,0,1,0,0
ChIJn2GN0iP3qDsRshAunxLDcp4,FB Cakes Thudiyalur,Sreevatsa Garden,Thudiyalur,11.069266,76.942945,Bakery & Desserts,Premium,4.5,273,1,5.6131281063880705,105.0,8.543307605500427,3.9318256327243257,1,1,0,1,0,1,1,0,1,1,0,0,0,0,0,0,1,1,0,0,1,0,0
ChIJB7sp4Uf3qDsRwQRqvCfc09g,Luscious Home Bakery,K. Vadamadurai,Coimbatore,11.098595,76.938728,Bakery & Desserts,Not disclosed,4.9,35,1,3.58351893845611,91.0,11.825468353248842,3.258096538021482,1,0,1,1,0,0,0,0,0,0,0,0,0,0,0,0,0,0,0,0,1,0,0
ChIJSbLjDz72qDsRHJiaHv_7ztg,Ragam Bakery,Cheran Colony,Thudiyalur,11.080121,76.942368,Bakery & Desserts,Not disclosed,4.0,1719,0,7.450079569807499,98.0,9.733705720835836,3.970291913552122,0,0,0,1,0,0,1,0,0,0,0,0,0,0,0,0,0,0,0,0,1,1,0
ChIJVfcK-iT2qDsR6drOa4_KJB8,BALU BAKES,Pallakattu Thottam,Coimbatore,11.06618,76.949186,Bakery & Desserts,Budget,4.1,224,0,5.41610040220442,126.0,8.070191237300655,3.6109179126442243,0,0,0,0,0,0,1,0,1,0,0,0,0,0,0,0,0,1,0,1,1,0,0
ChIJ8Qo4bD32qDsRY5xz8fQuKO4,City Cake Shop,VKL Nagar,Thudiyalur,11.070063,76.942384,Bakery & Desserts,Not disclosed,4.1,288,0,5.666426688112432,133.0,8.643952427164956,4.02535169073515,1,0,0,0,0,0,1,0,0,0,0,0,0,0,0,0,0,0,0,1,1,1,0
ChIJL_k6JSL2qDsRaFk2LUyp7Fo,Call for Cake,Sreevatsa Enclave,Coimbatore,11.063394,76.943249,Bakery & Desserts,Budget,4.3,599,1,6.396929655216146,83.0,7.901896494324473,3.7376696182833684,1,1,0,1,1,0,1,0,1,0,0,0,0,0,0,0,1,1,0,0,1,1,0
ChIJU7IN3xdZqDsRjWhbzsyisGI,Cuckoo Cakes (Sumi's Kitchen),K. Vadamadurai,Kurudampalayam,11.101482,76.924745,Bakery & Desserts,Premium,4.9,356,1,5.877735781779639,77.0,12.53991394801299,0.0,1,1,0,1,1,0,1,0,1,0,1,0,1,0,0,0,0,1,0,0,1,0,0
ChIJdYMfPAD3qDsRon5PDArKwwg,Milano Bakes,NGGO Colony,Kurudampalayam,11.090188,76.941399,Bakery & Desserts,Not disclosed,4.1,51,0,3.9512437185814275,119.0,10.850727681780095,3.1354942159291497,0,0,0,0,0,0,0,0,0,0,0,0,0,0,0,0,0,0,0,1,1,1,0
ChIJWWpyql33qDsRcpL1o0AJitM,The Donuts Cake Shop Mettupalayam Road,Sreevatsa Garden,Coimbatore,11.067405,76.943353,Multi-cuisine / General,Not disclosed,4.4,117,1,4.770684624465665,73.5,8.331712149468455,4.060443010546419,1,1,0,1,0,1,0,0,0,1,0,0,0,0,0,0,0,0,0,0,1,0,0
ChIJLVJByL_3qDsRLwkL7hVVPv4,Ragam Bakery,Fathima Nagar,Coimbatore,11.080265,76.963106,Bakery & Desserts,Budget,4.1,1153,0,7.050989447068045,98.0,9.52733288531527,1.6094379124341003,0,0,0,0,0,0,1,0,1,0,1,0,1,0,0,0,1,1,0,0,1,1,0
ChIJk3Oo3cL3qDsRxLmuQi2ZjaY,Milano bakes,TNP Nagar,Kurudampalayam,11.086059,76.944054,Bakery & Desserts,Not disclosed,4.5,62,1,4.143134726391533,87.0,10.344474398916542,3.713572066704308,1,0,0,1,0,0,1,0,0,0,0,0,0,0,0,0,0,0,0,0,0,1,0
ChIJ017c_D_2qDsRayszMKQjMXo,Saravana Bakery,Thudiyalur,Thudiyalur,11.07862,76.941447,Bakery & Desserts,Mid,3.7,116,0,4.762173934797756,168.0,9.593030777554487,4.007333185232471,0,0,0,0,0,0,1,0,1,0,0,0,0,0,0,0,0,0,1,1,1,0,0
ChIJ2385YIr2qDsRMdjBeW3tYJU,sastha bakery,K. Vadamadurai,Kurudampalayam,11.102601,76.938441,Multi-cuisine / General,Budget,4.1,568,0,6.343880434126331,168.0,12.26776511547232,3.1354942159291497,1,0,0,1,0,0,1,0,1,0,0,0,1,1,0,0,0,1,1,1,1,0,0
ChIJSd67UmP3qDsRALRp1XCn2jM,Friends Bakery,Teachers Colony,Kurudampalayam,11.096704,76.953477,Bakery & Desserts,Not disclosed,4.9,11,1,2.4849066497880004,119.0,11.38632599826967,1.0986122886681096,0,0,0,0,0,0,0,0,0,0,0,0,0,0,0,0,0,0,0,1,1,1,0
ChIJJz6aEVf3qDsR6J-q1oN5f0w,KFC,VKL Nagar,Coimbatore,11.068377,76.942922,Multi-cuisine / General,Not disclosed,4.3,2452,1,7.8050670442584895,84.0,8.447873633338524,3.9512437185814275,1,1,0,1,0,1,1,0,0,1,0,0,0,0,0,1,0,0,0,0,1,0,0
ChIJv7gDt3X3qDsRZscHm4g3Bwo,Chickoz,Thudiyalur,Coimbatore,11.075518,76.941701,Multi-cuisine / General,Not disclosed,5.0,10,1,2.3978952727983707,36.5,9.250960808587596,4.248495242049359,1,0,0,1,0,0,1,0,0,0,0,0,0,1,0,0,0,0,1,0,1,0,0
ChIJXzTl8lP3qDsRlOqL5Z3c8K4,Rani Fast Food,TNP Nagar,Thudiyalur,11.080811,76.943163,Fast food & Quick bites,Budget,5.0,22,1,3.1354942159291497,39.0,9.790669788006094,3.970291913552122,1,0,0,1,0,0,1,0,0,0,0,0,1,1,0,0,0,0,0,0,1,0,0
ChIJ4cZVAwD3qDsRq-BD4G1Pp4w,McDonald's,NGGO Colony,Coimbatore,11.087102,76.93853,Fast food & Quick bites,Not disclosed,4.4,263,1,5.575949103146316,91.0,10.58425839101036,3.6635616461296463,1,1,0,1,0,0,0,0,0,0,0,0,0,0,0,0,0,0,0,0,1,1,0
ChIJpbSzRv_3qDsRu9zmK7soOxw,Sri Sai Balu Mess,Gounder Mills,Coimbatore,11.059186,76.945448,Multi-cuisine / General,Budget,4.0,33,0,3.5263605246161616,105.0,7.389660659498398,3.5263605246161616,1,0,0,1,0,0,1,1,1,0,0,0,1,1,0,0,0,0,0,0,1,0,0
ChIJn40gl6zxqDsRNW3MamPXvTI,Guru Mess,Mathampalayam,Bilichi,11.197287,76.962533,South Indian & Regional,Budget,4.2,762,1,6.637258031284457,101.5,22.538105170655072,1.0986122886681096,1,0,0,1,0,0,1,1,1,0,1,0,1,1,0,0,0,0,0,1,1,0,1
ChIJifsoRLBZqDsROihb4Lv3QQ4,Nagerkovil Arya Bhavan KOUNDAMPALAYAM,Koundampalayam,Coimbatore,11.052022,76.946306,Vegetarian,Mid,4.1,2242,0,7.715569534520208,117.25,6.594136036722009,4.07753744390572,1,1,0,1,0,0,1,1,1,0,1,0,1,1,0,0,1,1,0,1,1,0,1
ChIJN-oj_Q9ZqDsRTtG8JUlXX1w,Ayyapa's Pearl vegetarian restaurant,Koundampalayam,Coimbatore,11.045648,76.94706,Vegetarian,Not disclosed,4.0,2380,0,7.7752758464868625,108.5,5.888104745720319,4.189654742026425,0,0,0,1,0,0,1,0,0,0,0,0,0,0,0,0,0,0,0,1,1,0,0
ChIJW2DlFFb3qDsRTq3t8lHHLx8,Lav's Tasty Bites,NGGO Colony,Kurudampalayam,11.091208,76.945074,Multi-cuisine / General,Not disclosed,4.9,17,1,2.8903717578961645,60.0,10.889080674042985,2.833213344056216,1,1,0,1,0,0,0,0,0,0,0,0,0,0,0,0,0,0,0,0,1,0,0
ChIJLbVjyWX3qDsRGgI5d6DiAxE,Chicken street,Vg hospital,Coimbatore,11.070023,76.942663,Multi-cuisine / General,Not disclosed,5.0,34,1,3.5553480614894135,54.0,8.63237075615039,4.02535169073515,1,0,0,1,0,0,0,0,0,0,0,0,0,0,0,0,0,0,1,1,1,0,0
ChIJxdW0LCD3qDsRXpRvBvZn1r4,Poothottam Restaurant,Chinnavedampatti,Coimbatore,11.057732,76.959984,South Indian & Regional,Not disclosed,4.0,527,0,6.269096283706261,84.0,7.021659073341414,1.9459101490553132,1,0,0,1,0,0,0,0,0,0,0,0,0,0,0,0,0,0,0,0,1,0,0
ChIJ9ZkHHen3qDsRyCO_YwPkyKM,Mickey's Kitchen,Subramaniapalayam,Coimbatore,11.063109,76.927266,Multi-cuisine / General,Not disclosed,4.5,97,1,4.584967478670572,82.0,8.480005837188738,1.3862943611198906,1,0,0,1,0,1,0,0,0,1,0,0,0,0,0,0,0,0,1,0,1,0,0
ChIJDYZC05P2qDsRtYg__EBEeoc,Sri Sakthi Chettinadu Hotel,Narasimhanaickenpalayam,Narasimhanaickenpalayam,11.11508,76.935904,South Indian & Regional,Budget,3.9,235,0,5.4638318050256105,84.0,13.682659121675462,3.367295829986474,1,0,0,1,0,0,1,1,0,0,0,0,1,1,0,0,0,1,0,0,1,0,0
ChIJoRgEMgBbqDsRQA7l-WHMfVc,PAROTTA EXPRESS,Saravanampatti,Coimbatore,11.083494,76.981411,Multi-cuisine / General,Not disclosed,4.3,50,1,3.9318256327243257,84.0,10.1229540651571,4.0943445622221,1,0,0,0,0,0,0,0,0,0,0,0,0,0,0,0,0,0,0,0,1,0,0
ChIJKeDsSktZqDsRsGq01ul7uPc,Syshah Mandhi,South Ukkadam,Coimbatore,10.989255,76.968988,Cafe & Beverages,Not disclosed,5.0,11,1,2.4849066497880004,81.5,1.0194428988404975,4.718498871295094,1,0,0,1,0,0,0,0,0,0,0,0,0,0,0,0,0,0,0,0,1,0,0
ChIJg8JRaMBZqDsROu23-D7HQZo,Fruizy | cafe zone,Kottaimedu,Coimbatore,10.989639,76.963354,Cafe & Beverages,Budget,4.8,51,1,3.9512437185814275,70.0,0.5914360144600446,4.976733742420574,1,1,0,1,0,0,1,0,0,0,0,0,1,1,0,0,0,1,1,0,1,0,0
ChIJt0ZHvR5ZqDsRZnA0WR-UtYs,ZFC Cafe,South Ukkadam,Coimbatore,10.982025,76.96502,Biryani & Non-veg,Budget,4.6,90,1,4.51085950651685,49.0,1.4530369962862193,4.007333185232471,1,0,0,1,0,0,1,1,1,0,0,0,1,1,0,0,0,1,0,0,1,0,0
ChIJXzyE-BNZqDsRJHjMHt8G9Hk,Kottaimedu Food Street,Ukkadam,Coimbatore,10.98964,76.963369,Multi-cuisine / General,Not disclosed,4.3,197,1,5.288267030694535,87.0,0.5919248418457901,4.976733742420574,0,0,0,0,0,0,1,0,0,0,0,0,0,0,0,0,0,0,0,0,0,0,0
ChIJdT_2_XRZqDsRaY7LlWRDJFM,Lucky cafe,Ukkadam,Coimbatore,10.98952,76.96336,Fast food & Quick bites,Not disclosed,4.4,60,1,4.110873864173311,82.5,0.6040283444952931,4.912654885736052,1,0,0,1,0,0,1,0,0,0,0,0,0,0,0,0,0,0,1,0,1,0,0
ChIJcVeJZBFZqDsRfk2nUlKCYdE,Bangalore Steaks,Ukkadam,Coimbatore,10.990068,76.963375,Multi-cuisine / General,Budget,4.8,123,1,4.820281565605037,63.0,0.5481112537495061,4.983606621708336,1,0,0,1,0,0,1,0,1,0,0,0,1,1,0,0,1,1,1,0,1,0,0
ChIJyztEA3VZqDsR7ZNiGq0TQyg,APN Beeda Shop,Ukkadam,Coimbatore,10.98949,76.961707,Cafe & Beverages,Not disclosed,4.9,14,1,2.70805020110221,77.0,0.5691933777218443,4.955827057601261,0,0,0,0,0,0,1,0,0,0,0,0,1,0,0,0,0,0,0,0,1,0,0
ChIJfcMM3DtZqDsRnM060RQIpYw,New Ambur Briyani Sadaam Huseen,Ukkadam,Coimbatore,10.991508,76.96559,Multi-cuisine / General,Not disclosed,4.5,54,1,4.007333185232471,87.0,0.5721751807215354,5.0238805208462765,0,0,0,0,0,0,0,0,0,0,0,0,0,0,0,0,0,0,0,0,0,0,0
ChIJOW4QaXVZqDsR43nMa18eaSU,Café Habibi,Ukkadam,Coimbatore,10.990012,76.96338,Multi-cuisine / General,Not disclosed,4.1,24,0,3.2188758248682006,105.0,0.5540543937354099,4.983606621708336,0,0,0,0,0,0,1,0,0,0,0,0,0,0,0,0,0,0,0,0,1,0,0
ChIJxbf6PbRZqDsR484sBfYMnMg,Hotel muhammadh,Ukkadam,Coimbatore,10.989776,76.963376,North Indian & Global,Not disclosed,3.1,133,0,4.897839799950911,168.0,0.5781451149179194,4.990432586778736,1,0,1,0,0,0,1,0,0,0,0,0,0,0,0,1,0,0,1,1,1,0,0
ChIJV8GjUnRZqDsRv5vSwM-W5lg,SAFAIRE BIRIYANI HOTEL,South Ukkadam,Coimbatore,10.989327,76.961507,Biryani & Non-veg,Premium,3.6,550,0,6.311734809152915,168.0,0.5864471639430379,4.948759890378168,0,0,0,1,0,0,1,1,1,1,1,0,1,1,0,0,1,1,1,1,1,0,0
ChIJuUB74nRZqDsRV63sfqyWTl0,Hotel Sindhurei,South Ukkadam,Coimbatore,10.989639,76.961428,South Indian & Regional,Budget,3.7,882,0,6.78332520060396,105.0,0.5516464977967668,4.962844630259907,0,0,0,1,0,0,1,1,1,0,1,0,1,1,0,0,1,1,0,1,1,0,1
ChIJZ76YcV9ZqDsRDFxxNLjSVa8,Boche Food Express,Gopalapuram,Coimbatore,10.994987,76.968159,Multi-cuisine / General,Not disclosed,3.9,742,0,6.610696044717759,168.0,0.7390250681432586,5.093750200806762,1,0,0,1,0,1,0,0,0,1,0,0,0,0,0,0,0,0,1,1,1,0,0
ChIJd9K_GJ1ZqDsRAAAAMB2acBw,Arabian Knight's,Ukkadam,Coimbatore,10.982093,76.966654,Multi-cuisine / General,Budget,4.5,22,1,3.1354942159291497,133.41666666666666,1.5043265690937098,3.912023005428146,0,0,0,1,0,0,1,1,1,0,0,0,1,1,0,0,1,1,1,1,1,0,0
ChIJuah-_xpXqDsRFdtgPRG8lfs,N.S. Bakery,Ukkadam,Coimbatore,10.990926,76.960684,Bakery & Desserts,Not disclosed,3.8,14,0,2.70805020110221,91.0,0.4159387609096597,5.0369526024136295,1,0,0,1,0,0,1,0,0,0,0,0,0,0,0,0,0,0,0,0,1,1,0
ChIJcz2ZGZ9ZqDsRuVvSY96Bkdg,GM BAKES,South Ukkadam,Coimbatore,10.989062,76.967359,Bakery & Desserts,Not disclosed,4.1,836,0,6.729824070489475,133.0,0.8957107269733282,4.77912349311153,0,0,0,1,0,0,1,0,0,0,0,0,0,0,0,0,0,0,0,1,1,0,0
ChIJxYkagjZZqDsRS69IqxiAsnQ,Aysha Puffs,Ukkadam,Coimbatore,10.991138,76.965399,Bakery & Desserts,Budget,4.4,280,1,5.638354669333745,112.0,0.5820069548349732,5.0106352940962555,1,0,0,0,0,0,1,0,1,0,0,0,1,0,0,0,0,1,1,1,1,0,0
ChIJufJ-_XRZqDsRjTGx1beqFfM,Priya Bakery,South Ukkadam,Coimbatore,10.989309,76.961395,Bakery & Desserts,Not disclosed,3.3,23,0,3.1780538303479458,133.0,0.5883326100241171,4.955827057601261,0,0,0,1,0,0,1,0,0,0,0,0,1,0,0,0,0,0,0,1,1,0,1
ChIJs3Jiu2FZqDsRJsSvlSMaRlg,Cheran Bakery,Ukkadam,Coimbatore,10.982137,76.967073,Cafe & Beverages,Budget,4.0,222,0,5.407171771460119,119.0,1.5178821303555958,3.828641396489095,0,0,0,1,0,0,1,1,0,0,0,0,1,0,0,0,0,0,0,1,1,0,0
ChIJp2mtbexZqDsRceZbmnbH7CQ,N S Bakery,South Ukkadam,Coimbatore,10.982053,76.965338,Bakery & Desserts,Not disclosed,4.2,93,1,4.543294782270004,77.0,1.4598823598163408,4.02535169073515,0,0,0,0,0,0,0,0,0,0,0,0,0,0,0,0,0,0,0,0,1,1,0
ChIJb1N143RZqDsRxUX8_We8mog,R.M. Biriyani Hotel,Ukkadam,Coimbatore,10.989874,76.961275,Fast food & Quick bites,Not disclosed,3.6,44,0,3.8066624897703196,127.5,0.5256843255934677,4.983606621708336,1,0,0,0,0,0,0,0,0,0,0,0,0,0,0,0,0,0,1,1,1,0,0
ChIJWQz09dVZqDsRVCYkDIITV50,Crunchy bites,Coimbatore,Coimbatore,10.98742,76.956975,Multi-cuisine / General,Not disclosed,5.0,23,1,3.1780538303479458,44.0,0.9331187969995937,4.727387818712341,1,0,0,1,0,0,0,0,0,0,0,0,0,0,0,0,0,0,1,1,1,0,0
ChIJM0dijDBZqDsRfHfYDwkUfYk,SIRAJ BIRIYANI HOTEL,Gopalapuram,Coimbatore,10.997206,76.967867,Biryani & Non-veg,Budget,3.0,31,0,3.4657359027997265,168.0,0.763057985427658,5.0689042022202315,0,0,0,1,0,0,1,1,1,0,0,0,1,1,0,0,0,0,1,1,1,0,0
ChIJSetdTABZqDsRXAV6tEVJwUI,Nila Biryani House,Fort,Coimbatore,10.989744,76.963004,Multi-cuisine / General,Budget,4.8,27,1,3.332204510175204,105.0,0.5676390719628528,4.983606621708336,1,0,0,1,0,0,0,0,0,0,0,0,0,0,0,0,0,0,1,0,1,0,0
ChIJywvB_hZZqDsRdIagRgeYu6Y,Hotel Food Park,Ukkadam,Coimbatore,10.990166,76.961053,South Indian & Regional,Budget,4.1,162,0,5.093750200806762,112.0,0.49449106671584614,4.997212273764115,0,0,0,1,0,1,1,1,1,1,1,0,1,1,0,0,1,0,1,0,1,0,0
ChIJOYszDxhZqDsRWMSCbul1i78,AK BHAVAN,Kallimadai,Coimbatore,10.996734,77.003474,South Indian & Regional,Not disclosed,4.0,73,0,4.304065093204169,112.0,4.598653316859996,4.276666119016055,1,0,0,0,0,0,0,0,0,0,0,0,0,0,0,0,0,0,0,1,1,0,0
ChIJbyHq17ZZqDsRZMIalmo-lo0,AROMA CORNER,Sowripalayam Pirivu,Coimbatore,10.998373,77.000301,Multi-cuisine / General,Not disclosed,4.4,34,1,3.5553480614894135,107.0,4.266846790335343,4.477336814478207,1,0,0,1,0,0,0,0,0,0,0,0,0,0,0,0,0,0,0,1,1,0,0
ChIJC6m-FgBZqDsRaNkmrJN0z-M,AMMA UNAVAGAM,Bharathi Nagar,Coimbatore,10.996986,76.993208,Multi-cuisine / General,Not disclosed,4.8,15,1,2.772588722239781,87.0,3.4820773510870975,4.804021044733257,0,0,0,0,0,0,0,0,0,0,0,0,0,0,0,0,0,0,0,0,0,1,0
ChIJv0kWow5YqDsR5x2AQyRNrFE,WooW Biriyani,Ganapathy,Coimbatore,11.036885,76.979071,Biryani & Non-veg,Not disclosed,3.7,373,0,5.924255797414532,79.0,5.0820878805645995,4.204692619390966,1,0,0,1,0,1,1,0,0,1,0,0,0,0,0,0,0,0,0,0,1,0,0
ChIJ09NYWgBZqDsRmzFyDOBtMnw,Hotel Gurunatha | Biriyani Centre,Ganapathy,Coimbatore,11.037684,76.981191,Multi-cuisine / General,Not disclosed,4.4,42,1,3.7612001156935624,154.0,5.255196111595988,4.174387269895637,0,0,0,0,0,0,0,0,0,0,0,0,0,0,0,0,0,0,0,1,1,0,0
ChIJWcySEaRZqDsRsIfIAnC6kAM,Covai ANGANAN Biriyani House,Ganapathy,Coimbatore,11.050826,76.990673,South Indian & Regional,Not disclosed,4.6,4498,1,8.411610428841172,84.0,7.021099645635942,4.174387269895637,1,1,0,1,0,0,0,0,0,0,0,0,0,0,0,0,0,0,0,0,1,1,0
ChIJmbeXZlxZqDsRyeaZo6DgCRs,Aryen Biryani,Ganapathy,Coimbatore,11.044509,76.985836,Biryani & Non-veg,Mid,3.9,1528,0,7.332369205929062,84.0,6.157237720968579,3.9318256327243257,0,0,0,1,0,1,1,1,1,1,0,0,1,1,0,0,1,1,0,0,1,0,0
ChIJOxr1x5VZqDsRbibgiLgwXt4,Thambi Biriyani,Ganapathy,Coimbatore,11.030619,76.975881,Biryani & Non-veg,Not disclosed,4.4,71,1,4.276666119016055,68.15,4.305722087780921,4.060443010546419,0,0,0,1,0,0,0,0,0,0,0,0,0,0,0,0,0,0,1,0,1,0,0
ChIJaST-AUNYqDsRiMQtk8eXi5k,HMA Ambur Star Biriyani,Ganapathy,Coimbatore,11.033825,76.978361,Biryani & Non-veg,Not disclosed,4.0,512,0,6.240275845170769,77.0,4.738229251273023,4.174387269895637,1,0,0,1,0,0,1,0,0,0,0,0,0,0,0,0,0,0,0,0,1,0,0
ChIJGVFJTiZZqDsRdtFxvbg0anE,Burma Biriyani Hotel,Ganapathy,Coimbatore,11.025321,76.973172,Multi-cuisine / General,Not disclosed,4.0,47,0,3.8712010109078907,87.0,3.649676603823413,4.418840607796598,1,0,0,1,0,0,0,0,0,0,0,0,0,0,0,0,0,0,0,0,0,0,0
ChIJsyQ8KP33qDsRZRq3E_n1sRg,Bismillah Thambiyannan Biriyani,Ganapathy,Coimbatore,11.052191,76.993176,Biryani & Non-veg,Budget,4.3,452,1,6.115892125483034,66.0,7.282648893089492,4.0943445622221,1,0,0,1,0,0,1,1,1,0,0,0,1,0,0,0,0,1,0,0,1,0,0
ChIJ15UeAQBZqDsRMp5HnTXvgzc,Coimbatore Biriyani House,Illango Nagar,Coimbatore,11.025462,76.986459,Multi-cuisine / General,Not disclosed,4.4,38,1,3.6635616461296463,110.25,4.388345120819847,3.6375861597263857,1,0,0,0,0,0,0,0,0,0,0,0,0,0,0,0,0,0,0,1,1,0,0
ChIJR4JwSwBZqDsRmVbt6G9bxCY,Central Biryani,Ganapathy,Coimbatore,11.05019,76.990133,Multi-cuisine / General,Budget,3.8,108,0,4.6913478822291435,79.5,6.931337647318101,4.174387269895637,1,0,0,0,0,0,1,1,1,0,0,0,1,1,0,0,1,1,0,0,1,1,0
ChIJETc2TVxZqDsRuUIooU5hFFo,Keelakkarai Briyani,Ram Nagar,Coimbatore,11.011793,76.962776,Multi-cuisine / General,Not disclosed,4.7,89,1,4.499809670330265,73.5,1.9176649171011202,5.37989735354046,1,0,0,1,0,0,0,0,0,0,0,0,0,0,0,0,0,0,0,0,1,0,0
ChIJdSHBQUlZqDsRV1AfyKGU7pU,Unlimited Hyderabad Briyani,Ganapathy,Coimbatore,11.039059,76.979739,Biryani & Non-veg,Not disclosed,2.7,39,0,3.6888794541139363,87.0,5.3334630359197455,4.1588830833596715,0,0,0,0,0,0,0,0,0,0,0,0,0,0,0,0,0,0,0,0,0,0,0
ChIJVSeQEgBZqDsRZW_E_PKx0Hs,Sree Aksshayam - Ganapathy,Ganapathy,Coimbatore,11.039197,76.980073,Multi-cuisine / General,Budget,3.2,55,0,4.02535169073515,87.0,5.361440666898397,4.110873864173311,0,1,0,0,0,0,1,0,1,1,0,0,1,1,0,0,0,0,0,0,0,0,0
ChIJJYf9JABZqDsRaN0LgnYbqmA,Lakshmi snacks,Ganapathy,Coimbatore,11.034969,76.978202,Multi-cuisine / General,Not disclosed,4.9,17,1,2.8903717578961645,91.0,4.84898851557521,4.189654742026425,0,0,0,0,0,0,1,0,0,0,0,0,1,1,0,0,0,0,0,0,1,0,0
ChIJe4InMbRZqDsRyTIrETRi16w,Street Arabiya Ganapathy,Ganapathy,Coimbatore,11.046854,76.987912,Multi-cuisine / General,Not disclosed,4.3,825,1,6.716594773520978,77.0,6.4910418586998055,3.8918202981106265,1,1,0,1,0,0,1,0,0,0,0,0,0,0,0,0,0,0,0,0,1,0,0
ChIJW-hezhJYqDsRPaeQE5zHzno,Annapoorna - Ganapathy,Bharathi Nagar,Coimbatore,11.046442,76.987988,Vegetarian,Mid,4.1,17699,0,9.78131991856192,115.5,6.453792306023584,3.8501476017100584,1,1,0,1,0,0,1,1,1,1,1,0,1,1,0,1,1,1,0,1,1,1,1
ChIJAXmoawBZqDsROs2qxAdMnYM,Appuchi Vilas,Ganapathy,Coimbatore,11.040253,76.981969,Multi-cuisine / General,Not disclosed,3.8,47,0,3.8712010109078907,107.0,5.550652312758953,4.0943445622221,0,0,0,0,0,0,0,0,0,0,0,0,0,0,0,0,0,0,1,1,1,0,0
ChIJAzkwnH9ZqDsRwO8qX68C2SI,Sree Annapoorna Sree Gowrishankar Hall,Ganapathy,Coimbatore,11.046436,76.988019,South Indian & Regional,Mid,3.9,99,0,4.605170185988092,101.5,6.454718624531557,3.8501476017100584,0,0,0,0,0,0,1,1,1,0,1,0,1,1,0,0,1,1,0,0,1,0,1
ChIJk_CYZgBZqDsRYgESQ5AXklg,Shree Anandhaas bakery @NH948,Ganapathy,Coimbatore,11.046409,76.987032,Bakery & Desserts,Not disclosed,3.5,15,0,2.772588722239781,98.0,6.4042521006961115,3.8501476017100584,1,1,0,0,0,0,0,0,0,0,0,0,0,0,0,0,0,0,0,0,1,0,0
ChIJN0Eih1pYqDsR3CSSj2ghj1Q,mint bakes,Ganapathy,Coimbatore,11.025654,76.973093,Bakery & Desserts,Not disclosed,3.9,474,0,6.163314804034641,126.0,3.681358508545907,4.3694478524670215,1,0,0,1,0,0,1,0,0,0,0,0,0,0,0,0,0,0,0,1,1,0,0
ChIJ5QT5LOlZqDsRk9UJFVPmDC4,FB Cakes,Ganapathy,Coimbatore,11.035192,76.978381,Bakery & Desserts,Mid,4.6,698,1,6.54965074223381,105.0,4.879339663929494,4.189654742026425,1,1,0,1,0,1,1,0,1,1,0,0,1,0,0,0,1,1,0,0,1,1,0
ChIJeZzXholZqDsRBKjFNJcl8j8,Call for cake,Bharathi Nagar,Coimbatore,11.042396,76.976653,Bakery & Desserts,Premium,4.7,143,1,4.969813299576001,80.5,5.5693152791124865,3.912023005428146,1,1,0,1,0,0,1,0,1,0,0,0,0,0,0,0,1,1,0,0,1,1,0
ChIJZ5dFsVRZqDsR3XGHrFzKIpI,Cake heist,Ganapathy,Coimbatore,11.025762,76.97056,Bakery & Desserts,Not disclosed,5.0,12,1,2.5649493574615367,119.5,3.6064123530650387,4.634728988229636,1,0,0,1,0,0,0,0,0,0,0,0,0,0,0,0,0,0,1,1,1,0,0
ChIJaYRPyHxYqDsRwtr_1X3Ssxs,City Bakery,Ganapathy,Coimbatore,11.047767,76.96846,Bakery & Desserts,Budget,4.0,367,0,5.908082938168931,168.0,5.961906420382284,2.3978952727983707,1,0,0,0,0,0,1,0,1,0,0,0,0,0,0,0,0,1,1,1,1,1,0
ChIJccqRLM1ZqDsRTMCmUbdEB1c,Saravana bakery,Ganapathy,Coimbatore,11.040513,76.977893,Bakery & Desserts,Not disclosed,4.0,68,0,4.23410650459726,87.0,5.413363342343353,4.110873864173311,1,0,0,0,0,0,0,0,0,0,0,0,0,0,0,0,0,0,0,0,0,0,0
ChIJw9kvHnVZqDsR0CEU_2CKjbQ,Happy Cakes,Ganapathy,Coimbatore,11.044896,76.984197,Bakery & Desserts,Not disclosed,4.9,125,1,4.836281906951478,72.0,6.121179451985425,4.04305126783455,1,0,0,1,0,0,0,0,0,0,0,0,0,0,0,0,0,0,0,0,1,0,0
ChIJPxsas0JYqDsRbuKMxPbLOb0,Dhyanalinga Bakery,Ganapathy,Coimbatore,11.035535,76.975938,Bakery & Desserts,Budget,4.1,566,0,6.340359303727752,136.5,4.820414666300568,4.174387269895637,0,0,0,0,0,0,1,0,1,0,0,0,1,0,0,0,0,0,0,1,1,0,0
ChIJIWLKSlJZqDsR-Xj_QPmHWcM,Miju Home Bakes,Ganapathy,Coimbatore,11.045646,76.978629,Bakery & Desserts,Not disclosed,5.0,17,1,2.8903717578961645,105.0,5.979440501598413,3.713572066704308,1,0,0,1,0,0,0,0,0,0,0,0,0,0,0,0,0,0,0,1,1,0,0
ChIJGa53VVtYqDsRviM5mtVqNIk,Royal Bakery,Ganapathy,Coimbatore,11.033538,76.97466,Bakery & Desserts,Budget,4.0,188,0,5.241747015059643,112.0,4.565195309360227,4.1588830833596715,0,0,0,1,0,0,1,0,1,0,0,0,0,0,0,0,0,0,0,1,1,0,0
ChIJRSh7n4BZqDsREhKzG3azkGc,Shree vigneshwara sweets and bakes,Ganapathy,Coimbatore,11.034241,76.96947,Bakery & Desserts,Not disclosed,4.8,246,1,5.5093883366279774,108.5,4.495021815236842,3.912023005428146,1,0,0,1,0,0,0,0,0,0,0,0,0,0,0,0,0,0,0,1,1,0,0
ChIJAUaW6l1YqDsROa0AlGPJKAM,Royal Cake Shop,Ganapathy,Coimbatore,11.034667,76.968814,Bakery & Desserts,Not disclosed,4.2,243,1,5.497168225293202,119.0,4.528139983557896,3.6635616461296463,1,0,0,1,0,0,0,0,0,0,0,0,0,0,0,0,0,0,0,1,1,0,0
ChIJn7NLPQBZqDsRBUyf7Qtws18,Manchester's Delight (Home Baking),Ganapathy,Coimbatore,11.044427,76.971059,Bakery & Desserts,Not disclosed,4.9,38,1,3.6635616461296463,119.0,5.639915366342116,2.5649493574615367,1,0,0,1,0,0,1,0,1,0,1,1,1,0,0,0,1,1,0,1,1,0,0
ChIJz9WBqENYqDsRT6iLNDEX80s,Palani Aandavar Bakery,Ganapathy,Coimbatore,11.031975,76.978993,Bakery & Desserts,Budget,4.0,44,0,3.8066624897703196,129.5,4.578083730965606,4.110873864173311,1,0,0,1,0,0,1,0,0,0,0,0,0,0,0,0,0,1,0,1,1,0,0
ChIJnV-NlrFZqDsRN7j9IOUMjC4,The Dessert Box,KK Nagar,Coimbatore,11.045812,76.992775,Bakery & Desserts,Premium,5.0,65,1,4.189654742026425,91.0,6.644852490085983,3.7612001156935624,1,0,0,1,0,0,1,0,1,0,0,0,1,0,0,0,0,1,0,0,1,0,0
ChIJh9LFRQBZqDsR88lGmXBysfo,Mr. Vaathees,Ganapathy,Coimbatore,11.030943,76.975914,Cafe & Beverages,Not disclosed,4.9,11,1,2.4849066497880004,90.0,4.340567207531389,4.110873864173311,1,0,0,1,0,0,0,0,0,0,0,0,0,0,0,0,0,0,0,1,1,0,0
ChIJsYHafGVZqDsR6LkDpqgSh98,Joe's Cafe,Ganapathy,Coimbatore,11.038159,76.979091,Cafe & Beverages,Not disclosed,4.8,132,1,4.890349128221754,84.0,5.214235557984854,4.204692619390966,1,1,0,1,0,0,0,0,0,0,0,0,0,0,0,0,0,0,0,0,1,0,0
ChIJewLG56BZqDsR-MdaC4aF0XM,After Dark - The Gaming Café,Ganapathy,Coimbatore,11.041812,76.984018,Cafe & Beverages,Mid,4.7,33,1,3.5263605246161616,91.0,5.801200852926731,4.127134385045092,1,1,0,1,1,1,1,1,1,1,1,0,1,1,0,0,1,1,1,0,1,0,0
ChIJh_KObgBZqDsRVynhA7tZvH4,CAFELO,Ganapathy,Coimbatore,11.048016,76.976497,Cafe & Beverages,Budget,5.0,10,1,2.3978952727983707,84.0,6.163909560582382,2.8903717578961645,1,0,0,0,0,0,1,0,1,1,1,1,1,1,1,0,0,1,0,0,1,0,0
ChIJlxG43PNZqDsRZR0MTOX-Vkk,THEE CAFE,Ganapathy,Coimbatore,11.038945,76.979617,Multi-cuisine / General,Budget,4.5,13,1,2.639057329615259,119.0,5.316721585043911,4.1588830833596715,1,0,0,1,0,0,1,1,0,0,0,0,1,1,0,0,0,1,0,1,1,0,0
ChIJb_gJPwBZqDsRc9IJhfvfhuI,Moonstone cakes & café,Bharathi Nagar,Coimbatore,11.046629,76.987422,Cafe & Beverages,Not disclosed,5.0,27,1,3.332204510175204,115.5,6.444910516500033,3.8501476017100584,1,0,0,0,0,0,1,0,0,0,0,0,0,0,0,0,0,0,0,1,1,0,0
ChIJ853rtMBZqDsRQGPPPMCahCg,The Donuts,Ramasamy Nagar,Coimbatore,10.99814,76.988471,Bakery & Desserts,Budget,4.0,128,0,4.859812404361672,87.5,2.980992212819065,4.653960350157523,1,1,0,1,0,1,1,0,1,1,0,0,0,0,0,0,1,1,0,0,1,1,0
ChIJ6S-2n5lZqDsRJZLIv4GRp2g,The Treat Factory (Cloud Kitchen),Sreepathy Nagar,Coimbatore,10.988949,76.994948,Bakery & Desserts,Not disclosed,4.9,245,1,5.5053315359323625,48.0,3.715452437614428,3.9889840465642745,1,1,0,1,0,0,1,0,0,0,0,0,0,0,0,0,0,0,0,0,1,0,0
ChIJ2yo0qIlZqDsRxxKSjx7jGts,FB Cakes,T Nagar,Coimbatore,10.996909,77.001035,Bakery & Desserts,Premium,4.7,868,1,6.767343125265392,105.0,4.333912169308063,4.394449154672439,1,1,0,1,1,1,1,0,1,1,0,0,1,0,0,0,1,1,0,0,1,1,0
ChIJn3mokcJZqDsRfU8BTL2aLp8,divya bakery,Murugan Nagar,Ramanathapuram,10.994227,76.996774,Bakery & Desserts,Not disclosed,4.0,261,0,5.568344503761097,152.66666666666666,3.861437436929015,4.442651256490317,0,0,0,0,0,0,0,0,0,0,0,0,0,0,0,0,0,0,1,1,1,0,0
ChIJf20YC8NZqDsR1ll-Pcb4TUs,CakeBee - Your Favourite Bakery & Cake Shop,Sowripalayam Pirivu,Coimbatore,10.997405,76.99983,Bakery & Desserts,Budget,4.1,1083,0,6.988413181999592,100.0,4.206346539895874,4.51085950651685,1,1,0,1,0,0,1,0,1,0,0,0,1,0,0,0,1,1,0,0,1,1,0
ChIJk_mOycBZqDsRbgKU45dScuc,Cake Point,Rukmani Nagar,Coimbatore,10.997912,76.989025,Bakery & Desserts,Not disclosed,3.5,143,0,4.969813299576001,84.0,3.0377675881275525,4.653960350157523,1,0,0,1,0,0,1,0,0,0,0,0,0,0,0,0,0,0,0,0,1,1,0
ChIJY-FPuUFZqDsR8aV3nwiaGzs,Vichu moms homebakes,Olympus,Coimbatore,10.989639,76.993857,Bakery & Desserts,Premium,5.0,24,1,3.2188758248682006,115.5,3.5855291516349546,4.02535169073515,1,0,0,1,0,0,0,0,0,0,0,0,0,0,0,0,0,0,0,1,1,0,0
ChIJf2-zD69ZqDsRPJI_H1hMpz4,Ask Me Cakes,devar layout,Coimbatore,10.992774,76.998687,Bakery & Desserts,Not disclosed,4.9,35,1,3.58351893845611,84.0,4.075097801667115,4.394449154672439,1,0,1,1,1,0,1,0,1,0,0,0,0,0,0,0,0,1,0,0,1,0,0
ChIJUVCMtCNZqDsRokcyK-sHw_g,VMK BAKERY,Bharathi Nagar,Coimbatore,10.993258,76.997215,Bakery & Desserts,Not disclosed,3.9,609,0,6.413458957167357,119.0,3.912204995340379,4.3694478524670215,0,0,0,0,0,0,1,0,0,0,0,0,0,0,0,0,0,0,0,1,1,0,0
ChIJ-0ORQGFXqDsR5gbt7snZTpM,Sudhaa Iyengaar Bakers,Olympus,Coimbatore,10.997879,76.992635,Bakery & Desserts,Not disclosed,3.6,64,0,4.174387269895637,91.0,3.4288455551011134,4.762173934797756,1,0,0,1,0,0,1,0,0,0,0,0,0,0,0,0,0,0,0,0,1,0,0
ChIJWdoDPeZZqDsRdKKTpr7KhLw,Kovai Chips & Nellai Lala Sweets & Bakery,Ramanathapuram,Coimbatore,10.993106,76.99757,Bakery & Desserts,Budget,3.9,289,0,5.66988092298052,94.5,3.9516022902731125,4.382026634673881,0,0,0,1,0,0,1,0,0,0,0,0,0,0,0,0,1,1,0,0,1,0,1
ChIJW6bpkelZqDsRwXjTnsmlC5I,Balaji Bakery,Murugan Nagar,Coimbatore,10.991184,76.993744,Bakery & Desserts,Budget,3.9,375,0,5.929589143389895,119.0,3.550870760089356,4.31748811353631,0,0,0,0,0,0,1,0,0,0,0,0,1,0,0,0,0,0,0,1,1,0,0
ChIJ093aaC1ZqDsRqWGTExDNsMg,M.SIVAKUMAR,Ganapathy,Coimbatore,11.034227,76.974459,Fast food & Quick bites,Budget,4.5,11,1,2.4849066497880004,87.0,4.63112062918598,4.143134726391533,1,0,0,1,0,0,1,0,0,0,0,0,0,1,0,0,0,0,0,0,0,0,0
ChIJC-fQqU1ZqDsRHw80ZU2O5bo,Pandian fast food,Ganapathy,Coimbatore,11.032173,76.978941,Fast food & Quick bites,Budget,4.5,13,1,2.639057329615259,35.0,4.5957117075355995,4.127134385045092,0,0,0,0,0,0,1,0,0,0,0,0,1,1,0,0,0,0,0,0,1,0,0
ChIJs8e8BRhZqDsRd0hBuoaAIz4,THE DELICIOUS,Ganapathy,Coimbatore,11.037319,76.979886,Fast food & Quick bites,Budget,4.8,12,1,2.5649493574615367,77.0,5.160891421200793,4.219507705176107,0,1,0,0,0,0,1,0,1,0,0,0,1,1,1,0,0,0,0,0,1,0,0
ChIJSbc2RgFZqDsRW2nHIesS0Nc,Burger King,R.S. Puram,Coimbatore,11.008899,76.959699,Fast food & Quick bites,Not disclosed,4.4,2817,1,7.943782692458625,91.0,1.600779966694181,5.272999558563747,1,1,0,1,0,0,0,0,0,0,0,0,0,0,0,0,0,0,0,0,1,0,0
ChIJ-SrtSy1ZqDsRbD3yMdBezzE,Dream Chaat House,Ganapathy,Coimbatore,11.039189,76.979855,Fast food & Quick bites,Not disclosed,4.7,179,1,5.19295685089021,38.5,5.351616898032931,4.110873864173311,1,0,0,1,0,0,0,0,0,0,0,0,0,0,0,0,0,0,0,0,1,0,0
ChIJh4xz2lxYqDsRY8DIQ689SU0,Eshakkiamman Fast Food,Ganapathy,Coimbatore,11.033173,76.974978,Fast food & Quick bites,Not disclosed,4.1,37,0,3.6375861597263857,119.0,4.537937553689736,4.143134726391533,1,0,0,1,0,0,1,0,0,0,0,0,0,0,0,0,0,0,0,1,1,0,0
ChIJScWDUT9ZqDsRRIb29AW2P3U,Vivace Pizzeria,Saibaba Colony,Coimbatore,11.020667,76.951341,Fast food & Quick bites,Not disclosed,4.7,165,1,5.111987788356544,35.0,3.0994935499098912,5.030437921392435,1,1,0,1,0,0,0,0,0,0,0,0,0,0,0,0,0,0,0,0,1,0,0
ChIJSXa9RKhZqDsRs-iAnKYm2BA,Vikash Mithai Mandir,Saibaba Colony,Coimbatore,11.02539,76.939442,Bakery & Desserts,Not disclosed,4.3,525,1,6.26530121273771,85.0,4.179201874626053,5.030437921392435,1,0,0,1,0,1,1,0,0,0,0,0,0,0,0,0,0,0,0,0,1,0,0
ChIJta4FBpBZqDsR7xrvGpQ-hhY,"Shree Anandhaas Sweets and Snacks - Saibaba Colony, Coimbatore",Saibaba Colony,Coimbatore,11.025792,76.943664,Bakery & Desserts,Not disclosed,4.4,749,1,6.620073206530356,98.0,3.972060902148464,5.10594547390058,1,1,0,1,0,1,1,0,1,0,0,0,1,0,0,0,1,1,0,0,1,1,1
ChIJ1fSiZMZZqDsRTh4Me4b1r1o,Tummy Tunez,Kuppakonam Pudur,Coimbatore,11.027236,76.946093,Cafe & Beverages,Budget,4.8,46,1,3.8501476017100584,48.0,3.9950798067464777,4.955827057601261,1,1,0,0,0,0,1,1,1,0,1,1,1,1,0,0,1,1,0,0,1,0,0
ChIJ07S1rG1ZqDsRwSuqkDQDPDA,The Red Box - Saibaba Colony,Saibaba Colony,Coimbatore,11.026313,76.941714,North Indian & Global,Not disclosed,3.9,65,0,4.189654742026425,91.0,4.129386324559337,5.0369526024136295,1,1,0,1,0,1,0,0,0,1,0,0,0,0,0,0,0,0,1,0,1,0,0
ChIJPcp-wN1YqDsRA1iXoD9tl8Q,Hangout,Saibaba Colony,Coimbatore,11.02016,76.940126,Biryani & Non-veg,Mid,3.8,3249,0,8.086410275323782,84.0,3.670101617798963,4.990432586778736,1,0,0,1,0,1,1,1,1,1,1,0,1,1,1,0,1,1,1,0,1,0,0
ChIJPz1kryFZqDsRXhxteeWWOLQ,Mrs wongs kitchen,Saibaba Colony,Coimbatore,11.023303,76.946366,North Indian & Global,Not disclosed,4.5,47,1,3.8712010109078907,84.0,3.5887568386950073,5.056245805348308,0,0,0,1,0,0,0,0,0,0,0,0,0,0,0,0,0,0,0,0,1,0,0
ChIJkfjkTlpZqDsRWGm81KUhrpA,Roastyz Cafe,Kuppakonam Pudur,Coimbatore,11.028328,76.946562,Multi-cuisine / General,Mid,4.5,45,1,3.828641396489095,87.0,4.085126489169152,4.9344739331306915,1,0,0,0,0,0,1,1,1,0,0,0,1,1,0,0,0,1,0,0,0,0,0
ChIJgcWGGX1ZqDsRhmjJK4-1sNQ,Jade Dragon - Pan-Asian Cloud Kitchen,Jawahar Nagar,Coimbatore,11.02276,76.944223,Multi-cuisine / General,Not disclosed,4.5,15,1,2.772588722239781,45.0,3.6496268570650576,5.093750200806762,1,0,1,0,0,0,0,0,0,0,0,0,0,0,0,0,0,0,0,0,1,0,0
ChIJRf2mFrBZqDsRavb-gxvZvCk,ZION UNGAL CHOICE BIRIYANI,Puliakulam,Coimbatore,11.002645,76.994092,Biryani & Non-veg,Not disclosed,4.6,123,1,4.820281565605037,72.0,3.6788329687980252,4.624972813284271,0,0,0,1,0,0,1,0,0,0,0,0,0,0,0,0,0,0,1,0,1,0,0
ChIJnVxKR4ZZqDsRi4ImPmqs8sg,Gone Burger,Rukmani Nagar,Coimbatore,10.997912,76.989013,Multi-cuisine / General,Mid,3.8,23,0,3.1780538303479458,100.0,3.036467413370637,4.653960350157523,1,0,0,0,0,0,1,0,1,0,0,0,1,1,0,0,0,0,1,0,1,0,0
ChIJk8gmVItYqDsRB0LmwtF67Ys,Suki Fast food,Bharathi Nagar,Coimbatore,10.997013,76.994717,Fast food & Quick bites,Budget,4.2,25,1,3.258096538021482,66.0,3.6465523121357086,4.718498871295094,0,0,0,1,0,0,1,1,1,0,0,0,1,1,0,0,1,1,0,0,1,0,0
ChIJCazC7QlZqDsR3XIeL0b-AM4,SONAIYAAS RESTAURANT,Kallimadai,Coimbatore,10.996621,77.001965,Multi-cuisine / General,Not disclosed,4.1,45,0,3.828641396489095,94.5,4.4335143512104365,4.356708826689592,1,0,0,0,0,0,0,0,0,0,0,0,0,0,0,0,0,0,0,1,1,0,0
ChIJEX5ht9xZqDsRhQOLe6dlmdU,R K Mess,Sowripalayam Pirivu,Coimbatore,10.997667,76.999425,Multi-cuisine / General,Not disclosed,3.9,286,0,5.659482215759621,80.5,4.164544981705762,4.532599493153256,1,0,0,1,0,0,1,0,0,0,0,0,0,0,0,0,0,0,0,0,1,0,0
ChIJvTzWxCZaqDsRsSNn5lf3jDM,SRI TRUPTHI MESS,Podanur,Podanur,10.964727,76.987109,Vegetarian,Not disclosed,3.9,566,0,6.340359303727752,122.5,4.348521514650975,3.713572066704308,0,0,0,1,0,0,1,0,0,0,0,0,0,0,0,0,0,0,0,1,1,0,0
ChIJoyE3eXRZqDsRYuj08uApspM,Aatha mess,Sree Nagar,Coimbatore,10.993004,76.991946,South Indian & Regional,Budget,4.5,13,1,2.639057329615259,59.5,3.338945519053491,4.406719247264253,1,0,0,1,0,0,1,1,0,0,0,0,1,1,0,0,0,0,1,1,1,0,0
ChIJwXquPOZZqDsR49_QHMgiRSA,Sri Selvi Chettinad Mess,Sreepathy Nagar,Coimbatore,10.99012,76.999123,South Indian & Regional,Budget,3.7,70,0,4.2626798770413155,105.0,4.147670028688131,4.330733340286331,0,0,0,1,0,0,1,1,1,0,0,0,1,1,0,0,0,0,0,0,1,0,0
ChIJcYsoIc9ZqDsR1MN59sQucr0,R S Mess,Sungam,Coimbatore,10.99921,76.982848,Multi-cuisine / General,Not disclosed,4.6,12,1,2.5649493574615367,87.0,2.3965790441328894,4.406719247264253,1,0,0,1,0,0,0,0,0,0,0,0,0,0,0,0,0,0,0,0,0,0,0
ChIJdcFIXMtZqDsRUGAAGXJxocM,Anu mess,Siddhapudur,Coimbatore,11.016776,76.975048,Multi-cuisine / General,Budget,4.0,30,0,3.4339872044851463,87.0,2.880902171192826,4.442651256490317,0,0,0,0,0,0,1,1,0,0,0,0,1,1,0,0,0,0,0,0,0,0,0
ChIJCfko1g9ZqDsRt7LVOtcqdJo,Fivestar Garden,Thiruvalluvar Nagar,Nanjundapuram,11.068786,76.88803,Multi-cuisine / General,Not disclosed,4.0,1530,0,7.333676395657684,84.0,11.496507570325909,0.0,1,1,0,1,0,0,1,0,0,0,0,0,0,0,0,0,0,0,0,0,1,0,0
ChIJXY1Jou5ZqDsRVndf9FYWGcE,Akka Kadai,Coimbatore,Coimbatore,11.012771,76.996348,Biryani & Non-veg,Budget,4.8,208,1,5.342334251964811,110.25,4.3166710286403385,4.060443010546419,1,0,0,1,0,0,1,1,1,0,0,0,1,1,0,0,0,0,0,1,1,1,0
ChIJ4V4HdABXqDsR6DiRIQlWTps,Fiery Chicken,Hope College,Coimbatore,11.023671,77.01775,Biryani & Non-veg,Not disclosed,4.7,20,1,3.044522437723423,42.0,6.9482580088816,5.093750200806762,1,0,0,1,0,0,0,0,0,0,0,0,0,0,0,0,0,0,0,0,1,0,0
ChIJNTMqYiFZqDsRse7CaDuRubo,Manjappai Unavagam,Tatabad,Coimbatore,11.025675,76.972652,South Indian & Regional,Not disclosed,4.1,256,0,5.54907608489522,110.25,3.6671493322432984,4.430816798843313,0,1,0,1,0,0,0,0,0,0,0,0,0,0,0,0,0,0,0,1,1,0,0
ChIJY6iQoq5ZqDsRV_ud7GcLtJM,Denmarrk Drive Inn Restaurant (VOC),Gopalapuram,Coimbatore,11.005328,76.970033,Biryani & Non-veg,Not disclosed,4.3,7100,1,8.867990898182093,76.5,1.5201824568000213,4.709530201312334,0,0,0,1,0,0,1,0,0,0,0,0,0,0,0,0,0,0,1,0,1,0,0
ChIJeVgzyk1YqDsR7199BXyLfjw,Sri Krishna Tiffins,Lakshmi Mills Colony,Coimbatore,11.018755,76.978446,South Indian & Regional,Budget,4.4,3975,1,8.288031567776464,91.0,3.2673877475413886,3.8712010109078907,1,0,0,1,0,0,1,1,1,0,1,0,1,1,0,0,1,1,0,1,1,0,1
ChIJKSz5UapZqDsR_cKHzbU5vQs,Apex Garden Roof top Restaurant,Ram Nagar,Coimbatore,11.010469,76.966813,North Indian & Global,Not disclosed,3.8,39,0,3.6888794541139363,108.5,1.8608412567891899,5.099866427824199,0,0,0,1,0,0,1,0,0,0,0,0,0,0,0,0,0,0,1,0,1,0,0
ChIJhVbQ5pRZqDsRV2bl6OnI10M,Malli By The Living Room,Avarampalayam,Coimbatore,11.023509,76.987805,Multi-cuisine / General,Premium,4.4,1422,1,7.260522598089852,49.0,4.317354657753774,3.8501476017100584,1,1,0,1,0,1,1,1,1,1,1,1,1,1,0,1,1,1,0,0,1,0,0
ChIJX0BGpMJZqDsRXzRq1f2RCgU,Ice pops Coimbatore,Ganapathy,Coimbatore,11.034607,76.969786,Bakery & Desserts,Not disclosed,4.9,16,1,2.833213344056216,80.5,4.541762088132523,3.912023005428146,1,1,0,1,0,0,1,0,0,0,1,0,1,1,0,0,0,1,0,0,1,0,0
ChIJgRoxVQBZqDsRwXAI1gE1qXo,Broken Boys shawarma,Ramakrishnapuram,Coimbatore,11.048797,76.989301,North Indian & Global,Not disclosed,4.8,12,1,2.5649493574615367,35.0,6.752130582231609,4.143134726391533,0,0,1,0,0,0,0,0,0,0,0,0,0,0,0,0,0,0,0,0,1,0,0
ChIJGacBU_pZqDsRfmpW44Rrj3E,Amba Gelato,Ganapathy,Coimbatore,11.051604,76.999255,Bakery & Desserts,Not disclosed,4.8,74,1,4.31748811353631,84.0,7.566214187902103,3.9889840465642745,1,1,0,1,0,0,1,0,0,0,0,0,0,0,0,0,0,0,0,0,1,0,0
ChIJ1cF9pDVZqDsRLozdXi3Icak,STREET ARABIYA SAIBABA COLONY,Kuppakonam Pudur,Coimbatore,11.024998,76.939486,Fast food & Quick bites,Mid,4.4,2966,1,7.995306620290822,84.0,4.140793664442848,5.0369526024136295,1,1,0,1,1,0,1,1,1,1,1,0,1,1,1,1,1,1,0,0,1,0,0
ChIJuarq0GtYqDsR02Rh42SgKKo,shake N cream,Ganapathy,Coimbatore,11.0402,76.981897,Bakery & Desserts,Not disclosed,4.3,59,1,4.0943445622221,84.0,5.542086259852396,4.0943445622221,0,0,0,1,0,0,1,1,1,0,0,0,0,1,0,0,1,1,0,0,1,0,0
ChIJURfdafNXqDsRHQVEROvzF1k,Falooda Hut,Ganapathy,Coimbatore,11.040513,76.98229,Bakery & Desserts,Not disclosed,4.4,154,1,5.043425116919247,84.0,5.5912998878543725,4.060443010546419,1,0,0,1,0,0,0,0,0,0,0,0,0,0,0,0,0,0,0,0,1,0,0
ChIJgfxLk0xZqDsR_CeHfLgFExk,Madurai Famous jigarthanda,Ganapathy,Coimbatore,11.050071,76.989895,Bakery & Desserts,Not disclosed,4.8,255,1,5.545177444479562,90.5,6.907806190602059,4.1588830833596715,1,1,0,1,0,0,0,0,0,0,0,0,0,0,0,0,0,0,1,0,1,1,0
ChIJ21raSUtZqDsRT3KQQLgddkc,DArtisan Creme,Ganapathy,Coimbatore,11.026938,76.97117,Bakery & Desserts,Not disclosed,5.0,11,1,2.4849066497880004,36.0,3.7506118996198894,4.442651256490317,1,0,0,1,0,0,0,0,0,0,0,0,0,0,0,0,0,0,0,0,1,0,0
ChIJm5iCAMpZqDsRIjrO_hwOIE8,Amba Crunchy Corner,Ganapathy,Coimbatore,11.051599,76.999242,Fast food & Quick bites,Budget,4.7,80,1,4.394449154672439,73.5,7.564973706084151,3.9889840465642745,1,1,0,0,0,0,1,0,1,0,0,1,1,1,0,0,1,1,0,0,1,0,0
ChIJG3_wmcNZqDsRgDrqJJmjEhA,Arun ice cream,Ganapathy,Coimbatore,11.050069,76.98989,Bakery & Desserts,Not disclosed,5.0,17,1,2.8903717578961645,87.5,6.90736193600988,4.1588830833596715,1,0,0,0,0,0,1,0,0,0,0,0,0,1,0,0,0,1,0,0,1,1,0
ChIJpQ_ToGJZqDsRebupXaLN8bE,Mario juicy,Ganapathy,Coimbatore,11.040638,76.982009,Cafe & Beverages,Not disclosed,4.0,144,0,4.976733742420574,138.0,5.591585569952092,4.060443010546419,0,0,0,0,0,0,1,0,0,0,0,0,0,0,0,0,0,0,1,1,1,1,0
ChIJoTS6HgBZqDsR2Bl-esFXLxk,TEA SPOT,Ganapathy,Coimbatore,11.040547,76.989913,Cafe & Beverages,Not disclosed,4.3,18,1,2.9444389791664403,103.0,5.982271559952084,3.4965075614664802,1,0,0,1,0,0,0,0,0,0,0,0,0,0,0,0,0,0,0,1,1,0,0
ChIJxx5GyaRZqDsRtI8h-u5P7w0,Regal Tea Hub,Ganapathy,Coimbatore,11.057297,76.965228,Cafe & Beverages,Not disclosed,4.6,97,1,4.584967478670572,60.0,6.984096066431435,2.0794415416798357,1,0,0,1,0,0,1,0,1,0,0,0,0,0,0,0,1,1,0,0,1,0,0
ChIJFcrBJABZqDsRWLwdKKi6QX4,Sri Saravana’s ( A tea Temple ),Ganapathy,Coimbatore,11.045544,76.986204,Bakery & Desserts,Not disclosed,4.9,11,1,2.4849066497880004,112.0,6.278378154372643,3.8501476017100584,0,0,0,0,0,0,0,0,0,0,0,0,0,0,0,0,0,0,0,1,1,0,0
ChIJn7mPPABZqDsR1jQmqfNUaU0,BROWN FENING TEA,Peelmedu,Coimbatore,11.017146,76.987157,Multi-cuisine / General,Not disclosed,4.7,102,1,4.634728988229636,112.0,3.7668103577613357,4.219507705176107,1,0,0,1,0,0,0,0,0,0,0,0,0,0,0,0,0,0,0,1,1,1,0
ChIJ79oQKABZqDsR12RVWl7a7JU,Black Pekoe Tea,Ganapathy,Coimbatore,11.043671,76.991186,Bakery & Desserts,Budget,4.7,69,1,4.248495242049359,72.0,6.351514396201396,3.6375861597263857,1,0,0,0,0,0,1,0,0,0,0,0,1,0,0,0,0,1,0,0,1,1,0
ChIJY93TyStZqDsR0ARyYx0ru5A,Aboorva Vilas Coconut Milk Shop-அபூர்வ விலாஸ் தேங்காய் பால் கடை,Ganapathy,Coimbatore,11.029986,76.97526,Cafe & Beverages,Budget,4.3,646,1,6.472346294500901,115.5,4.215533220230172,4.04305126783455,1,0,0,1,0,0,1,0,0,0,0,0,1,1,0,0,0,1,0,1,1,0,0
ChIJNYTnYw1YqDsRCCErfCBNPOU,Balan Tea Stall,Ganapathy,Coimbatore,11.048638,76.989241,Bakery & Desserts,Not disclosed,4.2,18,1,2.9444389791664403,108.5,6.733398042661697,4.127134385045092,1,0,0,1,0,0,1,0,0,0,0,0,1,0,0,0,0,0,0,1,1,0,0
ChIJ9dO8k0tZqDsRj9aKB1nms2E,Balaji Hotel,Ganapathy,Coimbatore,11.031253,76.975256,Multi-cuisine / General,Not disclosed,4.1,17,0,2.8903717578961645,122.5,4.347174101796218,4.07753744390572,1,0,0,0,0,0,0,0,0,0,0,0,0,0,0,0,0,0,1,1,1,0,0
ChIJpYmTawBZqDsRl-9i8o4pkus,Gowmaaram Selvam Pure Vegetarian Canteen,Ganapathy,Coimbatore,11.042032,76.992882,Vegetarian,Not disclosed,4.5,281,1,5.641907070938114,68.25,6.294759891388537,3.367295829986474,0,0,0,1,0,0,0,0,0,0,0,0,0,0,0,0,0,0,0,1,1,0,0
ChIJAz7ZGUJYqDsR5K-AcAfmPBc,Jothy Iyer catering and Mess,Ganapathy,Coimbatore,11.035568,76.980889,Vegetarian,Not disclosed,4.1,151,0,5.0238805208462765,86.0,5.027599745386936,4.189654742026425,1,0,0,1,0,0,1,0,0,0,0,0,0,0,0,0,0,0,0,0,1,0,0
ChIJ15D5yHxYqDsRmWJrDKCnauo,AMMA UNAVAGAM,Ganapathy,Coimbatore,11.047445,76.968499,Vegetarian,Budget,4.1,233,0,5.455321115357702,53.0,5.926958783313283,2.3978952727983707,0,0,0,0,0,0,1,0,0,0,0,0,1,0,0,0,0,0,0,1,1,1,1
ChIJo1q2UgBZqDsRvJertw_RGaE,Hotel Aishwarya,Ganapathy,Coimbatore,11.032986,76.978868,Vegetarian,Not disclosed,4.6,29,1,3.4011973816621555,112.0,4.674790293830605,4.060443010546419,1,0,0,1,0,0,0,0,0,0,0,0,0,0,0,0,0,0,0,1,1,0,0
ChIJ11wrFWhZqDsRzRehQN4c9BU,Aadhibhavanam Hotel - Ganapathy,Ganapathy,Coimbatore,11.03598,76.978071,Multi-cuisine / General,Not disclosed,3.8,13,0,2.639057329615259,87.0,4.947962102669482,4.189654742026425,1,0,1,0,0,0,1,1,1,0,0,0,1,1,0,0,0,0,0,0,0,0,0
ChIJc5Isl1RXqDsRtAJK1NODPyk,Madras biriyani & cafe coimbatore,Hope College,Coimbatore,11.023208,77.021827,Multi-cuisine / General,Not disclosed,4.4,88,1,4.48863636973214,124.0,7.3225772436727485,5.0106352940962555,1,0,0,1,0,0,0,0,0,0,0,0,0,0,0,0,0,0,0,1,1,0,0
ChIJMQBvfgBXqDsRVHmOakxPzaw,Stonewall Bistro,Hope College,Coimbatore,11.026126,77.020083,Multi-cuisine / General,Mid,4.7,30,1,3.4339872044851463,91.0,7.301681852907812,5.0689042022202315,1,0,0,1,0,0,1,0,1,0,0,0,1,1,0,0,0,1,0,0,1,0,0
ChIJD4TsSYRXqDsRDsjmICiemIc,Hopes Restaurant,Balan Nagar,Coimbatore,11.022634,77.017823,Multi-cuisine / General,Not disclosed,4.4,37,1,3.6375861597263857,86.5,6.902485848655468,5.081404364984463,0,0,0,0,0,0,0,0,0,0,0,0,0,0,0,0,0,0,0,0,1,0,0
ChIJReb4bh5XqDsRYhMyDqdDPfg,New Booster Cafe,Hope College,Coimbatore,11.025151,77.0178,Multi-cuisine / General,Not disclosed,4.7,91,1,4.5217885770490405,84.0,7.031094827056664,5.10594547390058,1,0,0,1,0,1,0,0,0,1,0,0,0,0,0,0,0,0,0,0,1,0,0
ChIJwYAr3TxXqDsRw5QuQOAFNU0,THE GERMAN CAFE,Sitra,Coimbatore,11.03702,77.036416,North Indian & Global,Premium,4.6,693,1,6.542471960506805,112.0,9.44920817177129,3.8918202981106265,1,1,0,1,1,1,1,1,1,1,1,0,1,1,0,0,1,1,1,0,1,0,0
ChIJh7svFFFXqDsRA9kGCqWBh-E,"Pondy Bistro Cafe - Hopes, Coimbatore",Argus Nagar,Coimbatore,11.025588,77.017367,Cafe & Beverages,Budget,4.6,65,1,4.189654742026425,82.0,7.013494405206394,5.123963979403259,1,0,1,1,0,0,1,1,1,1,1,0,1,1,1,0,1,1,0,0,1,0,0
ChIJmXU746NXqDsReQxmSwJ-wJg,The Artist Cafe,Hope College,Coimbatore,11.027549,77.01734,Cafe & Beverages,Not disclosed,4.0,59,0,4.0943445622221,133.0,7.120611098861477,5.062595033026967,0,0,0,1,0,0,1,0,0,0,0,0,1,1,0,0,0,1,0,1,1,0,0
ChIJY_t8TQBXqDsRegzB3H1TH2c,The New Hopes Cafe,PKD Nagar,Coimbatore,11.025722,77.014982,Cafe & Beverages,Not disclosed,5.0,39,1,3.6888794541139363,105.0,6.795538559961385,5.1647859739235145,1,0,0,1,0,1,0,0,0,1,0,0,0,0,0,0,0,0,0,0,1,0,0
ChIJmSAeJABXqDsR_FohMW2nvNI,Kaappi 2.0 HOPES,Hopes,Coimbatore,11.026931,77.019153,Cafe & Beverages,Not disclosed,4.9,13,1,2.639057329615259,108.5,7.256720778985668,5.093750200806762,1,0,0,0,0,0,0,0,0,0,0,0,0,0,0,0,0,0,0,1,1,0,0
ChIJx3tpUwBXqDsRFkua99w2LyY,The Tasty Twist,Hope College,Coimbatore,11.024017,77.018079,Cafe & Beverages,Not disclosed,4.8,98,1,4.59511985013459,144.0,6.997962392417241,5.099866427824199,1,0,0,1,0,0,0,0,0,0,0,0,0,0,0,0,0,0,1,1,1,0,0
ChIJ1_y0HeNXqDsRiKSnawsJl3k,AKK Foods Tasty plates,peelamedu,Coimbatore,11.026469,77.019242,Cafe & Beverages,Budget,4.6,53,1,3.9889840465642745,91.0,7.239882035510806,5.10594547390058,1,0,1,0,0,0,1,0,1,0,1,0,1,1,0,0,1,1,0,0,1,0,0
ChIJ_9X3O9hXqDsRkpEMaFQSBLU,The spot for foodies (Coimbatore),east zone,Coimbatore,11.022004,77.017425,Fast food & Quick bites,Not disclosed,4.3,53,1,3.9889840465642745,112.0,6.832230775769991,5.056245805348308,1,0,0,1,0,0,0,0,0,0,0,0,0,0,0,0,0,0,1,0,1,0,0
ChIJ8b-ua5RXqDsRRQd-jQGN1Xs,Burger82,Hope College,Coimbatore,11.024515,77.021169,Fast food & Quick bites,Mid,4.8,490,1,6.19644412779452,84.0,7.322804679575198,5.043425116919247,1,1,0,1,0,0,1,0,0,0,0,0,1,1,1,0,1,1,0,0,1,0,0
ChIJyY3e7XJXqDsR3cSCsP5QfYI,Burger bro,Hope College,Coimbatore,11.025341,77.017561,Fast food & Quick bites,Not disclosed,4.2,49,1,3.912023005428146,86.0,7.018530089872022,5.111987788356544,1,0,0,1,0,0,1,0,1,0,0,0,1,1,0,0,0,1,1,0,1,0,0
ChIJM4H1ZeBXqDsR2goohrgJxa8,Krishna bakes and sweets,Hope College,Coimbatore,11.022991,77.017843,Bakery & Desserts,Not disclosed,3.3,42,0,3.7612001156935624,119.0,6.922443256276212,5.087596335232384,0,0,0,1,0,0,0,0,0,0,0,0,0,0,0,0,0,0,0,1,1,0,0
ChIJY8UTaoRXqDsRGbGELeIR02w,KOVAI BAKES,Hope College,Coimbatore,11.023463,77.01767,Bakery & Desserts,Not disclosed,4.5,10,1,2.3978952727983707,122.5,6.929789868219451,5.087596335232384,0,0,0,1,0,0,1,0,1,0,0,0,0,0,0,0,0,0,0,1,1,1,0
ChIJV2EJ-ChYqDsRceWXpm_pArk,CHOICE BAKERY,Hope College,Coimbatore,11.025892,77.019255,Bakery & Desserts,Not disclosed,3.7,20,0,3.044522437723423,126.0,7.209943459446171,5.099866427824199,1,0,0,1,0,0,0,0,0,0,0,0,0,0,0,0,0,0,0,1,1,0,0
ChIJcXjjnYVXqDsRMKey0THpMf8,SURIYA BAKERY,Hope College,Coimbatore,11.026138,77.018984,Bakery & Desserts,Budget,4.0,108,0,4.6913478822291435,147.0,7.197337056520886,5.111987788356544,1,0,0,1,0,0,1,0,1,0,0,0,0,0,0,0,0,0,1,1,1,0,0
ChIJZytgvoVXqDsRjxrQ0HagCEU,THE CAKE POINT,Hope College,Coimbatore,11.025474,77.016528,Bakery & Desserts,Not disclosed,3.8,89,0,4.499809670330265,84.0,6.927589400431354,5.111987788356544,1,0,0,1,0,0,0,0,0,0,0,0,0,0,0,0,0,0,0,0,1,1,0
ChIJBWu9gV5XqDsRwdQxZfaZuPE,La French Premium Bakers,Civil Aerodrome Post,Coimbatore,11.030523,77.027178,Bakery & Desserts,Not disclosed,5.0,46,1,3.8501476017100584,84.0,8.215885336510384,3.912023005428146,1,1,0,1,0,0,1,0,1,0,0,0,0,0,0,0,1,1,0,0,1,0,0
ChIJG9i7fZBXqDsRy_idWHandUE,SRI KRISHNA BAKERY,Dr.Jaganathan Nagar,Coimbatore,11.027905,77.02459,Bakery & Desserts,Not disclosed,4.1,184,0,5.220355825078325,119.0,7.8284138634892715,4.852030263919617,1,0,0,1,0,0,1,0,0,0,0,0,0,0,0,0,0,0,0,1,1,1,0
ChIJac3bc79XqDsR1aym1zY58Fo,Bawarchi Bucket Biryani Coimbatore,Hopes,Coimbatore,11.027684,77.017349,Multi-cuisine / General,Mid,3.9,303,0,5.717027701406222,105.0,7.129186704974818,5.056245805348308,1,0,1,1,0,0,1,1,1,0,0,0,1,1,0,0,1,1,1,1,1,0,0
ChIJwWOlRQ1XqDsRnqUkwShTbV4,3am Biryani - By ARK's Kitchen Coimbatore,Civil Aerodrome Post,Coimbatore,11.029494,77.017865,Fast food & Quick bites,Not disclosed,4.8,67,1,4.219507705176107,14.5,7.282678906567097,4.983606621708336,1,0,1,1,0,0,0,0,0,0,0,0,0,0,0,0,0,0,0,1,1,0,0
ChIJ8TEboIVXqDsRUvZYkd_YQXA,Salem Mess & Shree maha foods,Hope College,Coimbatore,11.025824,77.018976,Multi-cuisine / General,Not disclosed,3.5,52,0,3.970291913552122,87.0,7.179628161485064,5.10594547390058,0,0,0,0,0,0,1,0,0,0,0,0,0,0,0,0,0,0,0,0,0,0,0
ChIJM2RgdABXqDsRR_xVtfst3zw,Murungai Mess,Hope College,Coimbatore,11.02464,77.021274,Multi-cuisine / General,Premium,2.5,63,0,4.1588830833596715,72.5,7.339330692399239,5.030437921392435,1,0,0,0,0,0,1,0,1,0,0,0,1,1,0,0,0,0,0,0,1,0,0
ChIJbVa3GndZqDsROfjMERcDrvA,Mahalakshmi Juice Shop,Saibaba Colony,Coimbatore,11.025772,76.940815,Cafe & Beverages,Not disclosed,4.6,11,1,2.4849066497880004,87.0,4.130678149874242,5.043425116919247,1,0,0,1,0,0,1,0,0,0,0,0,0,1,0,0,0,0,0,0,0,0,0
ChIJSYOpJehYqDsRiSy6yXTsBlg,Dr.Karumbu,Saibaba Colony,Coimbatore,11.025458,76.946096,Cafe & Beverages,Not disclosed,4.5,584,1,6.371611847231857,84.0,3.8162480926398388,5.0106352940962555,1,0,0,1,0,0,1,0,0,0,0,0,0,0,0,0,0,0,0,0,1,0,0
ChIJyVDWI9tZqDsRdOeeQMUpOGM,SHAW GRILLS - COIMBATORE,Saibaba Colony,Coimbatore,11.034185,76.937225,Biryani & Non-veg,Mid,4.3,255,1,5.545177444479562,44.5,5.131943784941226,4.0943445622221,1,0,1,1,0,1,1,1,1,1,0,1,1,1,0,0,1,1,1,0,1,0,0
ChIJtTXQOuhYqDsRodvPZ0I63E0,Hotel Amma Samayal,Saibaba Colony,Coimbatore,11.025835,76.941993,South Indian & Regional,Not disclosed,3.5,22,0,3.1354942159291497,91.0,4.068153065403557,5.049856007249537,1,0,0,1,0,0,1,0,0,0,0,0,0,0,0,0,0,0,0,0,1,0,0
ChIJ1U5WMwBZqDsR60paLj3WuLE,SHAWS ARABIAN CAFE,Kuppakonam Pudur,Coimbatore,11.031271,76.945547,Biryani & Non-veg,Mid,4.5,37,1,3.6375861597263857,56.0,4.429563453942488,4.812184355372417,1,0,0,1,0,0,1,1,1,1,1,1,1,1,0,0,1,1,1,0,1,0,0
ChIJJeZ3oNlZqDsRR6cuS8lOG6Y,Varities of Dosa,Saibaba Colony,Coimbatore,11.023576,76.946365,Multi-cuisine / General,Budget,4.4,38,1,3.6635616461296463,47.0,3.6158296924083126,5.049856007249537,1,0,0,1,0,0,1,0,1,0,0,0,1,1,0,0,0,1,1,1,1,0,0
ChIJ4al-Cn1ZqDsRzEzm-JNoZVU,THAIMADI UNAVU,Kuppakonam Pudur,Coimbatore,11.02651,76.944019,South Indian & Regional,Not disclosed,4.6,64,1,4.174387269895637,56.5,4.023547430257457,5.093750200806762,1,0,0,1,0,0,0,0,0,0,0,0,0,0,0,0,0,0,0,1,1,0,0
ChIJjUrtk8ZZqDsRR2eVvY5Oec4,Guru’s Adupadi,Kuppakonam Pudur,Coimbatore,11.032133,76.938329,Vegetarian,Budget,4.0,404,0,6.003887067106539,105.0,4.874311262406899,4.59511985013459,1,0,0,1,0,0,1,1,1,1,1,0,1,1,0,0,1,1,0,1,1,0,1
ChIJYxQqejpfqDsRa3zPYpZFGME,Fresh And Ground Coffee Day,Marutha Nagar,Coimbatore,11.025809,76.906336,Cafe & Beverages,Not disclosed,3.9,17,0,2.8903717578961645,71.5,6.9400711837598195,4.418840607796598,0,0,0,0,0,0,1,0,0,0,0,0,0,0,0,0,0,0,0,0,1,0,0
ChIJuweGMgBfqDsR1JKI-MGwUgg,Chai & Chai,Raj Avenue,Coimbatore,11.029586,76.893842,Cafe & Beverages,Not disclosed,4.1,18,0,2.9444389791664403,87.0,8.337078574319943,3.9512437185814275,0,0,0,0,0,0,0,0,0,0,0,0,0,0,0,0,0,0,0,0,0,1,0
ChIJ_3pwgYVfqDsRqc4koIbbfVM,Bubble Tea MR Fb,Om Ganesh Nagar,Coimbatore,11.024424,76.90663,Cafe & Beverages,Not disclosed,4.4,78,1,4.3694478524670215,91.0,6.8362926127321435,4.418840607796598,1,0,0,1,0,0,0,0,0,0,0,0,0,0,0,0,0,0,0,0,1,0,0
ChIJl-UBCxpfqDsRW_dRaAYKa0Y,Tea Boy Vadavalli,Marutha Nagar,Coimbatore,11.024778,76.906325,Cafe & Beverages,Not disclosed,4.4,21,1,3.091042453358316,101.5,6.884519641975587,4.442651256490317,1,0,0,1,0,0,1,0,0,0,0,0,0,0,0,0,0,1,0,1,1,0,0
ChIJX8D8OS1fqDsRc5SvD5BIXsk,N.V.R. Tea & Coffee,Anantha Nagar,Coimbatore,11.018193,76.908128,Cafe & Beverages,Not disclosed,4.4,16,1,2.833213344056216,63.0,6.379037097581701,3.970291913552122,1,0,0,1,0,0,1,0,0,0,0,0,1,1,0,0,0,1,0,1,1,0,1
ChIJRdHM5uhfqDsR71Osf07N5Ws,Tea Time (kalveerampalayam),Kalveerampalayam,Coimbatore,11.031938,76.888418,Cafe & Beverages,Not disclosed,5.0,13,1,2.639057329615259,102.0,8.98281113453584,3.295836866004329,0,0,0,1,0,0,0,0,0,0,0,0,0,0,0,0,0,0,0,1,1,1,0
ChIJCQwplzJWqDsRJKxVmSzAtkc,Saratha's (Aahaaram) Pure veg restaurant,Rangasamy Gounden Pudur,Coimbatore,11.050277,77.058417,South Indian & Regional,Budget,3.7,3430,0,8.14060704285845,106.75,12.265843726043537,3.4011973816621555,1,0,0,1,0,0,1,1,1,0,1,0,1,1,0,0,1,1,0,1,1,0,0
ChIJpZH-JzRXqDsRLnriO2RZ-FY,Haribhavanam Sitra,Civil Aerodrome Post,Coimbatore,11.040346,77.040941,South Indian & Regional,Not disclosed,4.6,6949,1,8.846496938558838,82.25,10.062003017558624,4.0943445622221,1,1,0,1,0,1,1,0,0,1,0,0,0,0,0,1,0,0,0,0,1,0,0
ChIJrZiqiCFZqDsRg2PIpBeHnZ4,ARS Variety Rice,Rukmani Nagar,Coimbatore,10.99779,76.987876,Multi-cuisine / General,Not disclosed,4.3,24,1,3.2188758248682006,87.0,2.911631950305385,4.6443908991413725,1,0,0,1,0,0,0,0,0,0,0,0,0,0,0,0,0,0,0,0,0,0,0
ChIJzw8sGwBZqDsRMUZQgYL6zAE,Zamindar Kitchen,Junction,Coimbatore,10.998314,76.987978,Multi-cuisine / General,Mid,4.4,232,1,5.4510384535657,84.0,2.930322706636395,4.6443908991413725,1,1,0,1,0,1,1,1,1,1,1,1,1,1,0,0,1,1,0,0,1,0,0
ChIJ-biSseVZqDsRaW297b_9ZjY,Diner's Park,Parsn Sesh Nestle Campus,Coimbatore,10.985666,77.001223,Biryani & Non-veg,Not disclosed,4.1,243,0,5.497168225293202,52.5,4.458973991452692,2.995732273553991,0,1,0,1,0,0,0,0,0,0,0,0,0,0,0,0,0,0,0,0,1,0,0
ChIJj7dpJcpZqDsRoQsrfdY74yQ,G1 Tea Stall,Ukkadam,Coimbatore,10.98868,76.962164,Cafe & Beverages,Not disclosed,4.4,11,1,2.4849066497880004,87.0,0.6635354176995845,4.8283137373023015,1,0,0,1,0,0,1,0,0,0,0,0,1,0,0,0,0,0,0,0,0,0,0
ChIJJQCbuQdZqDsRgQqzgrCFh2I,MS FAMILY RESTAURANT,Tatabad,Coimbatore,11.020653,76.962866,Multi-cuisine / General,Premium,4.7,19,1,2.995732273553991,87.0,2.901377178939142,5.272999558563747,1,0,0,1,0,0,1,0,0,0,0,0,1,1,0,0,0,1,0,0,0,0,0
ChIJKWJ6lBhZqDsRU15aAah-hyE,Old School Tea Kovai,Shanmuga Nagar,Coimbatore,10.990193,76.972494,Cafe & Beverages,Not disclosed,3.9,40,0,3.713572066704308,87.5,1.306356363997274,4.174387269895637,1,0,0,1,0,0,0,0,0,0,0,0,0,0,0,0,0,0,0,0,1,0,0
ChIJeZ9aySBZqDsRwtmVCBA2GXk,Sultaan Kabab Corner,Ukkadam,Coimbatore,10.98973,76.963367,Biryani & Non-veg,Not disclosed,4.1,197,0,5.288267030694535,42.0,0.5825311189542042,4.990432586778736,0,0,0,1,0,0,1,0,0,0,0,0,0,0,0,0,0,0,0,0,1,0,0
ChIJoeBSIzZZqDsRxb1myBIL3x8,Abraar - Kebab & Juices,Kottaimedu,Coimbatore,10.98973,76.963368,Biryani & Non-veg,Not disclosed,4.4,193,1,5.267858159063328,91.0,0.5825713597712106,4.990432586778736,0,0,0,1,0,0,1,0,0,0,0,0,0,0,0,0,0,0,0,0,1,0,0
ChIJ3wF6Qx1ZqDsRNItGtaY9_YY,Bold Buffalo,KOTTAIMEDU,Coimbatore,10.989446,76.963514,Multi-cuisine / General,Budget,4.2,56,1,4.04305126783455,49.0,0.6178100344031047,4.890349128221754,1,0,0,1,0,0,1,1,1,0,0,0,1,1,0,0,0,1,1,0,1,0,0
ChIJiXcCfDhZqDsRvb63gc6Wcko,Malai star kebab ukkadam,Town Hall,Coimbatore,10.986426,76.954529,Multi-cuisine / General,Not disclosed,5.0,55,1,4.02535169073515,84.0,1.1783986717696628,4.330733340286331,1,0,0,1,0,0,0,0,0,0,0,0,0,0,0,0,0,0,1,0,1,0,0
ChIJ92aHtKJZqDsRGYSjNLvOR24,Sri Velan Chettinad mess,T Nagar,Coimbatore,10.996855,76.999663,Multi-cuisine / General,Not disclosed,4.3,11,1,2.4849066497880004,87.0,4.18406219993426,4.477336814478207,0,0,0,1,0,0,1,0,1,0,0,0,0,0,0,0,0,0,0,0,0,0,0
ChIJa_iP66pZqDsRKmYwzPOSwmo,Shree Anandhaas | Ram Nagar,Ram Nagar,Coimbatore,11.012181,76.96591,Bakery & Desserts,Not disclosed,4.3,7272,1,8.89192414015454,108.5,2.0159449028916536,5.267858159063328,1,1,0,1,0,1,1,0,0,0,0,0,0,0,0,0,0,0,0,1,1,1,0
ChIJBVNZYgBXqDsRFFKdmuWJ9A0,"Domino's Pizza | The Castello Residency, Coimbatore",Sitra,Coimbatore,11.040183,77.040801,Fast food & Quick bites,Mid,2.8,237,0,5.472270673671475,112.0,10.039661482132997,4.0943445622221,1,1,0,1,1,0,1,0,1,1,0,0,0,1,0,0,1,1,1,0,1,1,0
ChIJ0zbderpXqDsR8Ikj_xRsGq4,Street Arabia,Nehru Nagar West,Coimbatore,11.042595,77.037576,Fast food & Quick bites,Not disclosed,4.1,64,0,4.174387269895637,36.75,9.879672873992916,4.110873864173311,0,0,1,1,0,0,0,0,0,0,0,0,0,0,0,0,0,0,0,0,1,0,0
ChIJ52Xp8rhXqDsRKAti3DsUIUk,Street Flavours,Nehru Nagar West,Coimbatore,11.040509,77.037538,Fast food & Quick bites,Not disclosed,4.7,59,1,4.0943445622221,31.5,9.752820554449519,4.04305126783455,1,0,0,1,0,0,0,0,0,0,0,0,0,0,0,0,0,0,0,0,1,0,0
ChIJE_NfPDVYqDsRhxdQw8Mcxz4,Cock Ra Co,Masakalipalayam,Coimbatore,11.016425,76.989582,Fast food & Quick bites,Mid,3.6,108,0,4.6913478822291435,77.0,3.918119982270717,4.219507705176107,1,1,0,1,0,0,1,0,1,0,0,0,1,1,0,0,1,1,0,0,1,0,0
ChIJafNcVqBZqDsRR_797240TzA,Havmor | Nava India,Coimbatore,Coimbatore,11.018219,76.99104,Bakery & Desserts,Not disclosed,4.5,86,1,4.465908118654584,84.0,4.167013150721893,4.304065093204169,1,1,0,1,1,0,1,1,1,0,1,0,0,1,0,0,1,1,0,0,1,0,0
ChIJYcg_2VBZqDsRBkUd1FVG-lE,Mario Juicy Hindustan,Coimbatore,Coimbatore,11.013507,76.995669,Cafe & Beverages,Budget,4.3,716,1,6.57507584059962,80.0,4.290815448845088,4.204692619390966,1,0,0,1,0,0,1,1,1,0,0,0,1,1,0,0,0,1,0,0,1,0,0
ChIJF3SfP6VZqDsRaDQ4UAQOVtE,"Frozen Bottle - Milkshakes, Desserts, and Ice Cream",Pudur,Coimbatore,11.014949,76.988602,Bakery & Desserts,Not disclosed,3.4,80,0,4.394449154672439,91.0,3.7330165342126698,4.23410650459726,1,1,0,1,0,0,0,0,0,0,0,0,0,0,0,0,0,0,0,0,1,0,0
ChIJpzRTjDpXqDsRK2Hlho7MIsc,Rock n Roll,Sitra,Coimbatore,11.035825,77.035028,Bakery & Desserts,Not disclosed,4.6,396,1,5.983936280687191,77.0,9.251706590773166,3.6888794541139363,1,0,0,1,0,0,1,0,1,0,1,1,1,0,0,0,1,1,0,0,1,0,0
ChIJK7tWP_1XqDsRN_xT_TOXTLg,Tea Desk,Argus Nagar,Coimbatore,11.025352,77.015335,Cafe & Beverages,Not disclosed,4.4,46,1,3.8501476017100584,94.0,6.8079717636485055,5.176149732573829,0,0,0,1,0,0,1,0,0,0,0,0,0,0,0,0,0,0,0,1,1,0,0
ChIJUU-O9EtZqDsRLDxZX4v_wCI,RR Tea Corner,Civil Aerodrome Post,Coimbatore,11.040328,77.040904,Bakery & Desserts,Budget,4.4,74,1,4.31748811353631,126.0,10.057507078592906,4.0943445622221,1,0,0,1,0,0,1,0,0,0,0,0,1,0,0,0,0,1,0,1,1,0,0
ChIJe37XRFxXqDsRHuVS3Jt3hHs,Nellai Karupatti Coffee - Near KMCH,Civil Aerodrome Post,Coimbatore,11.041484,77.042462,Cafe & Beverages,Not disclosed,4.2,142,1,4.962844630259907,112.0,10.269224396630682,4.110873864173311,1,0,0,0,0,0,0,0,0,0,0,0,0,0,0,0,0,0,0,1,1,1,0
ChIJQyZBnUhXqDsRu9QoJmB80k0,Pot Shop Cafe,Neelambur,Coimbatore,11.061946,77.09073,Cafe & Beverages,Not disclosed,4.7,181,1,5.204006687076795,98.0,15.978700958502333,3.4657359027997265,1,1,0,1,0,0,0,0,0,0,0,0,0,0,0,0,0,0,0,0,1,0,0
ChIJX7kDdedZqDsRYN40eI55ljo,Starbucks - Avinashi Road,Pudur,Coimbatore,11.013087,76.986858,Cafe & Beverages,Premium,4.7,2230,1,7.7102051944325325,98.0,3.4564745935951877,4.343805421853684,1,1,0,1,1,0,1,0,1,0,1,0,1,1,0,0,1,1,0,0,1,0,0
ChIJxaL9_2tXqDsRnb2d72UrWlU,Kaapi Stop - KMCH,Civil Aerodrome Post,Coimbatore,11.042592,77.04069,Cafe & Beverages,Budget,4.2,163,1,5.099866427824199,105.0,10.167179535873734,4.174387269895637,1,1,0,1,0,0,1,0,0,0,0,0,1,1,0,0,0,1,0,1,1,0,0
ChIJE-cP-FNYqDsRCLqWg98S5yE,Hotel Green Land,Peelamedu,Coimbatore,11.023335,77.002255,Biryani & Non-veg,Budget,3.3,264,0,5.579729825986222,98.0,5.485825643488522,4.477336814478207,0,0,0,0,0,0,1,1,1,0,0,0,1,0,0,0,0,0,1,1,1,0,0
ChIJaTf90K9ZqDsRMH2vmSycS0o,Hotel MAA,Gopalapuram,Coimbatore,11.005438,76.975344,South Indian & Regional,Not disclosed,3.9,505,0,6.226536669287466,87.0,1.9413575283808007,4.6443908991413725,1,0,0,1,0,1,1,0,0,1,0,0,0,0,0,1,0,0,0,0,0,0,0
ChIJ3xphZSpXqDsR-ty0-qfSPNY,The hot chick,Sri Lakshmi Nagar,Coimbatore,11.031329,77.016614,Cafe & Beverages,Not disclosed,4.9,37,1,3.6375861597263857,56.0,7.279959472031246,4.844187086458591,1,0,0,1,0,0,0,0,0,0,0,0,0,0,0,0,0,0,1,0,1,1,0
ChIJMZZd8jVXqDsRWiUyV1Y4s3Y,Cardiff Cafe Cheranmanagar,Cheran ma Nagar,Coimbatore,11.046714,77.013621,Cafe & Beverages,Mid,4.4,2071,1,7.6362696033793735,84.0,8.128073033925531,3.6109179126442243,1,1,0,1,0,1,1,1,1,1,1,0,1,1,0,0,1,1,1,0,1,0,0
ChIJedt2o-VXqDsRb-POFNq4yUY,Home Chef Tidel,B.R. Puram Industrial Estate,Coimbatore,11.031778,77.018539,Multi-cuisine / General,Budget,4.7,95,1,4.564348191467836,91.0,7.482286474171282,4.852030263919617,1,0,0,1,0,0,1,1,0,0,0,0,1,1,0,0,0,1,1,1,1,0,0
ChIJsch8_WpXqDsR2AIP1RWZSR0,Chillout lounge,Balan Nagar,Coimbatore,11.021971,77.017337,Cafe & Beverages,Not disclosed,4.8,19,1,2.995732273553991,90.0,6.821997707281273,5.049856007249537,0,0,0,1,0,0,0,0,0,0,0,0,0,0,0,0,0,0,1,0,1,0,0
ChIJhZ-ysJpXqDsRy_WjtyzfAYQ,Friend In Knead,Bharathi Nagar,Coimbatore,11.045214,77.013948,Bakery & Desserts,Not disclosed,5.0,689,1,6.536691597591305,77.0,8.035459706603934,3.58351893845611,1,1,0,1,0,0,0,0,0,0,0,0,0,0,0,0,0,0,0,0,1,0,0
ChIJzTRFqo5XqDsRrlFGli3PgBU,Modern Bakes,Sri Lakshmi Nagar,Coimbatore,11.032539,77.016369,Bakery & Desserts,Not disclosed,3.8,76,0,4.343805421853684,98.0,7.334382315693912,4.61512051684126,0,0,0,0,0,0,1,0,0,0,0,0,0,0,0,0,0,0,0,0,1,0,0
ChIJh-OGAwBXqDsRjSWKSZ5uaxk,AFTER DARK CAFE,Coimbatore,Coimbatore,11.029737,77.017025,Bakery & Desserts,Premium,4.9,12,1,2.5649493574615367,63.0,7.2198406807631645,4.990432586778736,1,0,0,0,0,0,1,0,0,0,0,0,1,0,0,0,0,0,1,0,1,0,0
ChIJI-GHRRNZqDsRYvm2i6ZgKbQ,CKs Bakery & Cake Shop Ondipudur,south,Coimbatore,11.003562,77.048046,Bakery & Desserts,Mid,4.8,1356,1,7.213031659834869,94.5,9.509966580209234,4.330733340286331,1,1,0,1,1,1,1,0,0,1,0,0,1,0,0,0,1,1,0,0,1,0,0
ChIJkS46Co5XqDsRyDU10_UselE,Friends Zone - Cakes & Desserts,Hope College,Coimbatore,11.026518,77.017494,Bakery & Desserts,Not disclosed,4.9,115,1,4.7535901911063645,31.5,7.076855023142197,5.111987788356544,1,1,0,0,0,0,0,0,0,0,0,0,0,0,0,0,0,0,0,0,1,0,0
ChIJNb7SaapZqDsRO_2kzZ3rXFo,The J&M Bake World - Branch,Ram Nagar,Coimbatore,11.010298,76.965616,Bakery & Desserts,Not disclosed,3.8,61,0,4.127134385045092,94.5,1.8051784339356063,5.214935757608986,1,0,0,1,0,0,1,0,1,0,0,0,1,0,0,0,1,1,0,1,1,0,0
ChIJqbKvQABZqDsRHgYsVjcfH20,"Theobroma Bakery and Cake Shop - Bharathipuram, Coimbatore",Pudur,Coimbatore,11.014949,76.988588,Bakery & Desserts,Not disclosed,4.3,208,1,5.342334251964811,112.0,3.731801252665609,4.219507705176107,1,1,0,1,0,0,0,0,0,0,0,0,0,0,0,0,0,0,1,0,1,0,0
ChIJPwbuOzZXqDsROJgdIv4DfGg,PUGA,B.R. Puram Industrial Estate,Coimbatore,11.031778,77.018539,Multi-cuisine / General,Budget,3.6,62,0,4.143134726391533,130.0,7.482286474171282,4.852030263919617,1,0,0,1,0,0,1,1,0,0,0,0,1,0,0,0,0,0,1,1,1,0,0
ChIJRxCkrG1XqDsRSbhI5P6-rgU,URBAN BAR-B-QUE,Civil Aerodrome Post,Coimbatore,11.030537,77.027292,Biryani & Non-veg,Not disclosed,4.2,1652,1,7.410347097821024,56.0,8.227516579640492,3.828641396489095,1,1,0,1,0,1,1,0,0,1,0,0,0,0,0,1,0,0,0,0,1,0,0
ChIJY5UUIyVXqDsRqoTeoshJ_tI,Indiana Burgers,Coimbatore,Coimbatore,11.029384,77.017127,Fast food & Quick bites,Not disclosed,2.7,12,0,2.5649493574615367,133.0,7.2080701368123306,5.017279836814924,1,0,0,1,0,1,0,0,0,1,0,0,0,0,0,0,0,0,1,0,1,0,0
ChIJC-0TI_ZXqDsRr1-zOl6unqg,BURGER IT UP,railway gate,Coimbatore,11.029458,77.017128,Fast food & Quick bites,Mid,2.4,16,0,2.833213344056216,133.0,7.212580201007884,5.0106352940962555,0,0,1,0,0,0,1,0,1,0,0,0,1,1,0,0,0,1,1,0,1,0,0
ChIJK1itWMVXqDsRMhcRhEFADrw,Covai Super Kitchen,Sri Lakshmi Nagar,Coimbatore,11.03111,77.016592,Multi-cuisine / General,Not disclosed,4.6,14,1,2.70805020110221,110.25,7.264336542265424,4.867534450455582,1,0,0,1,0,0,1,0,1,1,0,1,1,1,0,0,0,1,0,1,1,0,1
ChIJYbOVh4dXqDsRlODaUxU1m54,McDonald's,Periyar Nagar,Coimbatore,11.024667,77.010432,Fast food & Quick bites,Not disclosed,4.3,5210,1,8.558527054909215,98.0,6.310231228314925,4.875197323201151,1,1,0,1,0,0,1,0,0,0,0,0,0,0,0,1,0,0,0,0,1,1,0
ChIJr3NfyIVXqDsRCouNeBzA5iY,Patti Mess,Argus Nagar,Coimbatore,11.025009,77.017423,Multi-cuisine / General,Not disclosed,4.5,55,1,4.02535169073515,84.0,6.98744258382377,5.099866427824199,0,0,0,1,0,0,1,0,0,0,0,0,0,0,0,0,0,0,0,1,1,0,0
ChIJl5_bJoJXqDsRYCngboZNjhI,Annapoorna - Coimbatore International Airport Branch,Civil Aerodrome Post,Coimbatore,11.030599,77.039239,South Indian & Regional,Not disclosed,4.3,3367,1,8.122074375362217,108.5,9.391690345189145,2.833213344056216,1,0,0,0,0,0,1,0,0,0,0,0,0,0,0,1,0,0,0,1,1,1,0
ChIJdaxUJy5YqDsRu3tWnmdnrac,SMS HOTELS - Peelamedu,Peelamedu,Coimbatore,11.022642,76.998537,South Indian & Regional,Premium,3.8,6499,0,8.779557455883728,87.0,5.114024157645963,4.442651256490317,1,0,0,1,1,0,1,0,1,1,1,0,1,1,0,1,1,1,0,0,0,0,0
ChIJ69bO0HBXqDsRgcSsQT53qSI,Alpha Knights,PKD Nagar,Coimbatore,11.02682,77.014847,Multi-cuisine / General,Not disclosed,5.0,21,1,3.091042453358316,87.0,6.845948771458152,5.14166355650266,1,0,0,0,0,0,0,0,0,0,0,0,0,0,0,0,0,0,0,0,0,0,0
ChIJExuoJQBZqDsRdZie7MGEP9A,Akalya Chettinad mess,Sowri Palayam,Coimbatore,11.009528,77.005669,Multi-cuisine / General,Not disclosed,5.0,11,1,2.4849066497880004,35.0,5.10917706243857,3.8712010109078907,1,0,0,0,0,0,0,0,0,0,0,0,0,0,0,0,0,0,1,0,1,0,0
ChIJ_ztB3uf5qDsRJ9FAYBfqLEs,Sri Balaji catering's Dining Bell (ஸ்ரீ பாலாஜி கேட்டரிங்),Siva Nagar,Coimbatore,11.076253,77.029078,South Indian & Regional,Not disclosed,4.3,489,1,6.194405391104672,45.0,11.70439530016217,2.8903717578961645,1,0,0,1,0,0,1,0,0,0,0,0,0,0,0,0,0,0,0,0,1,0,0
ChIJq16XDABXqDsR5BOHniyBYcY,Rayappas Chettinad Restaurant,Karuparampalayam Pirvu,Coimbatore,11.042794,77.043933,Multi-cuisine / General,Premium,3.0,144,0,4.976733742420574,77.0,10.481573269026443,4.02535169073515,0,0,0,0,0,1,1,0,0,1,0,0,1,1,0,0,1,1,0,0,1,0,0
ChIJHekxsjj4qDsRWCwC3joSP1o,PATTIKADU Kudil Dhaba,Coimbatore,Coimbatore,11.089066,77.032712,North Indian & Global,Not disclosed,3.8,2088,0,7.644440761556566,84.0,13.073176772943658,2.5649493574615367,1,0,0,1,0,1,1,0,0,1,0,0,0,0,0,0,0,0,0,0,1,0,0
ChIJwXMH_0j5qDsRraWbMK8vej0,Bow Bow Bliss Multicuisine Restaurant (Pet-themed),Coimbatore,Coimbatore,11.087329,77.033381,South Indian & Regional,Not disclosed,4.3,1934,1,7.5678626054638825,58.0,12.962629618179527,2.70805020110221,1,1,0,1,0,1,1,0,0,1,0,0,0,0,0,0,0,0,0,0,1,0,0
ChIJCaz_YmD3qDsRprf2JL-1qfE,KP RESTAURANT,CRM Arjun City,Coimbatore,11.064517,77.013475,South Indian & Regional,Mid,4.3,112,1,4.727387818712341,105.0,9.63036386535528,3.295836866004329,1,0,0,1,0,1,1,1,1,1,1,0,1,1,0,0,1,1,1,0,1,0,0
ChIJeY2yDmVXqDsRUWVBTf6araM,Sri Murugan Cafe,Civil Aerodrome Post,Coimbatore,11.043245,77.042143,South Indian & Regional,Not disclosed,4.7,337,1,5.823045895483019,99.0,10.340291451470414,4.110873864173311,1,0,0,1,0,1,1,0,0,1,0,0,0,0,0,0,0,0,0,1,1,0,0
ChIJSTAEysdXqDsRIeH1eN_Sxfs,Martram's The South Indian Coffee House,Saravanampatti,Coimbatore,11.042158,77.037524,Cafe & Beverages,Not disclosed,4.6,329,1,5.799092654460526,94.5,9.848725955152887,4.110873864173311,1,1,0,1,0,0,1,0,0,0,0,0,0,0,0,0,0,0,0,1,1,1,0
ChIJ7QR1ST_4qDsRU_x_LbBJ8LE,SRI DIAMOND BAKES AND HOTELS,Kalapatti,Coimbatore,11.088469,77.03277,Multi-cuisine / General,Budget,4.0,1334,0,7.19668657083435,126.5,13.023687993679491,2.5649493574615367,1,0,0,1,0,0,1,1,1,0,1,0,1,1,1,0,1,1,0,1,1,0,0
ChIJ9c_JtFj5qDsRQRZ5sFbaj2E,LET IT GO Restaurant,Kalapatti,Coimbatore,11.074398,77.046023,Multi-cuisine / General,Premium,4.6,431,1,6.068425588244111,84.0,12.807432372436807,1.6094379124341003,1,0,0,1,0,0,1,1,0,1,1,0,1,1,1,0,1,1,0,0,1,0,0
ChIJu3tDtN5XqDsRxJ_Xvi9uTC8,Subha Cafe,Nehru Nagar West,Coimbatore,11.056845,77.038947,Vegetarian,Budget,3.7,562,0,6.333279628139691,112.0,10.933363965825977,3.5553480614894135,1,0,0,1,0,0,1,1,1,0,1,0,1,1,0,0,1,1,0,1,1,0,1
ChIJ3UOML075qDsR3TbIdnXGggs,Warehouse Bar and Kitchen,Nehru Nagar West,Coimbatore,11.069917,77.036542,Multi-cuisine / General,Not disclosed,4.7,2269,1,7.727535110475448,84.0,11.721551678437526,3.2188758248682006,1,0,1,1,0,1,1,0,0,1,0,0,0,0,0,0,0,0,1,0,1,0,0
ChIJQ0_bHgBXqDsRak6qVU-WdvY,Karaikudi Karuppaiya Restaurant (Taste of chettinadu),Sitra,Coimbatore,11.037094,77.036679,Multi-cuisine / General,Mid,3.7,342,0,5.83773044716594,105.0,9.4781906477145,3.8918202981106265,1,0,0,1,1,0,1,1,1,0,1,0,1,1,0,0,1,1,1,0,1,0,0
ChIJI0sAjan5qDsR5OqASGG2k2w,Thoppu Kari Virunthu - Villankurichi,Balaji Nagar,Coimbatore,11.071954,77.012873,South Indian & Regional,Not disclosed,4.0,1649,0,7.408530566894626,80.5,10.273395043424118,3.295836866004329,0,0,0,1,0,1,1,0,0,1,0,0,0,0,0,0,0,0,0,0,1,0,0
ChIJqZeXecNXqDsR6pdHcuc7Tvc,Sree Amudha surabi Mess,Nehru Nagar West,Coimbatore,11.047735,77.038569,Multi-cuisine / General,Budget,4.1,297,0,5.697093486505405,112.0,10.28823229424758,4.07753744390572,1,0,0,1,0,0,1,1,1,1,0,0,1,0,0,0,1,1,0,1,1,0,0
ChIJnQH2VP1XqDsRGhKZACZPNEc,Hotel Thai,Nehru Nagar West,Coimbatore,11.057481,77.038077,South Indian & Regional,Not disclosed,3.6,49,0,3.912023005428146,122.5,10.905225779935874,3.5553480614894135,1,0,0,1,0,0,0,0,0,0,0,0,0,0,0,0,0,0,1,1,1,0,0
ChIJwUCl7ML5qDsRE_5WVbemA4Q,Grace Kitchen,Balaji Nagar,Coimbatore,11.065787,77.030754,South Indian & Regional,Not disclosed,4.6,33,1,3.5263605246161616,42.0,10.952272886344923,2.995732273553991,0,0,0,0,0,0,0,0,0,0,0,0,0,0,0,0,0,0,0,0,1,0,0
ChIJoQqBmVhXqDsR_xzp0P9hhDg,Sri balamurugan traders & Arun icecream,Ondipudur,Coimbatore,11.005036,77.051769,Bakery & Desserts,Not disclosed,4.8,72,1,4.290459441148391,87.5,9.931983706701,4.174387269895637,1,0,0,1,0,0,1,0,1,0,0,0,0,1,0,0,0,0,0,0,1,0,0
ChIJAWeugyFXqDsRKP6nFq7bkiU,HATSUN DAILY (Nandhini Milk Agencies),Ondipudur,Coimbatore,11.009634,77.053514,Bakery & Desserts,Not disclosed,4.3,27,1,3.332204510175204,108.5,10.192378627247571,3.970291913552122,1,0,0,0,0,0,0,0,0,0,0,0,0,0,0,0,0,0,0,1,1,0,0
ChIJadggUC5XqDsRSA6iOsL95GI,Cardiff Cafe Ondipudur,Coimbatore,Coimbatore,11.005423,77.044088,Cafe & Beverages,Not disclosed,4.5,258,1,5.556828061699537,98.0,9.105438115691427,4.276666119016055,1,0,0,1,0,1,1,0,0,1,0,0,0,0,0,1,0,0,1,0,1,0,0
ChIJ9-WTJS9XqDsRQfCyCiVGUxM,MDS Bakery,Pattanam Pudur,Pallapalayam,10.99328,77.05915,Bakery & Desserts,Not disclosed,3.9,2459,0,7.807916628926408,168.0,10.670833107744983,2.1972245773362196,0,0,0,0,0,0,0,0,0,0,0,0,0,0,0,0,0,0,1,1,1,1,0
ChIJD3i3nhtXqDsRDBPH7z6TSfo,Nellai Sri Kannan Sweets & Bakers,Ondipudur,Coimbatore,11.003434,77.049114,Bakery & Desserts,Budget,4.1,846,0,6.741700694652055,98.0,9.624446202106558,4.290459441148391,1,1,0,1,0,0,1,0,1,0,1,0,1,0,0,0,1,1,0,0,1,0,0
ChIJzSK9b4dXqDsRT63GROXGuSU,The Kitchen by Chai N' Gupshup,Nehru Nagar West,Coimbatore,11.054285,77.038981,Multi-cuisine / General,Not disclosed,4.4,56,1,4.04305126783455,84.0,10.758368587934008,3.58351893845611,1,1,0,1,0,1,0,0,0,0,0,0,0,0,0,0,0,0,0,0,1,0,0
ChIJ6_HjT0f5qDsRhji0iBVxNZQ,KINGS PARK RESTAURANT,Kalapatti,Coimbatore,11.087872,77.033128,Multi-cuisine / General,Mid,4.0,460,0,6.133398042996649,77.0,12.994051412985987,2.5649493574615367,1,0,0,1,0,1,1,1,1,1,1,0,1,1,1,0,1,1,0,0,1,0,0
ChIJBf-yRL9XqDsRO-6oaTjUiyo,Kovai Durbar SITRA,Civil Aerodrome Post,Coimbatore,11.038325,77.038141,Multi-cuisine / General,Budget,3.7,1355,0,7.212294468500341,90.88333333333334,9.684821701392929,4.007333185232471,1,0,0,1,0,1,1,1,1,1,1,0,1,1,0,0,1,1,1,0,1,0,0
ChIJMWp0fwD5qDsRryAwyZOzGT8,KOCCHEI KUDIL RESTAURANT,Coimbatore,Coimbatore,11.084349,77.034614,Biryani & Non-veg,Premium,4.4,350,1,5.860786223465865,84.0,12.784335602267154,2.995732273553991,1,0,0,1,0,1,1,1,1,1,1,1,1,1,0,0,1,1,0,0,1,0,0
ChIJYyVP_WL5qDsRVylh8AwzNgY,Ponnammal Nattukoli Virunthu,Vasanth Nagar,Coimbatore,11.093271,77.031746,Biryani & Non-veg,Not disclosed,3.9,34,0,3.5553480614894135,108.5,13.390996345669535,2.1972245773362196,1,1,0,1,0,0,0,0,0,0,0,0,0,0,0,0,0,0,0,1,1,0,0
ChIJH-mAMWf5qDsR66X90bikgeU,Hotel Delicious,Vasanth Nagar,Coimbatore,11.092902,77.031857,Biryani & Non-veg,Not disclosed,4.6,427,1,6.059123195581797,84.0,13.364368074380513,2.3978952727983707,1,1,0,1,0,0,0,0,0,0,0,0,0,0,0,0,0,0,0,0,1,0,0
ChIJwRRTedxXqDsRS-Z4UbfoJX4,Dindigul Sekar Biriyani Hotel,Nehru Nagar West,Coimbatore,11.053302,77.039024,North Indian & Global,Not disclosed,3.8,159,0,5.075173815233827,84.0,10.695014952370169,3.4657359027997265,0,0,0,1,0,0,1,0,0,0,0,0,0,0,0,0,0,0,0,0,1,0,0
ChIJmRdtTnT4qDsRhV9xzw8JJe0,Chinnaiah Chettynadu Hotel,Nehru Nagar West,Coimbatore,11.06435,77.037119,Multi-cuisine / General,Budget,3.6,454,0,6.12029741895095,84.0,11.333475213261316,3.091042453358316,1,0,0,1,0,0,1,1,1,0,0,0,1,1,0,0,0,1,0,0,1,0,0
ChIJDYokVE_5qDsR868hqF4NCJA,Kadarkarai Family Restaurant,Vaiyapuri Nagar,Sarcarsamakulam,11.105612,77.030031,Multi-cuisine / General,Mid,4.1,1216,0,7.104144092987527,77.0,14.438583291014048,0.0,1,1,0,1,0,1,1,1,1,1,1,0,1,1,1,0,1,1,0,0,1,0,0
ChIJazY2l3X4qDsRGLx8rW0uJd4,Classic pizza burger,Thirumurugan Nagar,Coimbatore,11.062493,77.037137,Fast food & Quick bites,Not disclosed,4.1,110,0,4.709530201312334,80.5,11.194650985071744,3.295836866004329,0,0,0,1,0,0,0,0,0,0,0,0,0,0,0,0,0,0,0,0,1,0,0
ChIJdRygd8RXqDsRV8Sh-yXlKts,CHILLUM CAFE,Civil Aerodrome Post,Coimbatore,11.046716,77.038955,Cafe & Beverages,Premium,4.2,3017,1,8.012349639327795,84.0,10.25833038126213,4.0943445622221,1,0,0,1,1,0,1,1,1,1,1,0,1,0,1,1,1,1,0,0,1,0,1
ChIJ2SK8deT5qDsRq89Ex9VjVwg,EIYARKAI GARDEN RESTAURANT,Nehru Nagar West,Coimbatore,11.038811,77.035042,South Indian & Regional,Not disclosed,3.8,1059,0,6.966024187106113,77.0,9.421903404305779,3.8501476017100584,1,0,0,1,0,0,1,0,0,0,0,0,0,0,0,0,0,0,0,0,1,0,0
ChIJkzkwbhj5qDsRzKvnyY2i_ZA,Shahi Grill,Thirumurugan Nagar,Coimbatore,11.063997,77.037268,Biryani & Non-veg,Not disclosed,3.8,730,0,6.594413459749778,75.25,11.318545231806883,3.091042453358316,1,0,0,1,0,1,1,0,0,1,0,0,0,0,0,0,0,0,0,0,1,0,0
ChIJjX3PUfhXqDsRybE5vtZxDtE,MFC Mysore Filter Coffee,Nehru Nagar West,Coimbatore,11.054035,77.038736,Cafe & Beverages,Not disclosed,4.5,66,1,4.204692619390966,104.0,10.720178338593907,3.58351893845611,1,1,0,1,0,0,0,0,0,0,0,0,0,0,0,0,0,0,0,1,1,0,0
ChIJDRcuDVVXqDsREeQCfosvsq0,Vidhya's Cafe,Nehru Nagar West,Coimbatore,11.049437,77.038671,Cafe & Beverages,Not disclosed,4.8,89,1,4.499809670330265,63.0,10.407071448194705,3.8066624897703196,1,0,0,1,0,0,0,0,0,0,0,0,0,0,0,0,0,0,0,0,1,0,0
ChIJt3NVDABXqDsRpGIgik-z1sw,Coffee Meet,Nehru Nagar West,Coimbatore,11.050733,77.038871,Cafe & Beverages,Budget,4.9,76,1,4.343805421853684,105.0,10.509695013206015,3.6635616461296463,1,0,0,1,0,0,1,0,1,0,0,0,1,1,0,0,0,1,0,1,1,0,0
ChIJxa0Ou1n5qDsRhwRFEwfXUSw,Tea Mates,T-Nagar,Coimbatore,11.07533,77.01672,Cafe & Beverages,Not disclosed,4.5,38,1,3.6635616461296463,110.5,10.818251720079685,3.1780538303479458,1,0,0,1,0,0,1,0,0,0,0,0,0,0,0,0,0,0,0,1,1,1,0
ChIJVTQFMRH4qDsR5-DHaPExZA4,Sagar Bakery,Dhanalakshmi Nagar,Coimbatore,11.076922,77.025706,Bakery & Desserts,Not disclosed,4.1,478,0,6.171700597410915,126.0,11.534643347514292,2.772588722239781,0,0,0,0,0,0,1,0,0,0,0,0,0,0,0,0,0,0,0,1,1,0,0
ChIJ4-coYwBXqDsRZaCQ6a0reIw,Brown Fening Tea,Nehru Nagar West,Coimbatore,11.05647,77.038578,Cafe & Beverages,Not disclosed,4.5,10,1,2.3978952727983707,87.0,10.875797099040085,3.58351893845611,0,0,0,0,0,0,0,0,0,0,0,0,0,0,0,0,0,0,0,0,0,1,0
ChIJ3S6R6hP4qDsRnwT-1ulJDMU,Ooty Tea Vin Milk Shop,Siva Nagar,Coimbatore,11.076361,77.027948,Cafe & Beverages,Not disclosed,3.9,216,0,5.37989735354046,126.0,11.63634032351593,2.70805020110221,0,0,0,1,0,0,1,0,0,0,0,0,0,0,0,0,0,0,0,1,1,0,0
ChIJIygpnej5qDsRfV0rc3GiME8,Zesty Mania Cafe,Nehru Nagar West,Coimbatore,11.061312,77.037312,Cafe & Beverages,Not disclosed,5.0,14,1,2.70805020110221,56.0,11.120749696768728,3.4657359027997265,1,0,0,1,0,0,0,0,0,0,0,0,0,0,0,0,0,0,0,0,1,0,0
ChIJ8YjvZwD5qDsRjqFf58Mr2Jc,Adhi Cafe,Thirumurugan Nagar,Coimbatore,11.062165,77.03793,Cafe & Beverages,Not disclosed,4.7,39,1,3.6888794541139363,84.0,11.234289784658689,3.367295829986474,1,0,0,1,0,0,0,0,0,0,0,0,0,0,0,0,0,0,0,0,1,0,0
ChIJNQJjHQj5qDsRSPe0H11X8yY,Sree Raagam Bakes,Kalapatti,Coimbatore,11.078835,77.036703,Bakery & Desserts,Budget,4.0,337,0,5.823045895483019,105.0,12.460908007163594,2.8903717578961645,0,0,0,0,0,0,1,0,1,0,0,0,0,0,0,0,1,0,0,1,1,0,0
ChIJR80K50j5qDsR5ndlvqXnRkY,Mario Juicy,Nehru Nagar West,Coimbatore,11.062152,77.037159,Cafe & Beverages,Mid,4.3,95,1,4.564348191467836,105.0,11.170896287526311,3.332204510175204,1,0,0,1,0,0,1,1,1,0,0,0,0,1,0,0,0,0,0,0,1,1,0
ChIJi06DGgBXqDsRNjLDewlNvvs,Juice Box,Nehru Nagar West,Coimbatore,11.050584,77.038837,Cafe & Beverages,Not disclosed,4.2,138,1,4.9344739331306915,116.0,10.496877329306297,3.6888794541139363,1,0,0,1,0,0,1,0,0,0,0,0,0,0,0,0,0,0,1,0,1,1,0
ChIJTy6mavBXqDsRIu6JIyzgUqg,Scandy - Ice Candy - Cheran Ma Nagar,Cheran ma Nagar,Coimbatore,11.047432,77.01359,Bakery & Desserts,Not disclosed,4.9,211,1,5.356586274672012,85.0,8.182823500981197,3.6635616461296463,1,1,0,1,0,0,0,0,0,0,0,0,0,0,0,0,0,0,1,0,1,1,0
ChIJLetVdelXqDsRIMBJBW3LRZg,Polar Bear Ice Cream Sundaes - Kalapatti,Nehru Nagar West,Coimbatore,11.04867,77.038623,Bakery & Desserts,Not disclosed,4.5,2020,1,7.611347717403621,84.0,10.353075448188733,4.060443010546419,1,1,0,1,1,0,1,1,1,0,1,0,1,1,0,0,1,1,0,0,1,1,0
ChIJHcXHHKz5qDsRjecu-wLp3RQ,ICE BAY Kalapatti,Nehru Nagar West,Kalapatti,11.064124,77.032435,Bakery & Desserts,Not disclosed,4.5,18,1,2.9444389791664403,84.0,10.948535662591839,3.044522437723423,1,0,1,0,0,0,1,0,0,0,0,0,0,1,0,0,0,1,0,0,1,0,0
ChIJ11YRMwBXqDsRTr6ak3Vyoi8,Totonac icecream,Nehru Nagar West,Coimbatore,11.062572,77.036873,Bakery & Desserts,Not disclosed,4.9,25,1,3.258096538021482,57.0,11.179328637749972,3.2188758248682006,0,0,0,0,0,0,0,0,0,0,0,0,0,0,0,0,0,0,0,0,1,0,0
ChIJFd9YotNXqDsRAOUwj4PapXg,Polar Bear Ice Cream Sundaes - Vilankurichi,Cheran ma Nagar,Coimbatore,11.046763,77.013611,Bakery & Desserts,Not disclosed,4.6,2323,1,7.751045117971802,84.0,8.131193131708676,3.6109179126442243,1,1,0,1,0,0,0,0,0,0,0,0,0,0,0,0,0,0,0,0,1,1,0
ChIJm5LnMxD5qDsRUOAmE26SYIs,Vibulam Bakehouse,Siva Nagar,Coimbatore,11.077396,77.03147,Bakery & Desserts,Not disclosed,5.0,24,1,3.2188758248682006,54.0,11.968349426064524,2.995732273553991,1,0,0,1,0,0,0,0,0,0,0,0,0,0,0,0,0,0,0,0,1,0,0
ChIJG7eTWlJXqDsRhCqVxuIpcyA,Foodiees,Balaji Nagar,Coimbatore,11.055448,77.027355,Fast food & Quick bites,Budget,4.8,11,1,2.4849066497880004,126.0,9.8791237654704,2.0794415416798357,1,1,0,1,1,0,1,0,1,0,0,0,1,1,0,0,0,0,1,1,1,0,0
ChIJNyCtQQD5qDsRaA8Dm6-tIqs,TAJ KOKARAKO BIRIYANI & FAST FOOD KALAPATTI,SARAVANAMPATTI,Coimbatore,11.063721,77.037221,Multi-cuisine / General,Not disclosed,4.6,71,1,4.276666119016055,84.0,11.293888050723808,3.091042453358316,1,0,0,0,0,0,1,0,0,0,0,0,0,0,0,1,0,0,0,0,1,0,0
ChIJEb4K-BpXqDsRrvmxLoL2AxA,Hotel Annavasal,Ondipudur,Coimbatore,11.003439,77.047441,South Indian & Regional,Not disclosed,3.7,1790,0,7.490529402060711,70.0,9.442864130757728,4.304065093204169,1,0,0,1,0,0,1,0,0,0,0,0,0,0,0,0,0,0,0,0,1,0,0
ChIJB0HjXH9XqDsRAYix4q4gSYs,Pattikadu restaurant,Ondipudur,Coimbatore,11.007747,77.050054,South Indian & Regional,Not disclosed,3.8,534,0,6.282266746896006,111.5,9.786520973393717,4.174387269895637,1,0,0,0,0,0,1,0,0,0,0,0,0,0,0,0,0,0,1,1,1,0,0
ChIJT0wyEd5WqDsRBqZu6vB4XWo,Magizh Garden Restaurant,Pattanam Pudur,Pallapalayam,10.994932,77.061168,Multi-cuisine / General,Premium,3.5,1129,0,7.029972911706386,84.0,10.890128856059171,2.4849066497880004,1,0,0,1,0,0,1,1,1,1,1,0,1,1,1,0,1,1,0,0,1,0,0
ChIJz0S5hxtXqDsRi8MBFYWGOxg,SS NOODLES,Ondipudur,Coimbatore,11.00301,77.050342,North Indian & Global,Budget,4.4,187,1,5.236441962829949,30.0,9.753168491636949,4.248495242049359,1,0,0,1,0,0,1,1,0,0,0,0,1,0,0,0,0,0,0,0,1,0,0
ChIJC4Eyq1tXqDsR3yZ189dmDY4,DINDIGUL AR BIRYANI,Vivekanandha Nagar,Coimbatore,11.003595,77.044635,Multi-cuisine / General,Mid,4.3,107,1,4.68213122712422,77.0,9.140181419443325,4.276666119016055,1,0,0,1,0,0,1,0,0,0,0,0,0,0,0,0,0,0,0,0,1,0,0
ChIJM0sbTeRXqDsRBtXnn8LIhrY,IMAYAM,Ondipudur,Coimbatore,11.004005,77.046484,Multi-cuisine / General,Not disclosed,3.7,15,0,2.772588722239781,77.0,9.345803298266592,4.290459441148391,0,0,0,1,0,0,0,0,0,0,0,0,0,0,0,0,0,0,0,0,1,0,0
ChIJaZhPZCtXqDsRZvAV7AV01-w,SRI Veg & Non Veg Restaurant,Ondipudur,Coimbatore,11.00325,77.048907,Biryani & Non-veg,Not disclosed,3.6,48,0,3.8918202981106265,101.5,9.599901402499182,4.304065093204169,0,0,0,1,0,0,0,0,0,0,0,0,0,0,0,0,0,0,1,0,1,0,0
ChIJN09KzgRXqDsRNnItT48OrnM,Brindha Mess,Coimbatore,Coimbatore,11.006934,77.048608,Multi-cuisine / General,Budget,4.1,28,0,3.367295829986474,112.0,9.617192983644596,4.23410650459726,0,0,0,1,0,0,1,1,1,0,0,0,1,0,0,0,0,0,0,1,1,0,0
ChIJ7x7oj2FXqDsRAFQLVdKlOLA,HFC Cafe,Ondipudur,Coimbatore,11.003404,77.047897,Cafe & Beverages,Not disclosed,4.8,18,1,2.9444389791664403,84.0,9.491967042496707,4.330733340286331,1,1,0,0,0,0,0,0,0,0,0,0,0,0,0,0,0,0,0,0,1,0,0
ChIJp_0XdDtXqDsRVyRdewtg-MI,Bavana Restraunt ondipudur,Ellammal Layout,Coimbatore,11.003767,77.048804,Biryani & Non-veg,Mid,3.7,66,0,4.204692619390966,84.0,9.594644071274635,4.290459441148391,0,0,0,1,0,0,1,1,1,0,0,0,1,1,0,0,1,1,0,0,1,0,0
ChIJVxhEDZtXqDsRCez8BaAxq2Q,DS Tea Corner,Ellammal Layout,Coimbatore,11.003612,77.048226,Cafe & Beverages,Not disclosed,3.9,33,0,3.5263605246161616,119.0,9.530088253913272,4.330733340286331,1,0,0,1,0,0,0,0,0,0,0,0,0,0,0,0,0,0,0,1,1,0,0
ChIJkyYlmGhXqDsR26OD5ko34rs,MingleMug,Ondipudur,Coimbatore,11.00803,77.050601,Cafe & Beverages,Not disclosed,4.9,66,1,4.204692619390966,42.0,9.850277980921822,4.0943445622221,1,0,1,1,0,0,0,0,0,0,0,0,0,0,0,0,0,0,0,0,1,0,0
ChIJdzrWLgBXqDsRcbpuLgez_Qc,TIME PAUSE,Ondipudur,Coimbatore,11.003369,77.047899,Cafe & Beverages,Budget,4.7,14,1,2.70805020110221,72.0,9.491784153587474,4.330733340286331,1,0,0,0,0,0,1,1,1,0,0,0,1,1,0,0,0,1,0,0,1,0,0
ChIJ0WvrqotXqDsRRiAUQTNDBlg,K Cafe,Kamachipuram,Pallapalayam,11.001197,77.066012,Cafe & Beverages,Budget,4.6,44,1,3.8066624897703196,94.5,11.442224444317993,2.302585092994046,1,0,0,0,0,0,1,0,1,0,0,0,1,1,0,0,0,1,1,0,1,1,0
ChIJYWznVxpXqDsRI7Bos8Rvx8U,Sri Amman Bakes,Ondipudur,Coimbatore,11.003692,77.047148,Cafe & Beverages,Not disclosed,4.0,168,0,5.1298987149230735,122.5,9.41403240197503,4.304065093204169,0,0,0,0,0,0,0,0,0,0,0,0,0,0,0,0,0,0,0,1,1,0,0
ChIJNdp2DY1XqDsRLXCmLIWHZgU,SHM Soup Stall,Weavers Colony,Coimbatore,10.999049,77.055682,Cafe & Beverages,Not disclosed,4.6,16,1,2.833213344056216,24.5,10.303059777803606,3.4657359027997265,1,0,0,1,0,0,1,0,0,0,0,0,1,1,0,0,0,0,0,1,1,0,0
ChIJP88f7mBXqDsRBBCBohZ5gD0,V Cube Cafe',Irugur,Coimbatore,11.018671,77.067363,Fast food & Quick bites,Not disclosed,4.9,11,1,2.4849066497880004,72.0,11.871477458814898,1.791759469228055,0,0,0,1,0,0,1,0,1,0,0,0,1,1,0,0,0,1,0,0,1,0,0
ChIJETiaDThXqDsRx0oFUwg7pao,So Soft Cakes Home Bakes and Cloud kitchen,MRR Layout,Coimbatore,11.009685,77.051617,Bakery & Desserts,Not disclosed,4.9,94,1,4.553876891600541,112.0,9.989130481107827,4.02535169073515,1,0,0,1,0,0,1,0,0,0,0,0,0,0,0,0,0,0,0,1,1,0,0
ChIJeWF6BgBXqDsRqrc7p-SiyVM,McDonald's,Ondipudur,Coimbatore,11.003062,77.049813,Fast food & Quick bites,Premium,4.6,765,1,6.641182169740591,98.0,9.696253028474658,4.248495242049359,1,1,0,1,1,0,1,1,1,0,1,0,1,1,0,0,1,1,0,0,1,1,0
ChIJ-xkyJABXqDsRHD4CcRAKTos,KFC,Kamachipuram,Coimbatore,11.006626,77.068847,Multi-cuisine / General,Not disclosed,4.5,565,1,6.338594078203183,84.0,11.804015803174556,2.0794415416798357,1,1,0,1,0,0,1,0,0,0,0,0,0,0,0,1,0,0,0,0,1,0,0
ChIJizf8vQtXqDsRql0du3csxsU,Shree Vigneshwara sweets & bakes,Coimbatore,Coimbatore,11.002925,77.0499,Bakery & Desserts,Not disclosed,4.7,221,1,5.402677381872279,91.0,9.70424174108903,4.23410650459726,1,0,0,0,0,0,1,0,1,0,0,0,0,0,0,0,1,1,0,0,1,0,0
ChIJ3dSbM9hXqDsRVClw8PMq5do,FB CAKES,Ondipudur,Coimbatore,11.003375,77.049459,Bakery & Desserts,Not disclosed,4.6,65,1,4.189654742026425,105.0,9.661244046179059,4.290459441148391,1,1,0,1,0,0,0,0,0,0,0,0,0,0,0,0,0,0,0,0,1,1,0
ChIJZ7h7ESBZqDsRP3wTTlh3Dd8,BAKER'S Zest,Tagore Nagar,Ondipudur,11.005825,77.054347,Bakery & Desserts,Not disclosed,4.9,77,1,4.356708826689592,77.0,10.221831379674303,4.02535169073515,1,0,0,1,0,0,0,0,0,0,0,0,0,0,0,0,0,0,0,0,1,0,0
ChIJ95RWfhBXqDsRzTqhmnu6oyQ,Golden Bakes,Vivekanandha Nagar,Singanallur,11.003579,77.044716,Bakery & Desserts,Not disclosed,3.9,246,0,5.5093883366279774,133.0,9.14877562778719,4.290459441148391,0,0,0,1,0,0,0,0,0,0,0,0,0,0,0,0,0,0,1,1,1,0,0
ChIJ5eLg8g5XqDsRWBeiRs1oQW4,Purple Homemade Cakes,Cheran Nagar,Coimbatore,10.997014,77.049139,Bakery & Desserts,Not disclosed,4.9,31,1,3.4657359027997265,85.0,9.580781183677072,3.8918202981106265,1,0,0,0,0,0,1,0,0,0,0,0,0,0,0,0,0,0,0,0,1,0,0
ChIJ285YTpdXqDsRx06-o5jKJs4,Arjun Bakery,Noyyal Nagar,Coimbatore,10.99559,77.057322,Bakery & Desserts,Budget,4.3,57,1,4.060443010546419,115.5,10.470827390885043,2.5649493574615367,1,0,0,1,0,0,1,0,0,0,0,0,0,0,0,0,0,0,0,1,1,0,0
ChIJZ8zBgiVXqDsRwPl3ZKe7wmo,Browneries,R.K.Garden,Coimbatore,10.995861,77.050499,Bakery & Desserts,Not disclosed,5.0,10,1,2.3978952727983707,87.0,9.726498747961863,3.6635616461296463,1,0,0,1,0,0,0,0,0,0,0,0,0,0,0,0,0,0,0,0,0,0,0
ChIJ_du5axxXqDsR2qShWs1L9z0,Md,Ondipudur,Coimbatore,11.002586,77.051899,Biryani & Non-veg,Not disclosed,4.3,24,1,3.2188758248682006,70.0,9.918023882023036,4.189654742026425,0,0,0,1,0,0,1,1,0,0,0,0,1,1,0,0,0,1,0,0,1,0,0
ChIJT8hp0pFXqDsRjFhzseLthVg,Asquare Biriyani Centre,Kamachipuram,Pallapalayam,11.002084,77.067581,Multi-cuisine / General,Premium,4.4,1344,1,7.20414929203594,84.0,11.619767548573568,2.0794415416798357,1,1,0,0,1,0,1,1,1,1,1,0,1,1,1,0,1,1,0,0,1,0,0
ChIJATzNbddXqDsRtUtiwIoJynM,Hyderabad Biriyani,Barathipuram,Pallapalayam,11.010084,77.079778,Multi-cuisine / General,Not disclosed,3.5,586,0,6.375024819828097,101.5,13.035295066643188,1.6094379124341003,0,0,0,1,0,0,1,0,0,0,0,0,0,0,0,0,0,0,0,0,1,1,0
ChIJYT8FuhBbqDsRoBV-q8EvXbE,Courtallam Border Rahmath Kadai,Post,Coimbatore,11.001302,77.066727,Multi-cuisine / General,Not disclosed,3.5,47,0,3.8712010109078907,87.0,11.520856487567505,2.302585092994046,1,0,0,1,0,0,0,0,0,0,0,0,0,0,0,0,0,0,0,0,0,1,0
ChIJzVSaqiZXqDsRrdh2f5BJqoE,NEW THIRUPATHI MESS,Annai Indira Nagar,Coimbatore,11.009696,77.054229,Multi-cuisine / General,Budget,4.5,11,1,2.4849066497880004,87.0,10.270496280204055,3.828641396489095,1,0,0,1,0,0,1,0,0,0,0,0,1,0,0,0,0,0,0,0,0,0,0
ChIJm4RxdvZXqDsR6D4o146UXSE,Shri Sakthi Mess,Kamachipuram,Pallapalayam,11.001329,77.066476,Multi-cuisine / General,Not disclosed,3.7,27,0,3.332204510175204,84.0,11.493711199325453,2.302585092994046,1,0,0,1,0,0,0,0,0,0,0,0,0,0,0,0,0,0,0,0,1,0,0
ChIJPT_rXABXqDsRZQnzC5x-2Ro,Thirupati Mess,Ondipudur,Coimbatore,11.00969,77.054196,Multi-cuisine / General,Budget,3.8,13,0,2.639057329615259,91.0,10.26683378655449,3.828641396489095,1,0,0,1,0,0,1,1,1,0,0,0,1,0,0,0,0,0,0,0,1,0,0
ChIJzw2LHgBXqDsRuSy4qNbTb-A,Saravana Bhavan pure vegetarian restaurant,Kamachipuram,Coimbatore,11.001562,77.066362,Multi-cuisine / General,Budget,3.9,307,0,5.730099782973575,105.0,11.483007239200429,2.302585092994046,0,0,0,1,0,0,1,1,0,0,1,0,1,1,0,0,1,1,0,1,1,0,1
ChIJp9GmyQRXqDsR_6wydoHUn2o,Mahalakshmi Chettinadu hotel,Ondipudur,Coimbatore,11.006898,77.049095,South Indian & Regional,Not disclosed,4.5,15,1,2.772588722239781,87.0,9.669243165934205,4.23410650459726,0,0,0,0,0,0,0,0,0,0,0,0,0,0,0,0,0,0,0,0,0,0,0
ChIJje1QJwBXqDsRw2M_B8uNLUo,Parambariyam Nattukozhi Virunthu Restaurant,Athappagoundenpudur,Irugur,11.0303,77.075786,Multi-cuisine / General,Not disclosed,4.4,1008,1,6.9167150203536085,84.0,13.100825547462572,1.6094379124341003,1,0,0,1,0,0,1,0,0,0,0,0,0,0,0,1,0,0,0,0,1,0,0
ChIJzyeNq2xXqDsRdokCUn5ZFgE,Sri Mu Brindhavan veg,Barathipuram,Pallapalayam,11.009206,77.078603,South Indian & Regional,Not disclosed,3.8,2652,0,7.88344635413774,107.0,12.895537067964542,1.791759469228055,1,0,0,1,0,1,0,0,0,1,0,0,0,0,0,0,0,0,0,1,1,0,0
ChIJQfR78KtXqDsRRdO14qFzp6M,Eleven to eleven hotel,Sengaliappa Nagar,Irugur,11.015562,77.059062,North Indian & Global,Premium,3.7,107,0,4.68213122712422,99.0,10.911672793996535,2.302585092994046,1,0,0,1,0,0,1,1,1,0,0,0,1,1,0,0,1,1,1,1,1,0,0
ChIJtcS7Br9XqDsRXUYMQjVnt1M,Kannamma Thattu Kadai,Civil Aerodrome Post,Coimbatore,11.028875,77.037045,Multi-cuisine / General,Budget,4.1,852,0,6.748759547491679,112.0,9.093657512010497,2.772588722239781,1,0,0,1,0,0,1,1,1,0,0,0,1,1,0,0,1,1,0,1,1,0,0
ChIJkYepZwFZqDsRJ9NUFTS2rG0,Seasons,R.S. Puram,Coimbatore,11.008413,76.958347,Fast food & Quick bites,Premium,3.6,243,0,5.497168225293202,84.0,1.5716699133596173,5.393627546352361,0,0,0,0,0,0,1,0,1,0,1,0,1,1,0,0,1,1,0,0,1,0,0
ChIJZ0FJ3NpZqDsRzYrFheOQhXY,Juice shop,Tatabad,Coimbatore,11.018821,76.962129,Cafe & Beverages,Not disclosed,4.1,29,0,3.4011973816621555,87.5,2.6944274771492456,5.351858133476067,0,0,0,0,0,0,1,0,0,0,0,0,0,0,0,0,0,0,0,0,1,1,0
ChIJXerS8FZZqDsR7y5YzdYp5Ho,Put Kadalai,R.S. Puram,Coimbatore,11.008796,76.959696,Cafe & Beverages,Budget,4.2,35,1,3.58351893845611,77.0,1.5894430301402482,5.272999558563747,0,1,0,1,0,0,1,0,1,0,0,0,1,1,0,0,1,1,0,0,1,0,0
ChIJ1c2vAxlZqDsRjhDK0y9BGcs,Chai Kings - Brookefields Mall,R.S. Puram,Coimbatore,11.008922,76.959446,Cafe & Beverages,Not disclosed,2.9,106,0,4.672828834461906,84.0,1.6067522452660126,5.293304824724492,1,1,0,1,0,0,1,0,1,0,0,0,0,0,0,0,1,1,0,0,1,1,0
ChIJk5wsqbNXqDsRmTrMV05Cqqs,Radio Room Coimbatore,Civil Aerodrome Post,Coimbatore,11.04597,77.041532,Multi-cuisine / General,Not disclosed,4.8,2704,1,7.902857191280582,84.0,10.446040023587928,4.110873864173311,1,0,1,1,0,1,1,0,0,1,0,0,0,0,0,1,0,0,1,0,1,0,0
ChIJjwjq6xlXqDsRf-VE5BkDXuw,"Copper Kitchen, Coimbatore",Civil Aerodrome Post,Coimbatore,11.04396,77.046856,Multi-cuisine / General,Not disclosed,4.7,5745,1,8.656259239539235,80.5,10.82215009948919,3.828641396489095,1,1,0,1,0,0,1,0,0,0,0,0,0,0,0,1,0,0,0,0,1,0,0
ChIJU6XkJBdXqDsR9l0_9SBy3ZE,FORK & KNIFE Restaurant,Anna Nagar,Coimbatore,11.022518,77.01317,Fast food & Quick bites,Not disclosed,4.5,120,1,4.795790545596741,83.41666666666667,6.447214800086073,5.099866427824199,1,1,0,1,0,1,0,0,0,1,0,0,0,0,0,0,0,0,1,0,1,0,0
ChIJWaH-cb5XqDsRLigb8ixol2s,K K CORNER CHETTINADU HOTEL,Hope College,Coimbatore,11.023537,77.017921,South Indian & Regional,Budget,3.2,43,0,3.784189633918261,84.0,6.957883159111057,5.087596335232384,1,0,0,0,0,0,1,1,0,0,0,0,1,1,0,0,0,0,0,0,1,0,0
ChIJTccEN_9YqDsRLIPM448zfio,Dindigul Venu Biriyani Restaurant,Pappanaickenpalayam,Coimbatore,11.013787,76.986515,Biryani & Non-veg,Not disclosed,3.7,4615,0,8.437283808187935,63.0,3.4737017750472607,4.276666119016055,0,0,0,1,0,1,1,0,0,1,0,0,0,0,0,0,0,0,0,0,1,1,0
ChIJSzbfWtlXqDsRDv9jqZ8xcZs,Sulthan Kebab,Hope College,Coimbatore,11.024008,77.017816,Multi-cuisine / General,Not disclosed,5.0,11,1,2.4849066497880004,84.0,6.972128864555818,5.093750200806762,0,0,0,0,0,0,0,0,0,0,0,0,0,0,0,0,0,0,1,0,1,0,0
ChIJZxKwKYVXqDsRdR5XnBSrz_Y,Aishwaryam's by R.H.R HOTELS (P) LTD,Lakshmipuram,Coimbatore,11.021064,77.022662,Multi-cuisine / General,Not disclosed,3.9,5517,0,8.615770754777232,110.25,7.305551467758022,4.90527477843843,0,0,0,1,0,0,1,1,1,1,0,0,1,1,0,0,1,1,0,1,1,0,1
ChIJ60DIM0JZqDsRIHKjgjlMHSY,Arcot Biriyani,Ukkadam,Coimbatore,10.989989,76.961235,Multi-cuisine / General,Not disclosed,2.8,13,0,2.639057329615259,112.0,0.5130360415746357,4.997212273764115,1,0,0,1,0,0,0,0,0,0,0,0,0,0,0,0,0,0,0,1,1,0,0
ChIJKX3QcoVZqDsRkdgnBdU-DaI,Hotel pollachi,South Ukkadam,Coimbatore,10.986306,76.963847,Multi-cuisine / General,Budget,4.3,17,1,2.8903717578961645,60.0,0.9601513802281392,4.61512051684126,1,0,0,1,0,0,1,1,0,0,0,0,1,0,0,0,0,0,0,1,1,0,0
ChIJFSqC8_5XqDsRf9SAcWtnI8U,CO-NE,Hope College,Coimbatore,11.025643,77.017819,Cafe & Beverages,Not disclosed,4.3,49,1,3.912023005428146,87.0,7.059494262633681,5.123963979403259,1,0,1,1,0,0,1,0,0,0,0,0,0,1,0,0,1,1,0,0,0,0,0
ChIJQZiF0LhZqDsRAwLDBn0efOk,Hotel Mayfield,Sungam,Coimbatore,10.998746,76.984923,South Indian & Regional,Not disclosed,4.0,939,0,6.84587987526405,108.5,2.608669817327914,4.382026634673881,0,0,0,0,0,0,1,0,0,0,0,0,0,0,0,0,0,0,0,1,1,0,0
ChIJwTBtDYVXqDsRDncc8pQhUzU,Arun Ice Cream,Near Hope College,Coimbatore,11.026383,77.019321,Bakery & Desserts,Not disclosed,3.8,17,0,2.8903717578961645,77.0,7.242732277895424,5.099866427824199,0,0,0,1,0,0,1,0,0,0,0,0,0,0,0,0,0,0,0,0,1,1,0
ChIJ39wiZGpXqDsRi0_QXdROmPs,The Frozen Stick Hopes College,Hope College,Coimbatore,11.024535,77.021194,Bakery & Desserts,Not disclosed,3.5,22,0,3.1354942159291497,84.0,7.326245664831919,5.0369526024136295,1,0,0,1,0,1,0,0,0,1,0,0,0,0,0,0,0,0,0,0,1,0,0
ChIJYbI8eotXqDsRRhjl1xLnobQ,ARUN ICE CREAMS SS AGENCIES,Maheshwari Nagar,Coimbatore,11.035859,77.015492,Bakery & Desserts,Not disclosed,4.4,66,1,4.204692619390966,87.5,7.476922379758378,3.6888794541139363,1,0,0,1,0,0,1,0,1,0,0,0,0,1,0,0,1,0,0,0,1,0,0
ChIJl21gevtXqDsRQiqzC98PAQI,Terminal 2,Sitra,Coimbatore,11.040475,77.041453,Cafe & Beverages,Not disclosed,4.3,1216,1,7.104144092987527,168.0,10.117480982683519,4.0943445622221,1,1,0,1,0,0,1,0,0,0,0,0,0,0,0,0,0,0,1,1,1,0,0
ChIJqUk7cABZqDsRYM6wshfXOyQ,Shree Anandhaas,Coimbatore,Coimbatore,11.012745,76.984232,Multi-cuisine / General,Budget,4.5,64,1,4.174387269895637,87.0,3.2064830220861955,4.189654742026425,0,1,0,0,0,0,1,1,0,0,0,0,1,1,0,0,1,0,0,0,0,1,1
ChIJ11FW0K9ZqDsRoDWgXIc3m3Q,B.J Bakery,Gopalapuram,Coimbatore,11.005431,76.975281,Bakery & Desserts,Not disclosed,4.1,80,0,4.394449154672439,108.5,1.935486617271516,4.6443908991413725,0,0,0,1,0,0,1,0,0,0,0,0,0,0,0,0,0,0,0,1,1,0,0
ChIJ48MoJ6ZZqDsRV_quNVAy1Pc,J&M Sons Cake Shop,Uppilipalayam,Coimbatore,11.002841,76.967983,Bakery & Desserts,Not disclosed,3.8,296,0,5.6937321388027,84.0,1.164485152930312,4.770684624465665,1,1,0,1,0,0,1,0,0,0,0,0,0,0,0,0,0,0,0,0,1,0,0
ChIJdSJZUABZqDsR3q0i1k-1VCA,Haini's (Home Baker's),Pudur,Coimbatore,11.014109,76.986911,Bakery & Desserts,Budget,5.0,48,1,3.8918202981106265,30.0,3.529802135166436,4.248495242049359,0,0,0,1,0,0,1,0,1,0,0,0,0,0,0,0,1,1,0,0,1,0,0
ChIJsX9lv09ZqDsRFX89NqibCkc,Amote Patisserie Nava India,Illango Nagar,Coimbatore,11.020739,76.991829,Bakery & Desserts,Premium,4.6,182,1,5.209486152841421,92.5,4.413491493592648,4.276666119016055,1,0,0,1,0,1,1,0,1,1,0,0,1,0,0,0,1,1,1,0,1,0,0
ChIJA8g7HOtXqDsREBYyauDHaKk,The Chocolate Room - Avinashi Road,Indira Nagar,Coimbatore,11.043721,77.04212,Multi-cuisine / General,Not disclosed,4.4,286,1,5.659482215759621,86.0,10.365937274189616,4.0943445622221,1,1,0,1,0,1,0,0,0,1,0,0,0,0,0,0,0,0,1,0,1,0,0
ChIJL5bMwMRZqDsRkt7P1UWCFMU,R V CAKES,Coimbatore,Coimbatore,11.013665,76.986547,Bakery & Desserts,Not disclosed,4.4,82,1,4.418840607796598,133.0,3.4681505228503937,4.276666119016055,1,0,0,1,0,0,0,0,0,0,0,0,0,0,0,0,0,0,0,1,1,0,0
ChIJq4G1g6hZqDsRgeP-bp_lRXs,JNM BAKE WORLD,Gopalapuram,Coimbatore,11.002841,76.967983,Bakery & Desserts,Not disclosed,4.1,38,0,3.6635616461296463,91.0,1.164485152930312,4.770684624465665,1,1,0,1,0,0,1,0,1,0,0,0,0,0,0,0,1,1,0,0,1,0,0
ChIJ2X8AojFYqDsRQpi7ALbg3jY,Maharaja Bakes,Navaindia,Coimbatore,11.022194,76.996371,Bakery & Desserts,Not disclosed,3.9,78,0,4.3694478524670215,126.0,4.897384188528335,4.219507705176107,0,0,0,1,0,0,1,0,0,0,0,0,0,0,0,0,0,0,0,1,1,0,0
ChIJ1wpeosdZqDsRAvPRoBWiBSI,Breadboyz Factory Outlet,Civil Aerodrome Post,Coimbatore,11.036339,77.030618,Bakery & Desserts,Budget,4.6,298,1,5.700443573390686,105.0,8.866604681332584,3.258096538021482,1,0,0,1,1,0,1,0,1,0,0,0,1,0,0,0,1,1,0,1,1,0,0
ChIJXQwOTQBXqDsRNbXloe9aywM,DANCING CHEF BIRIYANI,Indira Nagar,Coimbatore,11.046687,77.051089,Multi-cuisine / General,Not disclosed,4.7,1757,1,7.471932078245122,84.0,11.37411277945882,3.044522437723423,1,1,0,1,0,1,1,0,0,1,0,0,0,0,0,0,0,0,0,0,1,0,0
ChIJjdt9sr9XqDsRMUxRh9N4bs0,Karpaga Vinayaka Bakes,Civil Aerodrome Post,Coimbatore,11.0364,77.035586,Bakery & Desserts,Budget,4.2,911,1,6.815639990074331,98.0,9.336315725589177,3.7612001156935624,0,0,0,1,0,0,1,0,1,0,0,0,1,0,0,0,0,0,0,1,1,0,0
ChIJ4UEyqQ9ZqDsRmnbCuoUJ4ds,Coimbatore Briyani Hotel and House,R.S. Puram,Coimbatore,11.000075,76.955317,South Indian & Regional,Not disclosed,3.8,11,0,2.4849066497880004,73.5,0.9008295840176522,5.402677381872279,0,0,0,1,0,0,1,1,1,0,0,0,1,1,0,0,0,0,0,0,1,0,0
ChIJmb5cplZZqDsRswHJXgB66eE,KFC,Peelamedu,Coimbatore,11.01822,76.990454,Multi-cuisine / General,Not disclosed,4.1,7898,0,8.97449144816442,84.0,4.117622738674476,4.290459441148391,1,1,0,1,0,1,1,0,0,1,0,0,0,0,0,1,0,0,0,0,1,0,0
ChIJbyKK4K5ZqDsRv4lS9pKEaMo,The Park Restaurant,Gopalapuram,Coimbatore,11.005986,76.971562,Fast food & Quick bites,Not disclosed,3.9,14,0,2.70805020110221,73.5,1.6832257286951404,4.68213122712422,0,0,0,1,0,0,0,0,0,0,0,0,0,0,0,0,0,0,0,0,1,0,0
ChIJyZYdOpBXqDsRJMvZFrapcDA,UFO Burgers | Coimbatore,Civil Aerodrome Post,Coimbatore,11.046081,77.041446,Fast food & Quick bites,Mid,4.6,61,1,4.127134385045092,91.0,10.44494047655396,4.110873864173311,1,1,0,1,1,0,1,0,0,0,1,1,0,1,0,1,1,1,0,0,1,0,0
ChIJyx64qexZqDsRjwtws5ZqLxs,Balaji Mess,Pudur,Coimbatore,11.014917,76.988717,Multi-cuisine / General,Not disclosed,3.9,12,0,2.5649493574615367,87.0,3.740858074766517,4.23410650459726,0,0,0,0,0,0,1,0,0,0,0,0,0,0,0,0,0,0,0,0,0,0,0
ChIJDeoRrctZqDsRfkKlyRSbckk,Biggies Burger,Ram Nagar,Coimbatore,11.009011,76.959411,Fast food & Quick bites,Premium,4.7,1034,1,6.942156705699469,84.0,1.6170700144281938,5.288267030694535,1,1,0,1,1,1,1,0,1,1,0,1,1,1,0,1,1,1,0,0,1,0,0
ChIJiee3fZBXqDsRa9e1xqacFOM,Lakshmi Mess,Civil Aerodrome Post,Coimbatore,11.027889,77.024553,Multi-cuisine / General,Not disclosed,3.6,285,0,5.655991810819852,112.0,7.824014395437403,4.852030263919617,0,0,0,0,0,0,1,0,0,0,0,0,0,0,0,0,0,0,0,1,1,1,0
ChIJYxUnr85XqDsRLsTJVQ9nrqY,Sri Veerakumar Mess,Karuparampalayam Pirvu,Coimbatore,11.045714,77.050108,Fast food & Quick bites,Not disclosed,4.3,194,1,5.272999558563747,48.0,11.226950697934726,3.4011973816621555,1,0,0,1,0,0,1,0,0,0,0,0,0,0,0,0,0,0,0,0,1,0,0
ChIJD9lDdEH_qDsRsNAZmUkkGys,ANNALAKSHMI MESS,Civil Aerodrome Post,Coimbatore,11.04137,77.042331,Multi-cuisine / General,Budget,4.0,525,0,6.26530121273771,112.0,10.250472745233276,4.143134726391533,0,0,0,0,0,0,1,1,0,1,0,1,1,1,0,0,1,1,0,1,1,0,0
ChIJuVIuc8dXqDsRtWqayUUKir0,Selvam Mess,Civil Aerodrome Post,Coimbatore,11.040704,77.041488,South Indian & Regional,Not disclosed,3.6,1191,0,7.083387847625295,83.16666666666667,10.133635274349029,4.0943445622221,1,0,0,1,0,0,0,0,0,0,0,0,0,0,0,0,0,0,1,0,1,0,0
ChIJLVPtepFXqDsR88MeZT5HYVc,Ammani Mess,Civil Aerodrome Post,Coimbatore,11.042219,77.044258,Multi-cuisine / General,Premium,4.4,988,1,6.8966943316227125,86.0,10.479631986919715,4.007333185232471,1,0,0,1,1,1,1,1,1,1,1,1,1,1,1,0,1,1,1,0,1,0,0
ChIJjzUlMWVXqDsRUymM4oYf2_4,kaapi Express Cafe,Hope College,Coimbatore,11.02573,77.019686,Cafe & Beverages,Not disclosed,4.0,80,0,4.394449154672439,84.0,7.242555969435402,5.0689042022202315,1,0,0,1,0,0,1,0,0,0,0,0,0,0,0,0,0,0,0,0,1,0,0
ChIJfwl43vVZqDsR8jvyFU-BVIE,Abu and sons ice cream,Pulian Thoppu,Coimbatore,10.981925,76.964567,Bakery & Desserts,Not disclosed,4.5,12,1,2.5649493574615367,135.0,1.4511730940124956,4.04305126783455,0,0,0,1,0,0,1,0,1,0,0,0,0,1,0,0,0,0,1,1,1,0,0
ChIJQUtJGARZqDsRX8yPkRWbVKw,Arun Ice Creams,R.S. Puram,Coimbatore,11.006221,76.95803,Bakery & Desserts,Not disclosed,3.9,29,0,3.4011973816621555,91.0,1.3435321256932404,5.402677381872279,1,0,0,0,0,0,0,0,0,0,0,0,0,0,0,0,0,0,0,0,1,1,0
ChIJn_o2TgBZqDsRYrXsCnjDWtI,Tea Therapy Cafe,Gounder Mills,Coimbatore,11.054146,76.946033,Cafe & Beverages,Budget,4.4,37,1,3.6375861597263857,119.0,6.830333839959765,3.58351893845611,1,0,0,0,0,0,1,0,0,0,0,0,1,1,0,0,0,1,0,1,1,0,0
ChIJoUZ2NADxqDsRSrNcpmg3GsA,Chai N' Gupshup,VCS Nagar,Thudiyalur,11.063263,76.943689,Cafe & Beverages,Not disclosed,4.4,22,1,3.1354942159291497,98.0,7.875872503628196,3.7612001156935624,1,1,0,1,0,0,0,0,0,0,0,0,0,0,0,0,0,0,0,1,1,0,0
ChIJ0RH5NgD3qDsRU478SXwzAIc,Tea Bro,K. Vadamadurai,Kurudampalayam,11.084659,76.935199,Bakery & Desserts,Not disclosed,4.7,15,1,2.772588722239781,87.0,10.414367291322957,3.6888794541139363,0,0,0,0,0,0,0,0,0,0,0,0,0,0,0,0,0,0,0,0,0,0,0
ChIJeT-3OY5ZqDsRxGNBvlnkFjE,Meet U There Restaurant,Chinnavedampatti,Coimbatore,11.056906,76.969035,Biryani & Non-veg,Not disclosed,4.7,175,1,5.170483995038151,77.0,6.978045293635154,2.0794415416798357,1,0,0,1,0,0,1,0,0,0,0,0,0,0,0,0,0,0,1,0,1,0,0
ChIJXXm8QwBXqDsRlwVZ_f-6HQU,Big Bowl Company,PKD Nagar,Coimbatore,11.026408,77.019628,North Indian & Global,Mid,2.5,30,0,3.4339872044851463,87.0,7.2733503527513115,5.081404364984463,0,0,0,1,0,0,1,1,0,0,0,0,1,1,0,0,1,1,0,0,0,0,0
ChIJM8FiWhFXqDsRRkAWNsmUBHo,Jade,Civil Aerodrome Post,Coimbatore,11.046162,77.041577,Multi-cuisine / General,Not disclosed,4.8,434,1,6.075346031088684,45.5,10.461835071438722,4.127134385045092,1,1,0,1,0,1,1,0,0,1,0,0,0,0,0,1,0,0,0,0,1,0,0
ChIJu8-TKABbqDsR9llMOUDQAgY,Mama & Mamee Kitchen,Podanur,Coimbatore,10.965121,76.986133,Vegetarian,Not disclosed,4.1,146,0,4.990432586778736,87.0,4.246629603169571,3.6375861597263857,0,0,0,0,0,0,1,0,0,0,0,0,0,0,0,0,0,0,0,0,0,0,0
ChIJA0dXWL9bqDsRgQ5GgGXM72E,Domino’s pizza,sundarapuram,Coimbatore,10.954702,76.973819,Fast food & Quick bites,Not disclosed,2.5,139,0,4.941642422609304,91.0,4.638964142358231,4.442651256490317,1,1,0,0,0,0,0,0,0,0,0,0,0,0,0,0,0,0,1,0,1,1,0
ChIJPeWpV6JXqDsRbGemSncfb74,ZOI Coimbatore,Civil Aerodrome Post,Coimbatore,11.030508,77.027311,Multi-cuisine / General,Premium,4.6,718,1,6.577861357721047,84.0,8.227764375124128,3.8501476017100584,1,0,0,1,0,1,1,1,1,1,1,1,1,0,1,0,1,1,1,0,1,0,0
ChIJiy1-ixdaqDsR0d2GtJ8kCTk,MERRIE BERRIE,Railway Colony 20 Blocks,Podanur,10.959118,76.989256,Bakery & Desserts,Not disclosed,4.0,360,0,5.8888779583328805,87.5,4.9812289379858425,3.828641396489095,1,0,0,1,0,1,1,0,0,1,0,0,0,0,0,0,0,0,0,0,1,0,0
ChIJtzIBuS9XqDsR-AioAswmpcM,Kovai Virundhu,Civil Aerodrome Post,Coimbatore,11.042613,77.042937,South Indian & Regional,Not disclosed,4.0,1350,0,7.208600337960199,108.5,10.377930093813413,4.0943445622221,1,1,0,1,0,1,1,0,0,1,0,0,0,0,0,0,0,0,1,0,1,0,0
ChIJaYOwdwBVqDsRKMD5ybwePNM,Gobi Sanda Vilas (Kongunaatin suvai),Coimbatore,Coimbatore,11.018657,76.989718,Multi-cuisine / General,Not disclosed,4.7,1400,1,7.244941546337007,49.0,4.08770703975861,4.204692619390966,1,0,0,1,0,0,0,0,0,0,0,0,0,0,0,0,0,0,0,0,1,0,0
ChIJqSzZph1WqDsRLQzh267Jwl0,The Garden Restaurant,Coimbatore,Neelambur,11.06088,77.087761,Multi-cuisine / General,Not disclosed,4.1,1849,0,7.52294091807237,84.0,15.636991019480432,3.6109179126442243,0,0,0,1,0,1,1,0,0,1,0,0,0,0,0,0,0,0,0,0,1,0,0
ChIJlSbfNm5XqDsR6cejq67OEJo,Sri Krishna Snacks Stall,Irugur,Irugur,11.012851,77.061273,Cafe & Beverages,Not disclosed,4.6,31,1,3.4657359027997265,66.0,11.088490221903623,2.1972245773362196,1,0,0,0,0,0,1,0,0,0,0,0,0,0,0,0,0,1,0,0,1,0,0
ChIJk84OOwRXqDsRd2PBRKa6Vbk,Subha Tea Stall,Sivalingapuram,Neelikonampalayam,11.011074,77.048796,Cafe & Beverages,Not disclosed,4.1,16,0,2.833213344056216,122.5,9.713641948532153,4.0943445622221,0,0,0,0,0,0,1,0,0,0,0,0,0,0,0,0,0,0,0,1,1,0,0
ChIJDSNzKAtXqDsRgB2-KWPZWLo,AND FOODS,Gopal Nagar,Coimbatore,11.005338,77.047594,Cafe & Beverages,Not disclosed,5.0,23,1,3.1780538303479458,29.5,9.483709216874056,4.304065093204169,1,0,0,1,0,0,0,0,0,0,0,0,0,0,0,0,0,0,0,0,1,0,0
ChIJN_KaScpbqDsROOS1wsSI_U4,Pizza Bite,Sundarapuram,Coimbatore,10.956401,76.972474,Fast food & Quick bites,Not disclosed,3.7,35,0,3.58351893845611,91.0,4.4162053741403255,4.430816798843313,1,0,0,1,0,0,1,0,1,0,0,0,1,1,0,0,1,1,0,0,1,0,0
ChIJBRjiGSlZqDsR6MjnJgpYt0M,AUGTON CAFE,Coimbatore,Coimbatore,10.976565,76.996457,Cafe & Beverages,Mid,4.0,54,0,4.007333185232471,105.0,4.320355727287572,0.6931471805599453,1,1,0,1,0,0,1,1,1,0,1,0,1,1,0,0,1,1,1,0,1,0,0
ChIJtVd2ewBbqDsRE1GnQ1V5N9E,93 BROTHERS CAFE,Cheran Nagar,Coimbatore,10.954309,76.992907,North Indian & Global,Mid,4.6,52,1,3.970291913552122,77.0,5.648088624951231,3.091042453358316,1,0,0,1,0,0,1,1,1,1,0,1,1,1,1,0,0,1,0,0,1,0,0
ChIJ84MvLwBXqDsRNXxuLIHiW30,Nalan Senthil Velavan Hotel,Sanath Nagar,Coimbatore,11.004039,77.044539,Multi-cuisine / General,Not disclosed,3.2,20,0,3.044522437723423,92.75,9.135299536306501,4.290459441148391,0,0,0,0,0,0,0,0,0,0,0,0,0,0,0,0,0,0,0,0,1,0,0
ChIJJdcU-kZbqDsR-0smOaZEaqI,Gossips cafe,Thirumarai Nagar,Coimbatore,10.969624,76.972046,Cafe & Beverages,Not disclosed,5.0,10,1,2.3978952727983707,72.0,3.010539220809235,3.6109179126442243,1,0,0,1,0,0,1,0,1,0,1,1,1,1,0,1,0,0,1,0,1,0,0
ChIJhTfFNcdbqDsR47aZxoZA1A8,Chai Space,Sundarapuram,Coimbatore,10.958959,76.978879,Cafe & Beverages,Budget,4.8,78,1,4.3694478524670215,112.0,4.398485948720315,4.442651256490317,1,0,0,1,0,0,1,0,0,0,0,0,1,1,0,0,0,1,0,1,1,0,0
ChIJa7QXSqFbqDsR6RSM9Pr9190,Nina Cafe,Easwar Nagar,Podanur,10.953927,76.992946,Cafe & Beverages,Not disclosed,4.7,38,1,3.6635616461296463,82.25,5.684419909005758,3.091042453358316,1,0,0,1,0,0,0,0,0,0,0,0,0,0,0,0,0,0,1,0,1,0,0
ChIJL-YEMABbqDsRHyjDZ8Vqvt0,Kovai Crunchy Bites,Arulmurugan Nagar,Coimbatore,10.956367,76.988475,Cafe & Beverages,Not disclosed,4.9,31,1,3.4657359027997265,80.5,5.177728352972089,3.8066624897703196,0,0,0,1,0,0,0,0,0,0,0,0,0,0,0,0,0,0,0,0,1,0,0
ChIJ-8twYABbqDsRbvg1SNKmaGY,TEA BOY,Amman Nagar,Coimbatore,10.964663,76.988158,Cafe & Beverages,Budget,4.3,22,1,3.1354942159291497,104.0,4.428632954902613,3.7376696182833684,1,0,0,1,0,0,1,0,0,0,0,0,1,1,0,0,0,0,0,0,1,1,0
ChIJyezz7rVZqDsRmgRi9J55e8o,Mouzy Podanur,Thirumarai Nagar,Coimbatore,10.970391,76.969709,Bakery & Desserts,Not disclosed,4.3,462,1,6.137727054086234,87.5,2.8406102885774227,3.5553480614894135,1,1,0,1,0,0,1,1,1,0,0,0,1,1,0,0,1,1,0,0,1,0,0
ChIJXf7mlM5bqDsRW0k4W3bWe-8,Delicious Momo's,Rail Nagar,Coimbatore,10.966477,76.982711,Multi-cuisine / General,Budget,4.7,33,1,3.5263605246161616,42.0,3.897512304272014,3.713572066704308,1,0,0,1,0,0,1,0,0,0,0,0,0,1,0,0,0,0,0,0,1,0,0
ChIJe_BvNgBbqDsRhlXS3GuhYgA,GSA RESTAURANT,Amman Nagar,Podanur,10.964768,76.987535,Multi-cuisine / General,Not disclosed,4.6,283,1,5.648974238161206,105.0,4.375218662893587,3.7376696182833684,0,0,0,1,0,0,1,0,0,0,0,0,0,0,0,1,0,0,1,0,1,0,0
ChIJfwfIajlbqDsRxBctcxBOXbc,MOMOS,Sakthi Nagar,Coimbatore,10.959809,76.982185,Multi-cuisine / General,Not disclosed,5.0,12,1,2.5649493574615367,80.5,4.484844893156735,4.02535169073515,1,0,0,0,0,0,0,0,0,0,0,0,0,0,0,0,0,0,0,0,1,0,0
ChIJGTBRBvNbqDsR3lKp_nQw49k,#.i cafe,Eachanari,Coimbatore,10.924935,76.98257,Cafe & Beverages,Not disclosed,4.3,29,1,3.4011973816621555,84.0,8.08378840771745,2.8903717578961645,1,0,0,1,0,0,0,0,0,0,0,0,0,0,0,0,0,0,0,0,1,0,0
ChIJMRBqM1FbqDsRn2Z1godIG_E,Brinda's kitchen Coimbatore,Amman Nagar,Coimbatore,10.969869,76.984198,Multi-cuisine / General,Budget,5.0,24,1,3.2188758248682006,70.0,3.7088274405650923,3.332204510175204,1,0,0,1,0,0,1,0,1,0,0,0,0,1,0,0,0,1,0,0,1,0,0
ChIJKYZGxEhbqDsROY5hE2fIlyY,Samarkhandi Restaurant,Coimbatore,Coimbatore,10.968728,76.975453,Biryani & Non-veg,Mid,4.1,221,0,5.402677381872279,56.0,3.2602700103583637,3.6888794541139363,1,0,1,0,0,0,1,1,1,1,1,0,1,1,0,0,1,1,1,0,1,0,0
ChIJ3-61YABZqDsRw2Nns1_8YTk,Retaj Mandi,Thirumarai Nagar,Coimbatore,10.970418,76.96942,Multi-cuisine / General,Not disclosed,3.9,152,0,5.030437921392435,70.0,2.8278404389839356,3.58351893845611,0,0,0,1,0,0,0,0,0,0,0,0,0,0,0,0,0,0,0,0,1,0,0
ChIJNy070DJbqDsRXOJ1EhxeFfI,Adam's Biryani,Podanur,Coimbatore,10.969988,76.97166,Biryani & Non-veg,Not disclosed,4.6,156,1,5.056245805348308,84.5,2.957027757588688,3.58351893845611,1,0,0,1,0,0,0,0,0,0,0,0,0,0,0,0,0,0,1,0,1,0,0
ChIJi-uI1nBaqDsRrOksOr6zC74,Alfa Restaurant,Srinivasa Nagar,Coimbatore,10.940762,77.004363,Multi-cuisine / General,Not disclosed,4.0,437,0,6.082218910376446,87.5,7.60490078404454,2.1972245773362196,0,0,0,1,0,0,1,0,0,0,0,0,0,0,0,0,0,0,0,0,1,0,0
ChIJvboSpwVbqDsR9tLShq7SGR8,Dindigul Thalappakatti Restaurant,Sundarapuram,Coimbatore,10.955452,76.97321,Multi-cuisine / General,Not disclosed,4.2,2094,1,7.647308832356238,85.0,4.539949677555065,4.442651256490317,1,1,0,1,0,1,1,1,1,1,1,0,1,1,0,0,1,1,0,0,1,1,0
ChIJc7qSIyNaqDsRARDmwcPHDwc,MSR Biriyani Hotel,Sakthi Nagar,Coimbatore,10.96036,76.984015,Biryani & Non-veg,Mid,3.7,3092,0,8.03689677268507,105.0,4.537612176980101,3.9512437185814275,1,1,0,1,0,0,1,1,1,0,1,0,1,1,0,0,1,1,1,0,1,0,0
ChIJHTDPJKFZqDsROR1Cm8AA2s0,BISMI BIRIYANI HOTEL,Town Hall,Coimbatore,10.997369,76.958888,South Indian & Regional,Not disclosed,3.6,17,0,2.8903717578961645,168.0,0.4122907924229475,5.231108616854587,0,0,0,1,0,0,1,1,1,0,0,0,1,1,0,0,0,0,1,1,1,1,0
ChIJR3q8wEVbqDsR7UYjOKRTC-8,"Annapoorna- Sundarapuram, Coimbatore",Sundarapuram,Kurichi,10.956606,76.972566,South Indian & Regional,Not disclosed,4.1,4153,0,8.331827004436057,115.5,4.3970586826710925,4.442651256490317,1,1,0,1,0,0,1,0,0,0,0,0,0,0,0,0,0,0,0,1,1,0,0
ChIJFRS8hFhbqDsRUo2B3F4dDQg,PHUONGS KITCHEN,Eswar nagar,Podanur,10.951095,76.991732,North Indian & Global,Not disclosed,5.0,245,1,5.5053315359323625,56.0,5.862179038742996,3.1354942159291497,1,0,1,1,0,0,0,0,0,0,0,0,0,0,0,0,0,0,0,0,1,0,0
ChIJaWCTs9FbqDsRzBBnq-qJJG8,ANDREW'S KITCHEN,Kallaraicheri,Podanur,10.961828,76.991447,Multi-cuisine / General,Not disclosed,4.6,22,1,3.1354942159291497,87.0,4.902781690600115,3.713572066704308,0,0,0,0,0,0,1,0,1,0,0,0,1,0,0,0,0,0,0,0,0,0,0
ChIJSylN_yFaqDsRJkdUt6ohHkA,Sri Lakshmi Vilas,Amman Nagar,Podanur,10.964935,76.987257,South Indian & Regional,Budget,4.1,156,0,5.056245805348308,93.0,4.341365438991786,3.6888794541139363,0,0,0,1,0,0,1,1,1,0,0,0,1,1,0,0,0,0,0,1,1,0,1
ChIJtfupSktbqDsRYOSpsycJlpA,PEPPER H Restaurant.,Srinivasa Nagar,Podanur,10.937938,77.004437,Multi-cuisine / General,Mid,4.6,45,1,3.828641396489095,81.0,7.85931759169164,1.791759469228055,1,0,0,0,0,0,1,1,1,1,1,0,1,1,1,0,1,1,0,0,1,0,0
ChIJ2ziBjABaqDsROCkdYfZ5h_s,rasi food,Kallimadai,Podanur,10.968331,77.009121,Fast food & Quick bites,Not disclosed,4.6,10,1,2.3978952727983707,77.0,5.972231808555437,1.791759469228055,0,0,0,1,0,0,0,0,0,0,0,0,0,0,0,0,0,0,0,0,1,0,0
ChIJTwyXriRaqDsRnPfMpAQWtdo,A S Fast Food,Sakthi Nagar,Podanur,10.959583,76.981124,Fast food & Quick bites,Not disclosed,4.4,57,1,4.060443010546419,90.0,4.44935436453095,4.23410650459726,0,0,0,1,0,0,1,0,0,0,0,0,0,0,0,0,0,0,0,0,1,0,0
ChIJPUqkXd9bqDsRrlcpeQ_fGRs,Chickart,Amman Nagar,Coimbatore,10.965028,76.986964,Multi-cuisine / General,Budget,3.6,14,0,2.70805020110221,77.0,4.31274952943716,3.6375861597263857,1,0,0,0,0,0,1,0,1,0,0,0,1,1,0,0,0,0,0,0,1,0,0
ChIJY7ukVoFbqDsR_sfYLLgFjSg,Bindhu Fast Foods,Sundarapuram,Coimbatore,10.961103,76.977881,Multi-cuisine / General,Budget,4.5,81,1,4.406719247264253,35.0,4.1364249289082204,4.418840607796598,1,0,0,1,0,0,1,0,0,0,0,0,1,1,0,0,0,1,0,0,1,0,0
ChIJ9RBKAvFbqDsRrPeaNMPOYWs,Dharsith Fast Food,SIDCO Private Industrial Estate,Coimbatore,10.932351,76.972352,Fast food & Quick bites,Not disclosed,4.9,46,1,3.8501476017100584,87.0,7.024268867215928,2.833213344056216,1,0,0,1,0,0,0,0,0,0,0,0,0,0,0,0,0,0,0,0,0,0,0
ChIJ1-Exzm1aqDsRiSlT_ebGhpw,Keerthana Bakery,Srinivasa Nagar,Coimbatore,10.944014,76.996472,Bakery & Desserts,Not disclosed,3.7,485,0,6.186208623900494,126.0,6.804231379564409,2.0794415416798357,0,0,0,0,0,0,1,0,0,0,0,0,0,0,0,0,0,0,0,1,1,0,0
ChIJU27NRTlbqDsRMYX2MTpgh9k,Kokkarakko biriyani & Fast Food,Sundarapuram,Coimbatore,10.954661,76.972562,Biryani & Non-veg,Mid,3.6,532,0,6.278521424165844,84.0,4.6051329023339935,4.418840607796598,1,0,0,1,0,0,1,1,1,0,0,0,1,1,0,0,1,1,0,0,1,1,0
ChIJyUyXAFBbqDsRY6u58XrwPz4,Zara homemade cakes,SAI NAGAR,Coimbatore,10.96854,76.982624,Bakery & Desserts,Not disclosed,5.0,232,1,5.4510384535657,168.0,3.710039497276435,3.6375861597263857,1,0,0,1,0,0,1,0,0,0,0,0,0,0,0,1,0,0,1,1,1,0,0
ChIJAY-BEgRXqDsRyLebXtU-xhk,Dora's Baking,Cheran Nagar,Podanur,10.957165,76.991495,Bakery & Desserts,Premium,5.0,70,1,4.2626798770413155,87.0,5.302792390693026,3.6635616461296463,1,0,0,1,0,0,1,0,1,0,0,0,0,0,0,0,0,0,0,0,0,0,0
ChIJH131ridaqDsRPlpV9ZJe268,Baker's Bread Land,Coimbatore,Coimbatore,10.967244,76.979369,Bakery & Desserts,Not disclosed,4.4,171,1,5.147494476813453,119.0,3.619425287543509,3.8712010109078907,0,0,0,1,0,0,1,0,0,0,0,0,0,0,0,0,0,0,0,1,1,0,0
ChIJl2caZl1bqDsRpvhPCPz-JUs,Mahalakshmi Bakery,Podanur,Coimbatore,10.957909,76.977231,Bakery & Desserts,Budget,4.1,25,0,3.258096538021482,87.0,4.430757566108554,4.430816798843313,0,0,0,0,0,0,1,0,0,0,0,0,0,0,0,0,0,1,0,0,0,1,0
ChIJ68JNKwBZqDsRIhM5MrDRDqA,AR Home Made Cakes,Srinivasa Nagar,Podanur,10.948376,76.990345,Bakery & Desserts,Not disclosed,5.0,23,1,3.1780538303479458,168.0,6.033412520027416,3.044522437723423,0,0,0,1,0,0,0,0,0,0,0,0,0,0,0,0,0,0,1,1,1,0,0
ChIJybQC7xlbqDsRW-9Q9sjhpos,Apple Peel Cakes Homemade cakes,LIC Colony,Coimbatore,10.952182,76.980444,Bakery & Desserts,Premium,4.8,79,1,4.382026634673881,84.0,5.154480861039512,4.304065093204169,1,0,0,1,0,0,1,0,1,0,0,0,0,0,0,0,0,1,0,0,1,0,0
ChIJ51ZRjXNbqDsRdOSiK_rLCqM,Shri Balaaji and co Bakers,Coimbatore,Coimbatore,10.96986,76.972035,Bakery & Desserts,Not disclosed,4.4,22,1,3.1354942159291497,84.0,2.9858810788385894,3.58351893845611,1,1,0,1,0,0,1,0,1,0,0,0,0,0,0,0,0,1,0,0,1,1,0
ChIJg_kLYQ5bqDsR1s_iAcBmHAo,Aroma Bakery,Opp. Ulavarsanthai,Kurichi,10.950069,76.972451,Bakery & Desserts,Not disclosed,4.0,816,0,6.705639094860003,105.0,5.096453368248833,4.304065093204169,0,1,0,1,0,0,0,0,0,0,0,0,0,0,0,0,0,0,0,0,1,1,0
ChIJu6SJrqBZqDsRvPo-b5vQGWA,Affu's Cakes,thirumarainagar,Coimbatore,11.017433,76.968017,Bakery & Desserts,Not disclosed,5.0,10,1,2.3978952727983707,70.0,2.639643757483191,5.170483995038151,1,0,0,1,0,0,1,0,1,0,0,0,0,0,0,0,0,0,0,0,1,0,0
ChIJDSpW6xJaqDsRnQ9CAPvlaKg,Mahalakshmi Bakery,Easwar Nagar,Podanur,10.950566,76.997395,Bakery & Desserts,Not disclosed,3.7,19,0,2.995732273553991,115.5,6.278027873369606,2.772588722239781,0,0,0,0,0,0,1,0,0,0,0,0,0,0,0,0,0,0,0,1,1,1,0
ChIJQ7R0FR9aqDsRLIhfVE8jcjc,THE BRIGHT DAWN BAKERY & CATERING,Podanur,Podanur,10.964392,76.988073,Bakery & Desserts,Not disclosed,4.6,20,1,3.044522437723423,119.0,4.445245774259917,3.7376696182833684,0,0,0,0,0,0,1,0,0,0,0,0,0,0,0,0,0,0,0,1,1,0,0
ChIJU80GZvRbqDsRSW4jwlu1wCI,The frost treat,Thirumarai Nagar,Coimbatore,10.966631,76.972153,Bakery & Desserts,Not disclosed,5.0,13,1,2.639057329615259,84.0,3.324145975548956,3.828641396489095,1,0,0,1,0,0,1,0,0,0,0,0,0,0,0,0,0,1,0,0,1,0,0
ChIJ56mLQCFaqDsRRka9TsHjAdE,Rayz Cakes,Sai nagar,Coimbatore,10.966774,76.981867,Bakery & Desserts,Not disclosed,3.9,72,0,4.290459441148391,73.5,3.8164099994568668,3.713572066704308,1,1,0,1,0,0,0,0,0,0,0,0,0,0,0,0,0,0,0,0,1,0,0
ChIJUTZu8LhbqDsRdUp28IkzI4A,Biriyani,Anbu Nagar,Podanur,10.951303,76.996042,Multi-cuisine / General,Mid,4.1,87,0,4.477336814478207,85.0,6.122003406956989,3.044522437723423,1,0,0,1,0,0,1,1,1,1,0,0,1,1,1,0,0,1,1,0,1,0,0
ChIJedar3SFaqDsRIgaMFTtW-x4,Bismillah Ambur Biriyani,Kadaiveethi,Podanur,10.964726,76.98716,Biryani & Non-veg,Mid,3.0,17,0,2.8903717578961645,91.0,4.352201295045474,3.7376696182833684,1,0,0,1,0,0,1,1,1,0,0,0,1,1,0,0,0,0,0,0,1,0,0
ChIJxSaoX3NaqDsRSyHBaPJZnVc,Chettinadu Konar Mess,Easwar Nagar,Podanur,10.954786,76.992169,Multi-cuisine / General,Not disclosed,3.4,25,0,3.258096538021482,112.0,5.55704778392318,3.091042453358316,1,0,0,0,0,0,1,0,0,0,0,0,0,0,0,0,0,0,0,1,1,0,0
ChIJl9sQYzdaqDsRZ--HbdRY6Pw,Sivagami Mess Hotel,Gandhi Nagar,Coimbatore,10.951474,76.975583,Multi-cuisine / General,Budget,4.0,207,0,5.337538079701318,112.0,5.039131556236365,4.442651256490317,0,0,0,1,0,0,1,1,0,0,0,0,1,1,0,0,0,0,0,1,1,0,1
ChIJvVlWVEZaqDsRN4Ik_sD9Fco,Anbu Mess,SIDCO Private Industrial Estate,Coimbatore,10.945063,76.978497,Vegetarian,Budget,4.1,976,0,6.884486652042782,69.0,5.815863519281062,3.367295829986474,0,0,0,1,0,0,1,1,0,0,0,0,1,1,0,0,0,0,0,1,1,0,1
ChIJv9VAVi1bqDsRW3ZwaP3e7E8,New Kavitha Mess veg only,LIC Colony,Coimbatore,10.953991,76.974243,Biryani & Non-veg,Budget,4.0,29,0,3.4011973816621555,87.0,4.728146315351431,4.454347296253507,0,0,0,1,0,0,1,1,0,0,0,0,1,0,0,0,0,0,0,0,0,0,0
ChIJ-cvJV_ZbqDsRC4tIXsaGikY,Manam Mess,Kallimadai,Coimbatore,10.96699,77.003947,Vegetarian,Not disclosed,4.1,18,0,2.9444389791664403,87.0,5.5673899221445575,1.9459101490553132,1,0,0,1,0,0,1,0,0,0,0,0,0,0,0,0,0,0,0,1,1,0,0
ChIJc6gZNzFbqDsRlVI4RglPxcQ,Sri Velan Mess,Coimbatore,Malumichampatti,10.934223,77.002275,Multi-cuisine / General,Mid,3.8,60,0,4.110873864173311,69.0,8.06121529611538,1.6094379124341003,0,0,0,0,0,0,1,1,0,0,0,0,1,1,0,0,0,0,1,0,1,0,0
ChIJiXDiRF9bqDsR7UpjAWVEX70,Magic kitchen,Arulmurugan Nagar,Coimbatore,10.956098,76.989701,Multi-cuisine / General,Not disclosed,3.6,25,0,3.258096538021482,77.0,5.279497882605839,3.5553480614894135,1,0,0,1,0,0,0,0,0,0,0,0,0,0,0,0,0,0,0,0,1,0,0
ChIJd6Pnrt5XqDsR7ceOx2PYxvk,Grace N Bakes,Nehru Nagar West,Coimbatore,11.056252,77.038743,Bakery & Desserts,Mid,4.1,1281,0,7.156176637480615,98.0,10.874455471787366,3.58351893845611,0,0,0,1,0,0,1,0,1,0,0,0,1,0,0,0,1,1,0,0,1,0,0
ChIJWzUpPXtdqDsRLLJnVrgnIa8,KMS VEG RESTAURANT,Coimbatore,Ettimadai,10.88142,76.905604,Multi-cuisine / General,Not disclosed,4.3,203,1,5.318119993844216,109.0,13.98176960717396,2.5649493574615367,1,0,0,1,0,0,1,0,0,0,0,0,0,0,0,0,0,0,0,1,1,0,0
ChIJ-fawdKdbqDsRA1rjcHpKjuo,Hotel Anandham,Sundarapuram,Coimbatore,10.953436,76.974182,Multi-cuisine / General,Not disclosed,4.4,374,1,5.926926025970411,112.0,4.785173642737847,4.442651256490317,1,1,0,1,0,0,0,0,0,0,0,0,0,0,0,0,0,0,0,1,1,1,0
ChIJBW0x5IJXqDsRjQZ4bFKbjxU,Vasantham Bakery,Balaji Nagar,Coimbatore,11.060195,77.024587,Bakery & Desserts,Budget,4.4,42,1,3.7612001156935624,119.0,10.037904040752881,2.302585092994046,0,0,0,0,0,0,1,0,0,0,0,0,1,0,0,0,0,0,0,1,1,0,0
ChIJB92KVe9XqDsR_6f_79pPOaU,Priyaaash - The Bakehouse (Cloud Kitchen),Civil Aerodrome Post,Coimbatore,11.044272,77.038525,Bakery & Desserts,Mid,4.9,61,1,4.127134385045092,60.0,10.068055202377254,4.1588830833596715,1,0,1,1,0,0,1,0,1,0,0,0,0,0,0,0,1,1,0,0,1,0,0
ChIJ45JcYPv3qDsRZbjqaUSBRzg,Ragam Bakery,Saravanampatti,Coimbatore,11.065423,77.000473,Bakery & Desserts,Not disclosed,4.1,1175,0,7.069874128458572,105.0,8.955653689453158,3.828641396489095,1,1,0,1,0,0,1,0,0,0,0,0,0,0,0,0,0,0,0,1,1,1,0
ChIJh2NFm9xXqDsRq4KxfW1Pze4,Ashwini Ragam Bakery,Nehru Nagar West,Coimbatore,11.052431,77.038608,Bakery & Desserts,Budget,4.0,889,0,6.7912214627261855,126.0,10.600061688970426,3.4011973816621555,1,0,0,0,0,0,1,0,1,0,0,0,1,0,0,0,1,1,0,1,1,0,0
ChIJgxMPedxXqDsRY9n5L7WhSS0,Surya Bakery,Nehru Nagar West,Coimbatore,11.053688,77.038825,Bakery & Desserts,Not disclosed,3.8,1048,0,6.955592608396297,119.0,10.704105292691484,3.5553480614894135,1,0,0,1,0,0,1,0,0,0,0,0,0,0,0,0,0,0,0,1,1,0,0
ChIJhebWy5dXqDsRBq6_sd-m5eI,The Donuts,Nehru Nagar West,Coimbatore,11.042388,77.037574,Bakery & Desserts,Not disclosed,4.2,151,1,5.0238805208462765,73.5,9.867076911090313,4.110873864173311,1,1,0,1,0,0,1,0,0,0,0,0,0,0,0,0,0,0,0,0,1,1,0
ChIJi36Z8VD5qDsRz3cjO3JllOI,The yummy creamy cakes and baking classes,Ashok Nagar,Coimbatore,11.08394,77.041371,Bakery & Desserts,Not disclosed,4.9,12,1,2.5649493574615367,168.0,13.2235536233705,2.70805020110221,0,0,0,0,0,0,1,0,0,0,0,0,0,0,0,0,0,0,1,1,1,0,0
ChIJX-q8s3X4qDsRRcDk8MPxwAM,Kurunji Bakes,Thirumurugan Nagar,Coimbatore,11.063636,77.037144,Bakery & Desserts,Not disclosed,3.9,30,0,3.4339872044851463,122.5,11.281299221063282,3.091042453358316,0,0,0,1,0,0,1,0,1,0,0,0,0,0,0,0,0,0,0,1,1,0,0
ChIJfRzhrtxXqDsR76d0nfKntcg,Ragavendra Bakery,Nehru Nagar West,Coimbatore,11.050766,77.038598,Bakery & Desserts,Not disclosed,4.2,18,1,2.9444389791664403,98.0,10.487922033956659,3.6375861597263857,0,0,0,0,0,0,1,0,1,0,0,0,0,0,0,0,0,1,0,0,1,0,0
ChIJ97D2XfVXqDsR6NnxrQbAkSs,SENTHUR BAKERY,Nehru Nagar West,Coimbatore,11.053628,77.035771,Bakery & Desserts,Not disclosed,4.0,10,0,2.3978952727983707,92.0,10.438771147849817,3.4011973816621555,1,0,0,1,0,0,0,0,0,0,0,0,0,0,0,0,0,0,0,1,1,0,0
ChIJeZbbNClXqDsRY7qpxVd3IAo,FB Cakes Nehru Nagar (Airport),Nehru Nagar West,Coimbatore,11.053338,77.038838,Bakery & Desserts,Premium,4.5,547,1,6.306275286948016,108.5,10.68138773672792,3.4965075614664802,1,1,0,1,0,0,1,0,1,0,0,0,1,0,0,0,1,1,1,0,1,0,0
ChIJt32VLopXqDsRp04BRhNo4gw,BIGFRIDGE,B.R. Puram Industrial Estate,Coimbatore,11.034299,77.019069,Bakery & Desserts,Not disclosed,4.8,11,1,2.4849066497880004,87.0,7.688006938148147,4.3694478524670215,1,0,0,1,0,0,0,0,0,0,0,0,0,0,0,0,0,0,0,0,0,0,0
ChIJKXRZvvJbqDsR2afnOPPUbag,Hotel JMR,Cheran Nagar,Podanur,10.954987,76.991735,North Indian & Global,Budget,3.4,19,0,2.995732273553991,87.0,5.510659792821258,3.091042453358316,1,0,0,1,0,0,1,1,1,0,0,0,1,0,0,0,0,0,0,0,0,0,0
ChIJLUTTaeZXqDsRbTFMPEarBn8,Friends Zone Cafe,Sitra,Coimbatore,11.041601,77.037787,Cafe & Beverages,Not disclosed,5.0,46,1,3.8501476017100584,91.0,9.839925599090739,4.07753744390572,1,1,0,0,0,0,0,0,0,0,0,0,0,0,0,0,0,0,0,0,1,0,0
ChIJ30gEoiZXqDsRxU_-NNINlJk,Tasty Time,Lakshmipuram,Coimbatore,11.019123,77.022633,Cafe & Beverages,Not disclosed,4.3,37,1,3.6375861597263857,126.0,7.218407863856882,4.844187086458591,1,0,0,1,0,0,1,0,1,0,0,0,1,0,0,0,1,1,0,1,1,0,1
ChIJ72t3zH9XqDsRp_G68OmFako,KREST & NEST® Coffee Co india,Nehru Nagar West,Coimbatore,11.04805,77.038647,Cafe & Beverages,Not disclosed,4.8,206,1,5.332718793265369,91.0,10.315340473801436,4.060443010546419,1,1,0,0,0,0,0,0,0,0,0,0,0,0,0,0,0,0,0,0,1,0,0
ChIJhTHSlnT5qDsRX2Tho__h-Oc,Caffeine Drive,Dhanalakshmi Nagar,Coimbatore,11.075966,77.021188,Cafe & Beverages,Budget,4.6,47,1,3.8712010109078907,122.5,11.155051490015403,3.044522437723423,1,0,0,1,0,1,1,0,1,1,1,1,1,1,0,0,1,1,1,0,1,0,0
ChIJyei8qOn5qDsRVHQqNF_yGI8,Blackmode Cafe,Thirumurugan Nagar,Coimbatore,11.062048,77.037246,Cafe & Beverages,Not disclosed,4.5,22,1,3.1354942159291497,60.0,11.170159631191382,3.367295829986474,1,0,0,1,0,0,1,1,1,0,0,0,1,1,0,0,0,1,0,0,1,0,0
ChIJuwIdhD75qDsRKqyshL9ywlw,Covai Cartoon Cafe,Vasanth Nagar,Coimbatore,11.093236,77.031751,Fast food & Quick bites,Not disclosed,4.9,24,1,3.2188758248682006,69.0,13.388121014783648,2.1972245773362196,1,1,0,1,0,0,0,0,0,0,0,0,0,0,0,0,0,0,0,0,1,0,0
ChIJWcA_90tbqDsRNj4gop8H8EA,A1 Chettinadu Hotel,Sundarapuram,Coimbatore,10.958104,76.972064,South Indian & Regional,Not disclosed,3.8,781,0,6.661854740545311,80.5,4.221830070412076,4.418840607796598,1,0,0,1,0,0,1,0,0,0,0,0,0,0,0,0,0,0,0,0,1,1,0
ChIJU6QEDNxXqDsRqb13cBXICZ8,Avinash Vegetarian,Nehru Nagar West,Coimbatore,11.054759,77.038899,Vegetarian,Not disclosed,4.3,90,1,4.51085950651685,94.5,10.78393551458928,3.5263605246161616,1,0,0,1,0,0,0,0,0,0,0,0,0,0,0,0,0,0,0,1,1,0,0
ChIJ73aE_a75qDsRqg-glOne0sI,Sri Ram Mess,Thirumurugan Nagar,Coimbatore,11.062488,77.037166,Vegetarian,Not disclosed,4.0,11,0,2.4849066497880004,81.0,11.196613476792153,3.295836866004329,1,0,0,1,0,0,1,1,0,0,0,0,1,1,0,0,0,0,0,1,1,0,1
ChIJZek4GE_5qDsRl5w9HZQZ1hs,Fatty boyz,Nehru Nagar West,Coimbatore,11.045829,77.037946,Multi-cuisine / General,Not disclosed,5.0,27,1,3.332204510175204,38.5,10.111770711474007,4.127134385045092,0,0,0,0,0,0,0,0,0,0,0,0,0,0,0,0,0,0,0,0,1,0,0
ChIJgYqtM3tXqDsRHEaFl6FnotM,BurgerMan Avinashi Road,Civil Aerodrome Post,Coimbatore,11.043348,77.042152,Multi-cuisine / General,Not disclosed,4.5,217,1,5.384495062789089,105.0,10.34712263752696,4.110873864173311,1,1,0,1,0,1,0,0,0,1,0,0,0,0,0,0,0,0,1,0,1,0,0
ChIJtQq2yrb5qDsR9N-eihzRNbY,Mini chef,Kalapatti,Coimbatore,11.078625,77.038861,Fast food & Quick bites,Budget,5.0,17,1,2.8903717578961645,48.88333333333333,12.60016213231439,2.772588722239781,1,0,0,1,0,0,1,0,1,0,0,0,1,1,0,0,0,1,0,0,1,0,0
ChIJJVLhx-9XqDsRXkkNbTWpOUQ,FiveStar Garden - L & T Bypass,Coimbatore,Vellalur,10.962271,77.029574,Multi-cuisine / General,Not disclosed,4.0,686,0,6.532334292222349,87.5,8.264633105276065,1.0986122886681096,1,1,0,1,0,0,1,0,0,0,0,0,0,0,0,1,0,0,1,0,1,0,0
ChIJYZ6vis9RqDsRLTygf0-T-Ps,Akshaya Patra Family Restaurant,Anbu Nagar,Malumichampatti,10.948491,77.016068,Multi-cuisine / General,Premium,4.0,2437,0,7.798933310041217,84.0,7.867680640220123,0.6931471805599453,1,0,0,1,0,1,1,1,1,1,1,0,1,1,1,1,1,1,0,0,1,0,0
ChIJ0asPQQD5qDsR8us_pHmvjTo,THAAI MADI KARI VIRUNTHU,Rathinagiri Nagar,Coimbatore,11.074764,77.016778,Multi-cuisine / General,Not disclosed,4.0,512,0,6.240275845170769,66.5,10.769640138334351,3.1780538303479458,1,1,0,1,0,0,0,0,0,0,0,0,0,0,0,0,0,0,0,0,1,0,0
ChIJAUKD-AxZqDsRJ7wQZO55f1Q,Amir bhai biryani,R.S. Puram,Coimbatore,11.005449,76.960595,Biryani & Non-veg,Budget,4.4,59,1,4.0943445622221,35.0,1.209549527145139,5.187385805840755,0,0,0,1,0,0,1,1,0,0,0,0,1,0,0,0,0,0,0,0,1,0,0
ChIJUQlK0pJbqDsR8OMF_uTmU-8,Indica Fast Foods,T Block,Kovaipudur,10.945716,76.93207,Fast food & Quick bites,Not disclosed,3.6,281,0,5.641907070938114,76.88333333333334,6.3085282311804605,4.127134385045092,0,0,0,1,0,0,1,0,0,0,0,0,0,0,0,0,0,0,0,0,1,0,0
ChIJJ5nPxK5bqDsR4jQQebCtpCI,TN 63,Gokulam Colony,Coimbatore,10.944813,76.937437,Fast food & Quick bites,Not disclosed,4.9,39,1,3.6888794541139363,49.0,6.12297248264297,4.127134385045092,1,0,0,0,0,0,1,0,1,0,0,0,1,1,0,0,0,0,0,0,1,0,0
ChIJW40nfYRbqDsRW4lUBZHn_LY,Annaruchi,W Block,Coimbatore,10.942278,76.937763,Fast food & Quick bites,Not disclosed,4.9,14,1,2.70805020110221,21.0,6.36446294873609,4.110873864173311,1,0,0,1,0,0,0,0,0,0,0,0,0,0,0,0,0,0,0,0,1,0,0
ChIJEXLnSQBbqDsRgk1i5D4aNoE,VMR BIRIYANI,Kulathupalayam,Kovaipudur,10.943681,76.940558,Biryani & Non-veg,Budget,4.7,61,1,4.127134385045092,77.0,6.101963573859757,4.0943445622221,1,0,0,1,0,0,1,1,1,1,0,0,1,1,0,0,0,1,0,0,1,0,0
ChIJz-pHw-dbqDsRmL0wpEunwGM,Delhi chat kovaipudur,S - Block,Kovaipudur,10.94796,76.933589,Vegetarian,Budget,4.6,66,1,4.204692619390966,36.0,6.009390331899215,4.0943445622221,1,1,0,1,0,0,1,0,0,0,0,0,1,1,0,0,0,0,0,0,1,0,1
ChIJ-QMWfVhbqDsRmrH1tlgivHI,HOTEL VELA,A-Block,Coimbatore,10.950801,76.932417,Multi-cuisine / General,Not disclosed,4.4,109,1,4.700480365792417,77.5,5.807668651677514,3.828641396489095,1,0,0,1,0,0,0,0,0,0,0,0,0,0,0,0,0,0,1,0,1,0,0
ChIJk__L64dbqDsRMPXdVXp02kk,CHAPPATHI COMPANY,Kulathupalayam,Kovaipudur,10.939867,76.944393,Multi-cuisine / General,Budget,4.4,71,1,4.276666119016055,87.0,6.362906181250619,4.290459441148391,1,0,1,1,0,0,1,0,0,0,0,0,1,0,0,0,0,1,0,0,0,0,0
ChIJ2y9XIQtbqDsRXDeexpwaUec,Sri Ayyas Briyani House,Kulathupalayam,Kovaipudur,10.943857,76.940479,Fast food & Quick bites,Not disclosed,5.0,14,1,2.70805020110221,87.0,6.087039022318114,4.127134385045092,1,0,0,1,0,0,0,0,0,0,0,0,0,0,0,0,0,0,0,0,0,0,0
ChIJJxMCRwBbqDsRAKEH3-UuLPc,Thick shake spot,W Block,Kovaipudur,10.942547,76.935886,Cafe & Beverages,Not disclosed,4.9,30,1,3.4339872044851463,63.0,6.423287500154944,4.143134726391533,0,0,0,1,0,0,0,0,0,0,0,0,0,0,0,0,0,0,0,0,1,0,0
ChIJGzSk2WL5qDsRugpQiLU2Z20,Amirtha Mess,Vasanth Nagar,Coimbatore,11.093656,77.031472,Multi-cuisine / General,Budget,4.9,12,1,2.5649493574615367,96.0,13.409015023245122,2.1972245773362196,1,0,0,1,0,0,1,0,0,0,0,0,1,1,0,0,0,0,0,1,1,0,0
ChIJfc3jXQn5qDsR58rYrMjCdZ4,SRI NACHIYAR AMMAN MESS,Veeriampalyam,Coimbatore,11.0649,77.037358,Multi-cuisine / General,Not disclosed,4.8,16,1,2.833213344056216,87.0,11.394372939204601,3.091042453358316,1,0,0,1,0,0,0,0,0,0,0,0,0,0,0,0,0,0,0,0,0,0,0
ChIJgSviSPb3qDsRE9YWryDDbLE,Bhagyam Mess,Balaji Nagar,Coimbatore,11.074396,77.008699,Multi-cuisine / General,Budget,3.9,181,0,5.204006687076795,113.5,10.265308999617496,4.127134385045092,0,0,0,0,0,0,1,1,0,0,0,0,1,0,0,0,0,0,1,1,1,0,0
ChIJKQX2DVhbqDsRI5rvuQLbIbA,Hotel Indica,Kulathupalayam,Kovaipudur,10.945275,76.938372,South Indian & Regional,Budget,4.0,652,0,6.481577129276431,71.75,6.033328182859368,4.127134385045092,0,0,0,1,0,0,1,1,1,0,1,0,1,1,0,0,1,1,0,0,1,0,0
ChIJxVRjkatbqDsRozzM-T4XIbA,BLESS BIRIYANI,Vasantham nagar,Kuniyamuthur,10.937851,76.948577,Biryani & Non-veg,Budget,4.6,28,1,3.367295829986474,51.0,6.463599558680959,4.007333185232471,1,0,0,1,0,0,1,1,1,1,0,0,1,0,0,0,0,1,0,0,1,0,0
ChIJ3-whXQBbqDsRyZwMop2NvHs,Kongu Maddie's Biriyani,W Block,Kovaipudur,10.941398,76.937021,Multi-cuisine / General,Not disclosed,5.0,15,1,2.772588722239781,71.0,6.486843616939383,4.07753744390572,1,0,0,1,0,0,0,0,0,0,0,0,0,0,0,0,0,0,0,0,1,0,0
ChIJc9ucEABbqDsRdxpuiu4xxio,Sree Periyanayagi Hotel,Perumal Nagar,Kovaipudur,10.939753,76.936107,Biryani & Non-veg,Budget,4.1,116,0,4.762173934797756,84.0,6.694613125952382,4.02535169073515,0,0,0,0,0,0,1,1,0,0,0,0,1,0,0,0,0,0,0,0,1,0,0
ChIJwTjdZqpXqDsRVVX_Zj88BlU,City Restaurant,Sitra,Coimbatore,11.036552,77.035904,South Indian & Regional,Not disclosed,3.2,171,0,5.147494476813453,87.0,9.374830189687302,3.7612001156935624,0,0,0,1,0,0,0,0,0,0,0,0,0,0,0,0,0,0,0,0,0,0,0
ChIJcfw0uMhZqDsROrt-yavjYt8,Sun Restaurant,Puliakulam,Coimbatore,11.005177,76.992302,South Indian & Regional,Mid,4.1,20,0,3.044522437723423,101.5,3.5721790876681245,4.454347296253507,0,0,0,1,0,0,1,1,0,0,0,0,1,1,0,0,1,0,0,0,1,0,0
ChIJ53DT1CBaqDsRSNMbo7SxZa8,MALAR VIZHI HOTEL,Kadaiveethi,Coimbatore,10.964625,76.987725,Fast food & Quick bites,Budget,4.6,25,1,3.258096538021482,84.0,4.400801785696523,3.7376696182833684,1,0,0,1,0,0,1,1,0,0,0,0,1,0,0,0,0,0,1,0,1,0,0
ChIJfTVnnFZZqDsRwfW5H3WFf3c,Hotel New Cheap & Best,Karumbukkadai,Coimbatore,10.978071,76.96606,Multi-cuisine / General,Not disclosed,4.7,12,1,2.5649493574615367,87.0,1.9070327254854362,3.258096538021482,0,0,0,0,0,0,0,0,0,0,0,0,0,0,0,0,0,0,0,0,0,0,0
ChIJnyKd-IBZqDsRtsJZsMRkHrs,Modern Hot Chips,Kurichi,Coimbatore,10.970364,76.970645,Bakery & Desserts,Not disclosed,4.1,124,0,4.8283137373023015,91.0,2.8776759408439885,3.5553480614894135,1,0,0,1,0,0,1,0,0,0,0,0,0,0,0,1,0,0,0,0,1,0,0
ChIJSaev0utZqDsR5YpXiZSsfMY,Arabian Mandi,Thirumarai Nagar,Podanur,10.970194,76.970192,Multi-cuisine / General,Not disclosed,4.0,25,0,3.258096538021482,87.5,2.8785243328244077,3.58351893845611,1,0,0,1,0,0,0,0,0,0,0,0,0,0,0,0,0,0,1,0,1,0,0
ChIJhXAaxCVbqDsR0LaixWG1jK8,VMK BAKES,Kulathupalayam,Kovaipudur,10.939919,76.943957,Bakery & Desserts,Not disclosed,4.0,729,0,6.593044534142437,168.0,6.37143782681787,4.290459441148391,0,0,0,0,0,0,0,0,0,0,0,0,0,0,0,0,0,0,1,1,1,1,0
ChIJ_1jTauxbqDsRdUsT0ZGElMY,"J.R.Bakes, Kovaipudur",Kulathupalayam,Kovaipudur,10.950337,76.934137,Bakery & Desserts,Not disclosed,4.0,2299,0,7.7406644019172415,121.5,5.751644896682138,3.912023005428146,0,0,0,0,0,0,0,0,0,0,0,0,0,0,0,0,0,0,1,1,1,1,0
ChIJp1OR4R5bqDsRWzmXf3mRCPM,MSD Shawarma,Easwar Nagar,Podanur,10.954313,76.992913,Biryani & Non-veg,Budget,3.3,23,0,3.1780538303479458,30.0,5.648134696313434,3.091042453358316,1,0,0,1,0,0,1,0,1,0,0,0,1,1,0,0,0,1,0,0,1,1,0
ChIJWUxssttbqDsR_78cmgGZ0m4,FB Cakes,Vasantham Nagar,Kovaipudur,10.939882,76.944201,Bakery & Desserts,Not disclosed,4.8,239,1,5.480638923341991,105.0,6.367459443875315,4.276666119016055,1,1,0,1,0,0,0,0,0,0,0,0,0,0,0,0,0,0,0,0,1,1,0
ChIJcSBnilQ2OQ0R3UJpilJZz8E,Dhaksh Home Bakers,Paripoorna Estates,Kovaipudur,10.949227,76.924583,Bakery & Desserts,Not disclosed,5.0,34,1,3.5553480614894135,70.0,6.4503584822117075,3.044522437723423,1,1,0,1,0,0,0,0,0,0,0,0,0,0,0,0,0,0,0,0,1,0,0
ChIJOwuV7uxbqDsRhPmiBQ5bB2Y,Tamilarsi Bakery,S - Block,Kovaipudur,10.947914,76.933603,Bakery & Desserts,Budget,4.1,111,0,4.718498871295094,112.0,6.013033878139881,4.0943445622221,0,0,0,1,0,0,1,0,1,0,0,0,0,0,0,0,0,0,0,1,1,0,0
ChIJ0VqMjG9bqDsRnMwzb-gBSv8,J R Bakes,Perur,Kovaipudur,10.941358,76.94299,Bakery & Desserts,Not disclosed,4.2,76,1,4.343805421853684,87.0,6.25205257226506,4.0943445622221,0,0,0,1,0,0,0,0,0,0,0,0,0,0,0,0,0,0,0,0,0,1,0
ChIJ_6AQfexbqDsR3Si2Ck2Ig30,GANGA BAKES,Kulathupalayam,Kovaipudur,10.949175,76.935065,Bakery & Desserts,Budget,4.0,265,0,5.583496308781699,126.0,5.811825941828862,4.060443010546419,0,0,0,1,0,0,1,0,1,0,0,0,0,0,0,0,0,1,0,1,1,0,0
ChIJezgNexlbqDsRY-o-IxCtxmk,J J cake world,Bharathi Nagar,Kovaipudur,10.941808,76.934867,Bakery & Desserts,Budget,3.9,85,0,4.454347296253507,105.5,6.545887861863911,4.060443010546419,1,1,0,1,0,0,1,0,1,0,0,0,0,0,0,0,1,1,0,1,1,0,0
ChIJKRAFwuRbqDsR3GASOZVCVNA,NRS Cafe & Bakes,Sundakkamuthur,Coimbatore,10.960794,76.931139,Bakery & Desserts,Not disclosed,3.9,512,0,6.240275845170769,112.0,5.0042253960409,2.302585092994046,1,0,0,1,0,0,0,0,0,0,0,0,0,0,0,0,0,0,0,1,1,0,0
ChIJ59pDLXNbqDsR6e8KLeT-3jQ,Tia's Healthy Bakes,Perumal Nagar,Coimbatore,10.940867,76.926173,Bakery & Desserts,Not disclosed,4.9,84,1,4.442651256490317,84.0,7.105397450939174,2.772588722239781,1,0,1,1,0,0,0,0,0,0,0,0,0,0,0,0,0,0,0,0,1,0,0
ChIJFdZMIQBbqDsRQjeTQV6nyr8,Tempt and Melt,A-Block,Kovaipudur,10.944736,76.937427,Bakery & Desserts,Mid,4.8,25,1,3.258096538021482,87.0,6.1311808878135725,4.127134385045092,0,0,0,0,0,0,1,0,0,0,0,0,0,0,0,0,0,0,0,0,0,0,0
ChIJTcVRnOpbqDsRXqWPXATmhTE,Ariv Lando Cake,Bharathi Nagar,Kovaipudur,10.940672,76.93577,Bakery & Desserts,Not disclosed,3.4,10,0,2.3978952727983707,168.0,6.617124493598669,4.0943445622221,1,0,0,1,0,0,1,0,1,0,1,0,1,0,0,0,1,1,1,1,1,0,0
ChIJr2p3UQBbqDsRyQOjbUlMyJY,Ok sweets and snacks,Kulathupalayam,Kovaipudur,10.946537,76.937227,Bakery & Desserts,Not disclosed,3.7,71,0,4.276666119016055,112.0,5.960321575674189,4.060443010546419,0,0,0,0,0,0,0,0,0,0,0,0,0,0,0,0,0,0,0,1,1,0,0
ChIJESm_FWJbqDsRc2gkbbfdbE8,MUTHU BAKES,Kulathupalayam,Kovaipudur,10.939936,76.943824,Bakery & Desserts,Not disclosed,4.1,49,0,3.912023005428146,112.11666666666666,6.37398925069639,4.304065093204169,1,0,0,0,0,0,1,0,0,0,0,0,0,0,0,0,0,0,1,1,1,0,0
ChIJwT84MO1bqDsRFBeD9hmUNh4,Sanu Bakes,S - Block,Kovaipudur,10.946544,76.931823,Bakery & Desserts,Not disclosed,4.4,18,1,2.9444389791664403,105.0,6.243272198911301,4.0943445622221,0,0,0,1,0,0,0,0,0,0,0,0,0,0,0,0,0,0,0,1,1,0,0
ChIJk89McfZbqDsRic_U9r2GgwY,Thendral Bakes,Bharathi Nagar,Kovaipudur,10.940835,76.935691,Bakery & Desserts,Not disclosed,3.9,26,0,3.295836866004329,105.0,6.604363813695222,4.0943445622221,1,0,0,1,0,0,0,0,0,0,0,0,0,0,0,0,0,0,0,1,1,0,0
ChIJP5fcRdRbqDsRscGh-xAjyQY,Madurai Famous Jigarthanda,A-Block,Coimbatore,10.952489,76.931552,Multi-cuisine / General,Not disclosed,4.6,43,1,3.784189633918261,80.5,5.704589355395547,3.58351893845611,1,1,0,1,1,0,1,1,0,0,1,0,1,1,0,0,0,1,0,0,1,1,0
ChIJ3ww2zUpbqDsR2cgYl41usVA,Taj Restaurant,Pirivu,Coimbatore,10.937418,76.951196,Multi-cuisine / General,Not disclosed,4.0,28,0,3.367295829986474,87.0,6.4551839065473064,3.9889840465642745,1,0,0,1,0,0,0,0,0,0,0,0,0,0,0,0,0,0,0,0,0,0,0
ChIJw8izxWFbqDsRvl7j6a3fq8M,FUSION MALABARI,Arivozi Nagar,Coimbatore,10.936186,76.931209,Multi-cuisine / General,Not disclosed,4.9,23,1,3.1780538303479458,27.0,7.283659746530295,3.044522437723423,1,0,0,1,0,0,1,1,1,0,0,0,1,1,0,0,0,1,0,0,1,0,0
ChIJ1Q7-wnlbqDsRzjjmfv9522E,Madurai Butter Bun,Coimbatore,Kovaipudur,10.9453,76.936584,Multi-cuisine / General,Not disclosed,4.7,27,1,3.332204510175204,24.5,6.114733603362567,4.07753744390572,1,0,0,1,0,0,1,0,0,0,0,0,1,1,0,0,1,1,0,0,1,0,0
ChIJoXr0pkpbqDsRKVlYwK4JrPY,"Mud Cups, Coimbatore",Kulathupalayam,Kovaipudur,10.939936,76.943824,Cafe & Beverages,Not disclosed,4.8,2476,1,7.814803429489359,91.0,6.37398925069639,4.304065093204169,1,1,0,1,0,0,0,0,0,0,0,0,0,0,0,0,0,0,0,0,1,0,0
ChIJDwRvduBbqDsRNN4gJ4c-Kqg,The E A Cafe (The Ecstatic Amour),A-Block,Coimbatore,10.953282,76.930642,Cafe & Beverages,Not disclosed,5.0,46,1,3.8501476017100584,91.0,5.690474246121047,3.4965075614664802,1,0,0,1,0,0,0,0,0,0,0,0,0,0,0,0,0,0,0,0,1,0,0
ChIJxaIuTqNbqDsRd3NgQi3hyMU,Terminus Cafe,Bharathi Nagar,Coimbatore,10.941482,76.935077,Cafe & Beverages,Budget,4.2,70,1,4.2626798770413155,77.0,6.568354640763888,4.07753744390572,1,0,0,0,0,0,1,1,0,0,0,0,1,1,0,0,0,1,0,0,1,0,0
ChIJmeB1735bqDsRvzUnvV-Aemg,Trio Bean Cafe,Vivekanandapuram,Coimbatore,10.938163,76.948219,Cafe & Beverages,Budget,5.0,34,1,3.5553480614894135,91.0,6.438355591415314,4.007333185232471,1,0,0,1,0,0,1,0,1,0,0,0,1,1,0,0,1,1,0,0,1,0,0
ChIJg3aeWKxbqDsRjy5JGoBfvV8,Smaak Waffles,Q - Block,Kovaipudur,10.949634,76.928701,Cafe & Beverages,Not disclosed,4.9,17,1,2.8903717578961645,30.0,6.14338835231815,3.6109179126442243,1,1,0,1,0,0,0,0,0,0,0,0,0,0,0,0,0,0,0,0,1,0,0
ChIJ3Y5SK2BbqDsRqNgyOSxD3Aw,Meltro,Meltro,Coimbatore,10.9447,76.937678,Cafe & Beverages,Not disclosed,4.9,15,1,2.772588722239781,39.0,6.123163190840306,4.127134385045092,1,0,1,1,0,0,1,0,0,1,1,1,1,1,0,0,0,1,0,0,1,0,0
ChIJ1U-6LABbqDsRCw64XyOSSQs,Butter-Licious,Kovaipudur,Coimbatore,10.940411,76.936112,Multi-cuisine / General,Not disclosed,4.9,67,1,4.219507705176107,24.0,6.627799641906723,4.060443010546419,1,0,0,1,0,0,0,0,0,0,0,0,0,0,0,0,0,0,0,0,1,0,0
ChIJ25hM5z1bqDsREj8gwzUdGFM,COVAI COFFEE CORNER,A-Block,Kovaipudur,10.948294,76.934435,Multi-cuisine / General,Not disclosed,4.8,21,1,3.091042453358316,84.0,5.930995704257537,4.07753744390572,1,0,0,1,0,0,1,0,0,0,0,0,1,1,0,0,0,0,0,0,1,0,0
ChIJ9wZLWkRbqDsRR-JOLFxzveg,G Gounder Mess,Kulathupalayam,Kovaipudur,10.946687,76.939641,Multi-cuisine / General,Not disclosed,4.0,43,0,3.784189633918261,94.5,5.8331917691690025,4.110873864173311,0,0,0,0,0,0,1,0,0,0,0,0,0,0,0,0,0,0,0,0,1,0,0
ChIJzTnr8FdbqDsRCSxOtkI53D0,Ramesh Mess,T Block,Kovaipudur,10.947555,76.933692,Multi-cuisine / General,Not disclosed,3.9,123,0,4.820281565605037,112.0,6.042662727793211,4.0943445622221,0,0,0,0,0,0,1,0,0,0,0,0,0,0,0,0,0,0,0,1,1,0,0
ChIJy4RYr5VbqDsRH9MZsh-WgAM,AMMA UNAVAGAM,X Block,Kovaipudur,10.943166,76.939055,Multi-cuisine / General,Not disclosed,4.1,80,0,4.394449154672439,90.0,6.217654284229748,4.127134385045092,0,0,0,0,0,0,1,0,0,0,0,0,0,0,0,0,0,0,1,1,1,1,0
ChIJB9wO9DFbqDsR3qwTUnQqy5I,Nalan Mess,Vivekanandapuram,Kovaipudur,10.939352,76.94746,Multi-cuisine / General,Budget,3.5,50,0,3.9318256327243257,90.0,6.328966767386804,4.060443010546419,0,0,0,1,0,0,1,0,0,0,0,0,1,0,0,0,0,0,0,1,1,0,0
ChIJFcHfi_tYqDsRNG-1GsxsFQw,Alagu Mess Vegetarian Restaurant,Tatabad,Coimbatore,11.019258,76.956751,Vegetarian,Not disclosed,4.5,90,1,4.51085950651685,39.0,2.7884049371727686,4.976733742420574,1,0,0,1,0,0,1,0,0,0,0,0,0,0,0,0,0,0,0,1,1,0,0
ChIJv8ZZJH1bqDsRYfRTB0EDcXw,ஆரோக்கியம் காப்போம் பாரம்பரிய சிறுதானிய உணவகம்.,Kovaipudur,Kovaipudur,10.946716,76.935092,Multi-cuisine / General,Budget,4.7,23,1,3.1780538303479458,56.0,6.0495788241086075,4.0943445622221,1,1,0,1,0,0,1,0,0,0,0,0,1,1,0,0,0,0,0,0,1,0,1
ChIJtx200ZRbqDsRWd3DCJxVhWE,Ooty Restaurant,Kulathupalayam,Kovaipudur,10.945717,76.937834,Biryani & Non-veg,Not disclosed,3.9,87,0,4.477336814478207,80.5,6.013572106459127,4.127134385045092,1,0,0,1,0,0,1,0,0,0,0,0,0,0,0,0,0,0,0,0,1,0,0
ChIJf9vGfOxbqDsReq8Ew7tk-38,Red ChiLLies - Hotel,Kulathupalayam,Kovaipudur,10.949189,76.9347,Multi-cuisine / General,Budget,4.2,82,1,4.418840607796598,101.5,5.830289187509294,4.060443010546419,1,0,0,1,0,0,1,0,1,0,0,0,0,0,0,0,0,1,0,0,1,0,0
ChIJVQjGIABbqDsRiBLZg0c6hc4,way to health natural foods,Kulathupalayam,Kovaipudur,10.942792,76.942451,Vegetarian,Budget,4.9,39,1,3.6888794541139363,84.08333333333333,6.120908514221343,3.9512437185814275,1,0,0,1,0,0,1,0,0,0,0,0,1,1,0,0,0,0,0,1,1,0,1
ChIJF-59AxxWqDsRhmuaGf9PBng,Sai Bakes & Cafe,Neelambur,Neelambur,11.060511,77.087996,Bakery & Desserts,Not disclosed,4.0,481,0,6.1779441140506,133.0,15.640355417047548,3.58351893845611,0,0,0,0,0,0,0,0,0,0,0,0,0,0,0,0,0,0,0,1,1,0,0
ChIJbXn3xOv5qDsROWpj2KZADC0,Oliive Garden Cafe,Neelambur,Coimbatore,11.069692,77.08509,Cafe & Beverages,Budget,4.8,13,1,2.639057329615259,84.0,15.873163240327825,3.091042453358316,1,0,0,1,0,1,1,0,1,1,0,0,1,1,1,0,0,0,0,0,1,0,0
ChIJgXki0L35qDsRUrb7RRGQbA8,Your's Cafè,Neelambur,Neelambur,11.070208,77.085236,Cafe & Beverages,Not disclosed,4.5,16,1,2.833213344056216,84.0,15.916938235124228,2.772588722239781,1,0,0,1,0,0,0,0,0,0,0,0,0,0,0,0,0,0,0,0,1,0,0
ChIJ36eP9lr_qDsRXY_YqZpuzIo,Cafe crave in,Velayutham Nagar,Neelambur,11.070323,77.102682,Cafe & Beverages,Not disclosed,4.5,30,1,3.4339872044851463,98.0,17.568658835896386,2.772588722239781,1,0,0,0,0,0,0,0,0,0,0,0,0,0,0,0,0,0,0,0,1,0,0
ChIJXcAv7yFWqDsR7RWTLQ5z6ow,Sri Divya Bakes,Cexus Nagar,Neelambur,11.058529,77.078464,Cafe & Beverages,Not disclosed,4.1,3263,0,8.090708716083997,136.5,14.62100271272727,3.5263605246161616,0,0,0,1,0,0,1,0,0,0,0,0,0,0,0,1,0,0,0,1,1,0,0
ChIJDRAwe8JXqDsR-EQT6QrQVPs,Velan Kaappi Neelambur,Cexus Nagar,Neelambur,11.05927,77.081207,Cafe & Beverages,Budget,4.5,15,1,2.772588722239781,87.0,14.922840740024078,3.6635616461296463,1,0,0,1,0,0,1,0,0,0,0,0,1,1,0,0,0,1,0,0,0,0,0
ChIJ2dTwJzz5qDsRKh3OPc6nVSs,SINGAI STAR BIRIYANI HOME,Coimbatore Goods Transport Association,Neelambur,11.065578,77.096246,Biryani & Non-veg,Not disclosed,4.4,29,1,3.4011973816621555,76.5,16.699875673740276,2.8903717578961645,0,0,0,1,0,0,0,0,0,0,0,0,0,0,0,0,0,0,0,0,1,0,0
ChIJdYulPh1WqDsR6T1M7jzHOmM,3.Aavani Bakery,Neelambur,Neelambur,11.06183,77.089856,Cafe & Beverages,Budget,3.8,498,0,6.212606095751519,168.0,15.888427978388107,3.5553480614894135,1,0,0,0,0,0,1,1,1,0,1,0,1,1,1,0,0,0,1,1,1,0,0
ChIJQXs6TI5XqDsRuVJImtrFzOI,Ponzu Restaurant,Cexus Nagar,Neelambur,11.059177,77.074978,North Indian & Global,Not disclosed,4.2,43,1,3.784189633918261,28.0,14.325694358178767,3.4657359027997265,0,0,0,1,0,1,1,0,0,1,0,0,0,0,0,0,0,0,0,0,1,0,0
ChIJf5LyPQBXqDsRa6Sn8dqQTGs,Krave Food Court,Cexus Nagar,Neelambur,11.059335,77.081212,Multi-cuisine / General,Not disclosed,4.3,96,1,4.574710978503383,114.0,14.92680172790888,3.6635616461296463,1,0,0,1,0,0,1,0,0,0,0,0,0,0,0,1,0,0,1,1,1,0,0
ChIJuRACfR5WqDsRyb_Okr7EyVo,Modern Restaurant,Neelambur,Neelambur,11.060853,77.084902,Fast food & Quick bites,Mid,4.2,640,1,6.46302945692067,97.0,15.36105116334847,3.713572066704308,1,0,0,1,0,0,1,1,1,0,1,0,1,1,0,0,1,1,0,0,1,0,0
ChIJW20mRBH4qDsR0EujOAXbH2g,KVK BAKES,Neelambur,Coimbatore,11.060868,77.085056,Fast food & Quick bites,Not disclosed,4.1,74,0,4.31748811353631,133.0,15.376600937437669,3.6888794541139363,1,0,0,1,0,0,0,0,0,0,0,0,0,0,0,0,0,0,0,1,1,1,0
ChIJV6FAB9pXqDsR6B5uPe-b6Ck,Breadboyz Neelambur,Saali,Coimbatore,11.063053,77.090354,Bakery & Desserts,Mid,4.7,195,1,5.278114659230518,105.0,16.000626253773195,3.58351893845611,1,0,0,0,0,0,1,0,0,0,0,0,1,0,0,0,1,1,0,1,1,0,0
ChIJY5yaEmVbqDsRn-Uhbp8AbEs,KOVAI ARABIAN KNIGHTS,T Block,Kovaipudur,10.945975,76.931843,Fast food & Quick bites,Not disclosed,3.9,54,0,4.007333185232471,87.0,6.296392104606765,4.110873864173311,0,0,0,0,0,0,1,0,0,0,0,0,0,0,0,0,0,0,0,0,0,0,0
ChIJgVfkdwBbqDsRo9ki-AFLcew,Hashtag 91,BK Pudur,Kuniyamuthur,10.936894,76.950813,Cafe & Beverages,Budget,4.5,24,1,3.2188758248682006,86.0,6.519865265697598,3.9889840465642745,1,0,0,1,0,0,1,0,0,0,0,0,0,1,0,0,0,0,0,0,1,0,0
ChIJgWEAmZNbqDsRhvFRSYfhnlY,Arun Ice Creams,Bharathi Nagar,Kovaipudur,10.942943,76.93437,Bakery & Desserts,Not disclosed,4.1,75,0,4.330733340286331,108.5,6.457558577029561,4.07753744390572,1,0,0,0,0,0,1,0,1,0,0,0,0,1,0,0,0,0,0,1,1,1,0
ChIJS2--TQBfqDsRjxwXTeL1X5g,TEA MAX CAFE PERUR,Perur,Perur Chettipalayam,10.96753,76.912558,Cafe & Beverages,Not disclosed,4.6,24,1,3.2188758248682006,112.0,6.122558612195343,3.091042453358316,1,0,0,1,0,0,0,0,0,0,0,0,0,0,0,0,0,0,0,1,1,0,0
ChIJc9waR21ZqDsR7Sbug9yRRNQ,Namma Veedu Paniyaram,Selvapuram South,Coimbatore,10.990057,76.937921,South Indian & Regional,Not disclosed,4.0,57,0,4.060443010546419,140.0,2.6121567263586054,4.204692619390966,1,0,0,1,0,0,1,1,1,0,0,0,1,1,0,0,1,1,1,1,1,0,0
ChIJnZtwkZNbqDsRsPQP0FOSKZU,Sajin Idiyappam & Kulaaputtu Kadai,V Block,Kovaipudur,10.942473,76.934626,Multi-cuisine / General,Not disclosed,4.3,14,1,2.70805020110221,28.0,6.491459816255255,4.04305126783455,0,0,0,1,0,0,1,0,0,0,0,0,1,1,0,0,0,0,0,0,1,0,0
ChIJlYUaQkhbqDsRW1omMBztfPQ,Abis Rest'o'bar,Kurichi,Coimbatore,10.95658,76.97261,Multi-cuisine / General,Not disclosed,4.3,367,1,5.908082938168931,91.0,4.401169562305431,4.442651256490317,0,0,0,1,0,1,1,0,0,1,0,0,0,0,0,0,0,0,1,0,1,0,0
ChIJ3UImSihbqDsRb7JoxrVLqV4,Sri Thaayar Chettinadu Hotel,Sundarapuram,Kurichi,10.959106,76.97354,Multi-cuisine / General,Not disclosed,4.5,17,1,2.8903717578961645,98.0,4.163296208624405,4.430816798843313,0,0,0,0,0,0,1,1,0,0,0,0,1,0,0,0,0,0,0,0,1,0,0
ChIJEUFjvGVbqDsRDcu-MJtK3eA,Hotel Anandham,Opposite To Abirami Hospital,Coimbatore,10.952499,76.972617,Cafe & Beverages,Not disclosed,3.7,378,0,5.937536205082426,108.5,4.838903895337648,4.418840607796598,1,0,1,0,0,0,1,0,0,0,0,0,0,0,0,0,0,0,0,1,1,1,0
ChIJ6ZQ2YxJYqDsRmGuRDWQeflQ,Sarathi Mess,KK Nagar,Coimbatore,11.047571,76.990358,Multi-cuisine / General,Not disclosed,4.4,32,1,3.4965075614664802,28.0,6.684513574507914,4.110873864173311,1,0,0,1,0,0,1,0,0,0,0,0,0,0,0,0,0,0,0,0,1,0,0
ChIJB8flCQpZqDsRL6wi4GWNjMs,Sri Renuga Devi mess,Ganapathy,Coimbatore,11.049915,76.990226,South Indian & Regional,Not disclosed,4.4,48,1,3.8918202981106265,87.0,6.908698852565634,4.143134726391533,1,0,0,1,0,0,1,0,0,0,0,0,0,0,0,0,0,0,0,0,0,0,0
ChIJ9eJDTwxXqDsR3lgtpYsJLcg,Sivakannan Restaurant Chinniyamapalayam,Chinniyampalayam,Chinniampalayam,11.054973,77.06532,Biryani & Non-veg,Not disclosed,3.8,1105,0,7.00850518208228,76.5,13.179919339394038,3.4965075614664802,1,1,0,1,0,0,1,0,0,0,0,0,0,0,0,0,0,0,0,0,1,0,0
ChIJE4lS1VVXqDsRLXuWIoug3fE,NS A1 BISMI AMBUR BRIYANI,Chinniyampalayam,Chinniampalayam,11.054853,77.064664,Fast food & Quick bites,Budget,4.4,19,1,2.995732273553991,87.0,13.11153458340992,3.5263605246161616,1,0,0,1,0,0,1,0,0,0,0,0,1,1,0,0,0,0,0,0,0,0,0
ChIJix56SC9WqDsR1vBBSGAi5Z4,KONGU MESS,Chinniyampalayam,Chinniampalayam,11.056321,77.066622,Multi-cuisine / General,Not disclosed,3.6,102,0,4.634728988229636,112.0,13.378652085908538,3.5553480614894135,0,0,0,0,0,0,0,0,0,0,0,0,0,0,0,0,0,0,0,1,1,0,0
ChIJwfHH2xRXqDsR0IKpRfTc9Cc,SELVARAAHAFOODS,Chinniyampalayam,Coimbatore,11.047175,77.053788,Multi-cuisine / General,Budget,4.4,33,1,3.5263605246161616,87.0,11.655723087555232,2.8903717578961645,1,0,0,1,0,0,1,0,0,0,0,0,1,1,0,0,0,1,0,0,0,0,0
ChIJjbdNEwD5qDsRg8FBshoaJL4,CHENDHUR RESTAURANT,Mylampatti,Coimbatore,11.078102,77.064639,Multi-cuisine / General,Mid,4.6,18,1,2.9444389791664403,84.0,14.60014710677735,1.0986122886681096,1,0,0,0,0,0,1,1,1,0,0,0,1,1,0,0,0,0,0,0,1,0,0
ChIJa-GzfQBXqDsRndVZQkXJVP8,KONGUNAM,Cexus Nagar,Coimbatore,11.058425,77.077766,Multi-cuisine / General,Not disclosed,4.6,17,1,2.8903717578961645,84.0,14.548835990525776,3.4965075614664802,1,1,0,0,0,0,0,0,0,0,0,0,0,0,0,0,0,0,0,0,1,0,0
ChIJybNjafNXqDsRj8-fUQ_KPvQ,HOTEL BHAVAN,Chinniyampalayam,Chinniampalayam,11.05482,77.064088,Multi-cuisine / General,Not disclosed,3.9,33,0,3.5263605246161616,87.0,13.055653144472275,3.4965075614664802,1,0,0,1,0,0,1,0,0,0,0,0,0,0,0,0,0,0,0,0,0,0,0
ChIJiytyDqVXqDsREerE20ENL9c,Zero Degree Bar,Chinniyampalayam,Mylampatti,11.058158,77.070117,Multi-cuisine / General,Not disclosed,4.6,110,1,4.709530201312334,72.0,13.810858492842092,3.6635616461296463,1,1,0,1,0,1,0,0,0,1,0,0,0,0,0,0,0,0,0,0,1,0,0
ChIJ3TZkbABXqDsRxvadAISzoos,COVAI 7 STARS,Chinniyampalayam,Chinniampalayam,11.056733,77.066564,Multi-cuisine / General,Premium,4.2,55,1,4.02535169073515,91.0,13.396780029324315,3.5553480614894135,1,0,0,1,0,0,1,1,0,0,1,0,1,0,0,0,0,0,1,0,1,0,0
ChIJxVXzFwBXqDsR4F33eWh_2sk,Sun Hotels,Rangasamy Gounden Pudur,Coimbatore,11.050437,77.058813,Multi-cuisine / General,Not disclosed,4.3,413,1,6.025865973825314,84.0,12.31213423275565,3.4339872044851463,1,0,0,1,0,0,0,0,0,0,0,0,0,0,0,0,0,0,0,0,1,0,0
ChIJRfwJnH5XqDsRIDvgCxCoQDs,Buck's Bar,Chinniyampalayam,Chinniampalayam,11.055036,77.063817,Multi-cuisine / General,Not disclosed,4.3,54,1,4.007333185232471,91.0,13.042626409285354,3.4657359027997265,1,1,0,1,0,0,0,0,0,0,0,0,0,0,0,0,0,0,1,0,1,0,0
ChIJbQkahtn5qDsRLTHhhez7Ln0,Sun 'n' Moon Hi-way Restaurant,Velayutham Nagar,Coimbatore,11.070379,77.100522,Multi-cuisine / General,Premium,3.7,75,0,4.330733340286331,77.0,17.365141729817616,2.833213344056216,1,0,0,1,0,0,1,1,1,1,1,0,1,1,0,0,1,1,0,0,1,0,0
ChIJze8Rec5bqDsRmlNIsC-IToU,Mud & crust,Gandhi Nagar,Kurichi,10.956968,76.976176,Cafe & Beverages,Budget,4.9,11,1,2.4849066497880004,119.0,4.484593737754422,4.48863636973214,1,0,0,1,0,0,1,0,1,0,0,0,1,1,0,0,0,1,0,1,1,0,0
ChIJj1ZtawBbqDsRC_UMQKQ-LwQ,Sundarapuram,LIC Colony,Coimbatore,10.947205,76.975193,Cafe & Beverages,Not disclosed,4.9,15,1,2.772588722239781,87.0,5.480954030041557,4.143134726391533,0,0,0,0,0,0,0,0,0,0,0,0,0,0,0,0,0,0,0,0,0,0,0
ChIJYW7GegBbqDsRIpuBO8oSEZk,Teaboy,Sundarapuram,Coimbatore,10.964191,76.970613,Cafe & Beverages,Budget,4.4,21,1,3.091042453358316,129.5,3.527715394759885,4.060443010546419,0,0,0,0,0,0,1,0,0,0,0,0,1,1,0,0,0,0,1,1,1,1,0
ChIJA7YQ_gJXqDsRBC4cQakdJeU,Bakery,Neelambur,Neelambur,11.056705,77.084547,Bakery & Desserts,Not disclosed,3.8,270,0,5.602118820879701,87.0,15.110867446901754,3.6375861597263857,0,0,0,0,0,0,0,0,0,0,0,0,0,0,0,0,0,0,0,0,0,0,0
ChIJv1Yg_opXqDsR9qkB0IV5aeg,Saaral Bakes & Cakes,Cexus Nagar,Coimbatore,11.058857,77.079962,Bakery & Desserts,Not disclosed,4.0,207,0,5.337538079701318,115.5,14.78167590308983,3.5263605246161616,1,0,0,0,0,0,1,0,0,0,0,0,0,0,0,0,0,0,0,1,1,0,0
ChIJ3f___6b4qDsRdTO-0kDjqkI,shri sashti bakery,NPS Nagar,Neelambur,11.061379,77.086305,Bakery & Desserts,Premium,4.0,216,0,5.37989735354046,133.0,15.523473466268813,3.713572066704308,0,0,0,1,0,0,1,0,1,0,0,0,0,0,0,0,0,0,0,1,1,0,0
ChIJnQCKr1BXqDsRtS67k7o6_zc,Sindhu bakes,Neelambur,Neelambur,11.057336,77.081365,Bakery & Desserts,Mid,4.9,26,1,3.295836866004329,70.0,14.835665514908875,3.6375861597263857,1,0,0,1,0,0,1,0,1,0,0,0,0,0,0,0,0,1,0,0,1,0,0
ChIJMd3K8h5WqDsRP6AEZOdmG84,Sri Lakshmi Bakery,Neelambur,Neelambur,11.059903,77.083782,Bakery & Desserts,Not disclosed,4.2,53,1,3.9889840465642745,133.0,15.203183220629965,3.7376696182833684,0,0,0,0,0,0,0,0,0,0,0,0,0,0,0,0,0,0,1,1,1,0,0
ChIJqxfO79JXqDsRcIRAYYDtTpU,Divya bakery,Chinniyampalayam,Neelambur,11.051006,77.078665,Cafe & Beverages,Budget,3.7,490,0,6.19644412779452,101.5,14.252922678907948,2.9444389791664403,0,0,0,0,0,0,1,1,0,0,0,0,1,1,0,0,1,0,0,1,1,0,0
ChIJU6_AdQRXqDsRc25SpTUGJcM,Rudhra bakes,post,Chinniampalayam,11.039591,77.077558,Bakery & Desserts,Not disclosed,4.1,226,0,5.424950017481403,168.0,13.629485799502463,2.0794415416798357,1,0,0,1,0,0,0,0,0,0,0,0,0,0,0,0,0,0,1,1,1,0,0
ChIJETQpKfZXqDsRRhHjNW73M2E,AJ home made cakes,Kulathur,Neelambur,11.041542,77.07944,Bakery & Desserts,Not disclosed,5.0,23,1,3.1780538303479458,77.0,13.90072442092008,2.1972245773362196,1,0,0,1,0,0,0,0,0,0,0,0,0,0,0,0,0,0,0,0,1,0,0
ChIJZ0oEHQhXqDsRKVV0o8_7lF0,FB Cakes Chinniampalayam,Chinniyampalayam,Chinniampalayam,11.054194,77.063838,Bakery & Desserts,Not disclosed,4.5,150,1,5.017279836814924,105.0,12.996618984036138,3.4965075614664802,1,1,0,1,0,0,1,0,1,0,0,0,0,0,0,0,1,0,0,0,1,0,0
ChIJg5ksSVP_qDsR8oxa5ckKN8g,SRI DIVYA BAKES,Coimbatore,Neelambur,11.072309,77.10725,Bakery & Desserts,Budget,3.7,479,0,6.173786103901937,122.38333333333334,18.11206885676306,2.772588722239781,1,0,0,1,0,0,1,0,1,0,0,0,1,0,0,0,1,1,0,1,1,0,0
ChIJab1RPC9WqDsRvG_iWDgEXqs,Modern Bakes,Chinniyampalayam,Chinniampalayam,11.055819,77.066013,Bakery & Desserts,Not disclosed,3.9,109,0,4.700480365792417,101.5,13.292977091698424,3.4657359027997265,0,0,0,0,0,0,1,0,0,0,0,0,0,0,0,0,0,0,0,0,1,0,0
ChIJ8UNJcXNXqDsRmfCAk60_huc,Bismilla Bakery,NPS Nagar,Neelambur,11.063091,77.090452,Bakery & Desserts,Budget,4.1,39,0,3.6888794541139363,98.0,16.01204366999209,3.58351893845611,0,0,0,1,0,0,1,0,0,0,0,0,0,0,0,0,0,0,0,0,1,0,0
ChIJ35M9q0pXqDsRoLIE_PYbbSw,Rudhra bakers,Cexus Nagar,Neelambur,11.058177,77.076161,Bakery & Desserts,Not disclosed,3.8,136,0,4.919980925828125,132.0,14.382601959854536,3.4011973816621555,1,0,0,0,0,0,0,0,0,0,0,0,0,0,0,0,0,0,1,1,1,0,0
ChIJg-qkBQBbqDsR73ujZDv37rU,Vidhunas Restaurant,Malumichampatti,Malumichampatti,10.927241,76.995011,Multi-cuisine / General,Mid,4.1,243,0,5.497168225293202,80.5,8.340428991001925,0.0,1,0,0,1,0,0,1,1,0,0,1,0,1,1,0,0,1,1,0,0,1,0,0
ChIJhzj628BXqDsRYANhjc054dE,Dindigul Thalappakatti Restaurant,NPS Nagar,Sulur,11.06164,77.086643,Biryani & Non-veg,Not disclosed,4.1,6716,0,8.812396905266864,84.0,15.569748160574386,3.713572066704308,1,1,0,1,0,1,1,0,0,1,0,0,0,0,0,0,0,0,0,0,1,1,0
ChIJIQfiM6RXqDsRkmIgXk2vB7o,Tik Tok Bucket Biriyani,NPS Nagar,Coimbatore,11.070532,77.08967,Biryani & Non-veg,Not disclosed,4.9,1992,1,7.597396320212795,87.0,16.34842307862568,2.833213344056216,1,1,0,1,0,1,1,1,1,1,0,0,1,1,1,0,1,1,0,0,0,0,0
ChIJlfO4BpBXqDsR6tm7AomRswE,HOTEL VELAVAN,Cexus Nagar,Neelambur,11.059741,77.082328,Multi-cuisine / General,Not disclosed,3.6,445,0,6.100318952020064,87.0,15.055280583662933,3.7376696182833684,1,0,0,1,0,0,0,0,0,0,0,0,0,0,0,0,0,0,0,0,0,0,0
ChIJ7QKKEQD5qDsR8hKLtliy9X4,Chickletz,ANNA NAGAR,Coimbatore,11.068843,77.084947,Bakery & Desserts,Not disclosed,5.0,15,1,2.772588722239781,82.5,15.810410852745436,3.4339872044851463,1,0,0,1,0,0,1,0,0,0,0,0,1,0,0,0,0,0,0,0,1,0,0
ChIJ_y6UQJj4qDsR4choBVklmfI,Magilmathy Restaurant,Chinniyampalayam,Mylampatti,11.07518,77.062653,Multi-cuisine / General,Not disclosed,4.0,1067,0,6.97354301952014,80.5,14.226738215567728,1.0986122886681096,1,0,0,0,0,1,1,1,1,1,1,0,1,1,1,0,1,1,0,0,1,0,0
ChIJrzBQnKNXqDsRIv-46lVdLws,Trick or Treat,Cheran ma Nagar,Coimbatore,11.052078,77.014481,Cafe & Beverages,Not disclosed,4.2,191,1,5.2574953720277815,112.0,8.626246484059243,3.8066624897703196,1,0,0,1,0,1,0,0,0,1,0,0,0,0,0,0,0,0,1,0,1,0,0
ChIJk16VSyH5qDsR8_8NiHvdSiw,Cup Culture,T-Nagar,Coimbatore,11.074664,77.020384,Cafe & Beverages,Budget,5.0,69,1,4.248495242049359,84.0,10.986317049380999,3.091042453358316,1,0,0,1,0,1,1,0,1,1,0,0,1,1,0,0,0,1,0,0,1,0,0
ChIJRwfH1z9XqDsRafXs328p1PI,Mottamaadi Cafe,Cheran ma Nagar,Coimbatore,11.050895,77.014529,Cafe & Beverages,Mid,4.2,153,1,5.0369526024136295,126.0,8.532809499249955,3.8066624897703196,1,0,0,1,0,1,1,1,1,1,0,0,1,1,0,0,1,1,1,1,1,0,0
ChIJeWMgyExXqDsRJqA5D21jgV0,Martram's The South Indian Coffee House - Vilankurichi Road,Bharathi Nagar,Coimbatore,11.044983,77.014062,Cafe & Beverages,Not disclosed,4.5,330,1,5.802118375377063,105.0,8.026397308325924,3.58351893845611,1,0,0,1,0,0,1,0,0,0,0,0,0,0,0,0,0,0,0,1,1,1,0
ChIJyxLHLQD5qDsRPyJPisKsPfM,Pickler’s cafe,Dhanalakshmi Nagar,Coimbatore,11.075687,77.021812,Multi-cuisine / General,Not disclosed,4.7,13,1,2.639057329615259,120.5,11.169969306628639,3.044522437723423,1,0,0,1,0,0,0,0,0,0,0,0,0,0,0,0,0,0,0,1,1,0,0
ChIJE1r5CAT5qDsRpI5wPv62VbI,Covai City Cake Shop,Balaji Nagar,Coimbatore,11.073664,77.016699,Cafe & Beverages,Not disclosed,4.0,611,0,6.416732282512326,126.0,10.663747913496682,3.258096538021482,0,0,0,1,0,0,1,0,0,0,0,0,0,0,0,0,0,0,0,1,1,0,0
ChIJgZmd8odXqDsRQD2ySdH9Eog,ShaCa Cafe,Cheran ma Nagar,Coimbatore,11.052484,77.014514,Multi-cuisine / General,Budget,4.8,25,1,3.258096538021482,84.0,8.662155311271604,3.8066624897703196,1,0,0,1,0,0,1,1,0,1,0,0,1,1,0,0,1,1,1,0,1,0,1
ChIJ8xtJ3u_5qDsRTpjs4zeb9J8,Kovai Muthu's Kitchen,Villankurichi,Coimbatore,11.072642,77.01933,Multi-cuisine / General,Not disclosed,4.8,13,1,2.639057329615259,104.0,10.736800421755197,3.1354942159291497,1,0,0,1,0,0,0,0,0,0,0,0,0,0,0,0,0,0,0,1,1,0,0
ChIJowxoewT3qDsRbof0S8U8pXY,Pacamara Filter Coffee,Saravanampatti,Coimbatore,11.074775,77.003166,Cafe & Beverages,Budget,4.8,13,1,2.639057329615259,78.0,10.012806889387521,4.304065093204169,1,0,0,1,0,0,1,0,1,0,0,0,1,1,0,0,0,0,0,1,1,0,0
ChIJ0R_aEfv5qDsRtAs7agDZ1sY,The hot chick,Cheran ma Nagar,Coimbatore,11.066035,77.01596,Cafe & Beverages,Budget,4.9,47,1,3.8712010109078907,52.5,9.927398268348623,3.332204510175204,1,0,0,1,0,0,1,0,1,0,0,0,1,1,0,0,1,1,1,0,1,1,0
ChIJOfCnKCX3qDsRaJHOEvrGP3E,Nellai Karupatti Coffee - Vinayagapuram,Vinayagapuram,Coimbatore,11.060843,77.008836,Cafe & Beverages,Not disclosed,4.1,157,0,5.062595033026967,98.0,9.003340013184673,3.713572066704308,1,0,0,1,0,0,0,0,0,0,0,0,0,0,0,0,0,0,0,1,1,1,0
ChIJucnYHEFbqDsRl12aD_BLPG8,Shree Anandhaas Sweets and Snacks - Sundarapuram,Sundarapuram,Coimbatore,10.959166,76.97193,Bakery & Desserts,Not disclosed,4.5,150,1,5.017279836814924,98.0,4.104326651849864,4.382026634673881,1,1,0,1,0,1,1,0,1,0,0,0,0,0,0,0,1,1,0,0,1,1,0
ChIJyaVfGRBXqDsRqNIAUsfzoJg,Kovai Kongu Virundhu,Cexus Nagar,Coimbatore,11.058934,77.080362,Multi-cuisine / General,Not disclosed,3.5,58,0,4.07753744390572,112.0,14.824037124127585,3.5553480614894135,1,0,0,1,0,0,0,0,0,0,0,0,0,0,0,0,0,0,0,1,1,0,0
ChIJV8pNa2BXqDsR-KBQg2p3gG4,The Royal Biriyani,Coimbatore,Neelambur,11.060749,77.085576,Biryani & Non-veg,Not disclosed,3.8,35,0,3.58351893845611,91.0,15.420123774713657,3.6635616461296463,1,0,0,1,0,0,0,0,0,0,0,0,0,0,0,0,0,0,1,0,1,0,0
ChIJ0VuuY1FXqDsRW_57QesUEh0,MHR BRIYANI HOUSE,Cexus Nagar,Neelambur,11.060819,77.084801,Biryani & Non-veg,Not disclosed,3.6,109,0,4.700480365792417,70.0,15.349565948108218,3.713572066704308,1,0,0,1,0,0,1,0,0,0,0,0,0,0,0,0,0,0,0,0,1,0,0
ChIJEZAwj9H5qDsRlHNQPSePyZ8,Charlie's BRIYANI,Neelambur,Coimbatore,11.060735,77.085572,Multi-cuisine / General,Budget,5.0,16,1,2.833213344056216,87.0,15.418997839648624,3.6635616461296463,1,0,0,1,0,0,1,0,1,0,0,0,1,1,0,0,0,0,0,0,0,0,0
ChIJK4F-VLBXqDsR3PgsKEWpOtc,Chozhan groups Dindigul dum biryani,Cexus Nagar,Neelambur,11.060171,77.083245,Multi-cuisine / General,Mid,4.5,24,1,3.2188758248682006,161.0,15.166015864478263,3.7612001156935624,1,0,0,1,0,0,1,0,0,0,0,0,1,1,0,0,0,0,0,1,1,0,0
ChIJb9NRcQBXqDsRYB2iskJF-6o,Al Burooj Arabic Resto Cafe,Kulathur,Neelambur,11.045851,77.078451,Multi-cuisine / General,Not disclosed,3.7,86,0,4.465908118654584,84.0,13.988906199605873,2.3978952727983707,0,0,0,0,0,0,0,0,0,0,0,0,0,0,0,0,0,0,0,0,1,0,0
ChIJUVGiEhr4qDsRyYgC2BDTxgo,SKS Hotel,Anna Nagar,Neelambur,11.061681,77.086239,South Indian & Regional,Not disclosed,4.1,256,0,5.54907608489522,101.5,15.533239486026774,3.7376696182833684,0,0,0,1,0,0,0,0,0,0,0,0,0,0,0,0,0,0,0,0,1,0,0
ChIJNYTLO2X5qDsR5f-PUOc2O_Y,Amravathi Hotel,Anna Nagar,Neelambur,11.067424,77.090108,Multi-cuisine / General,Not disclosed,4.4,30,1,3.4339872044851463,87.0,16.214108229969142,3.4657359027997265,0,0,0,1,0,0,0,0,0,0,0,0,0,0,0,0,0,0,0,0,0,0,0
ChIJITO_h-z4qDsRPWOsT42BtqM,Thendral Restaurant,Neelambur,Vellanaipatti,11.087663,77.07319,Fast food & Quick bites,Not disclosed,3.8,167,0,5.123963979403259,84.0,15.997918435597667,0.0,1,0,0,1,0,0,0,0,0,0,0,0,0,0,0,0,0,0,0,0,1,0,0
ChIJV0BfPCFWqDsRnL5ntVHlRCQ,Peacock,Cexus Nagar,Neelambur,11.059194,77.074852,Multi-cuisine / General,Not disclosed,4.3,100,1,4.61512051684126,28.0,14.31474448135969,3.4339872044851463,0,0,0,1,0,1,0,0,0,1,0,0,0,0,0,0,0,0,0,0,1,0,0
ChIJw2yqlR-nqTsRoUxl3ZQlrqI,Ilavenil Restaurant,Chinniyampalayam,Coimbatore,11.059117,77.06843,Multi-cuisine / General,Mid,4.4,579,1,6.363028103540465,87.5,13.708480640833663,3.6109179126442243,1,0,0,1,0,0,1,1,1,1,1,0,1,1,1,0,1,1,1,0,1,0,0
ChIJOyR_w_9XqDsRzIQ4SGV1zxc,Mappillais Mansatti Varuval,Cexus Nagar,Neelambur,11.060258,77.076047,Multi-cuisine / General,Not disclosed,4.2,71,1,4.276666119016055,73.5,14.486953938309226,3.332204510175204,1,0,1,1,0,0,0,0,0,0,0,0,0,0,0,0,0,0,0,0,1,0,0
ChIJQXs6TI5XqDsRsXS6PfJQcv0,Latest Recipe Restaurant,Cexus Nagar,Neelambur,11.058996,77.07485,Multi-cuisine / General,Not disclosed,4.4,77,1,4.356708826689592,168.0,14.303524826216075,3.4657359027997265,1,0,0,1,0,1,1,1,1,1,1,0,1,1,0,0,1,1,1,1,1,0,0
ChIJT20FbAD5qDsRP0GcEhodTGQ,Siragugal Family Restaurants,Neelambur,Neelambur,11.068797,77.100542,Biryani & Non-veg,Not disclosed,3.3,10,0,2.3978952727983707,84.0,17.28242169018343,2.833213344056216,0,0,0,0,0,0,0,0,0,0,0,0,0,0,0,0,0,0,1,0,1,0,0
ChIJgTZ5Ix1WqDsR7b2juZTxitU,HOTEL NOYYAL,Neelambur,Neelambur,11.061353,77.089859,South Indian & Regional,Not disclosed,3.8,176,0,5.176149732573829,96.0,15.863840711031079,3.5263605246161616,1,0,0,1,0,0,1,0,0,0,0,0,0,0,0,0,0,0,0,1,1,0,0
ChIJsduWjsf_qDsRbv_c6s8Rlik,Sharma Jammu dhabba,Sulur,Neelambur,11.071963,77.10678,Multi-cuisine / General,Mid,4.1,19,0,2.995732273553991,87.0,18.048642988945865,2.772588722239781,1,0,0,1,0,0,1,1,0,0,0,0,1,0,0,0,0,1,0,0,0,0,0
ChIJfU6EWwD_qDsRz7h17Y_IQLY,Adyar Ananda Bhavan - A2B,Amman Nagar,Coimbatore,11.077317,77.113094,Vegetarian,Mid,4.0,2253,0,7.720461694599722,112.0,18.939065114600186,2.302585092994046,1,1,0,1,0,0,1,1,1,0,1,0,1,1,0,1,1,1,0,1,1,1,1
ChIJieE3bL7_qDsRRoP_SWarNfU,Thiyagu Restaurant,Arasur,Arasur,11.08722,77.12265,North Indian & Global,Not disclosed,3.8,1100,0,7.00397413672268,101.0,20.390368391405474,1.0986122886681096,0,0,0,1,0,0,1,0,0,0,0,0,0,0,0,0,0,0,0,1,1,0,0
ChIJU34kIrBXqDsRYFV3mfAQTiA,KVK Bakes & Restaurant,Chinniyampalayam,Neelambur,11.045753,77.077835,Multi-cuisine / General,Not disclosed,3.9,927,0,6.833031732786201,87.0,13.923078746529912,2.4849066497880004,1,0,0,0,0,0,0,0,0,0,0,0,0,0,0,0,0,0,0,0,0,1,0
ChIJ_SSsoidXqDsR1oGAfnrYOtg,Black Pekoe Tea,Chinniyampalayam,Chinniampalayam,11.05424,77.06382,Cafe & Beverages,Not disclosed,4.0,21,0,3.091042453358316,112.0,12.997537278447531,3.4965075614664802,1,0,0,0,0,0,0,0,0,0,0,0,0,0,0,0,0,0,0,1,1,1,0
ChIJx49Lmab_qDsRxInjohSWCE0,ASHWIN COFFE SHOP,Arasur,Neelambur,11.073266,77.107286,Cafe & Beverages,Not disclosed,4.1,14,0,2.70805020110221,87.0,18.16649777669761,2.639057329615259,1,0,0,1,0,0,0,0,0,0,0,0,0,0,0,0,0,0,0,0,0,0,0
ChIJAXdu8vj_qDsRJg95yB3j-mE,Alanganallur Karuppatti Coffee,SULUR,Neelambur,11.07324,77.107234,Cafe & Beverages,Not disclosed,4.6,18,1,2.9444389791664403,119.0,18.160132299583314,2.639057329615259,1,0,0,1,0,0,0,0,0,0,0,0,0,0,0,0,0,0,0,1,1,0,0
ChIJ5S7s16hbqDsRDkabHOXejPY,Amman Mess,Krishnaswamy Nagar,Kuniyamuthur,10.947425,76.958045,Multi-cuisine / General,Not disclosed,4.7,32,1,3.4965075614664802,84.0,5.258390292804479,3.784189633918261,0,0,0,0,0,0,0,0,0,0,0,0,0,0,0,0,0,0,0,0,1,1,0
ChIJU2NRVEZaqDsRHZ1BpfLPI3w,Srinivasa Mess,SIDCO Private Industrial Estate,Coimbatore,10.945043,76.978504,Multi-cuisine / General,Not disclosed,4.1,141,0,4.955827057601261,99.0,5.818215036136365,3.367295829986474,1,0,0,1,0,0,1,0,0,0,0,0,0,0,0,0,0,0,1,1,1,0,0
ChIJx2OQtYtbqDsRfXFBcVGoKk4,Srivelanmess,Palanisamy Nagar,Malumichampatti,10.905576,77.00252,Multi-cuisine / General,Premium,4.5,22,1,3.1354942159291497,87.0,10.869334762614447,1.3862943611198906,1,0,0,1,0,0,1,0,0,0,0,0,1,1,0,0,0,1,0,0,0,0,0
ChIJ8-gTxddbqDsRCuXbNCTi7WI,SHALEM RAJA BIRIYANI STALL,Sundarapuram,Coimbatore,10.955712,76.97374,Multi-cuisine / General,Budget,5.0,14,1,2.70805020110221,18.0,4.529105705183792,4.477336814478207,1,0,0,1,0,0,1,0,0,0,0,0,1,1,0,0,0,0,0,0,1,0,0
ChIJ6ek_dhNbqDsRfsK4tBthKf0,Eazhaiyin Sirippil Biriyani Hotel,Coimbatore,Coimbatore,10.925307,76.983653,Biryani & Non-veg,Not disclosed,4.8,25,1,3.258096538021482,70.0,8.07891871732588,2.8903717578961645,1,0,0,1,0,0,0,0,0,0,0,0,0,0,0,0,0,0,0,0,1,0,0
ChIJSaMoIE9aqDsRscrISnJMH_g,PERIYANAYAGI HOTEL,Sundarapuram,Kurichi,10.951862,76.972574,Multi-cuisine / General,Not disclosed,3.8,136,0,4.919980925828125,108.75,4.906293771178201,4.442651256490317,0,0,0,1,0,0,1,0,0,0,0,0,0,0,0,0,0,0,0,1,1,0,0
ChIJg4zUPSJbqDsR7NYoVXuYFTA,Hotel Sasti 1,Sundarapuram,Coimbatore,10.959175,76.973348,Multi-cuisine / General,Budget,4.1,15,0,2.772588722239781,119.0,4.149388016588282,4.418840607796598,1,0,0,1,0,0,1,1,0,0,1,0,1,0,0,0,0,1,1,1,1,0,0
ChIJXbRMEsFXqDsRlPwlBpvAFBE,Vinayaga Mess,Chinniyampalayam,Chinniampalayam,11.055985,77.061423,Multi-cuisine / General,Budget,4.5,13,1,2.639057329615259,94.5,12.8750152374958,3.4657359027997265,0,0,0,0,0,0,1,1,0,0,0,0,0,1,0,0,0,0,0,0,1,1,0
ChIJF_K2aCZWqDsRGscVNJSmFwY,24x7 Bytes Restaurant,,,11.058195,77.070042,Multi-cuisine / General,Not disclosed,4.9,1075,1,6.98100574072173,168.0,13.805932627955855,3.6635616461296463,1,1,0,1,0,1,0,0,0,1,0,0,0,0,0,0,0,0,1,1,1,0,0
ChIJexTMiS5WqDsRJxoATwWWdr8,Kaaleeswari Iyengars Bakes,Chinniyampalayam,Chinniampalayam,11.05413,77.06312,Bakery & Desserts,Not disclosed,4.1,42,0,3.7612001156935624,115.5,12.925622447372861,3.4965075614664802,0,0,0,0,0,0,1,0,0,0,0,0,0,0,0,0,0,0,0,1,1,0,0
ChIJ2-MMHS9WqDsRRzXKlbIAQeU,KVK Bakes,Chinniyampalayam,Chinniampalayam,11.054937,77.06532,Bakery & Desserts,Budget,4.0,630,0,6.447305862541213,122.5,13.177881457132067,3.4965075614664802,1,0,0,0,0,0,1,0,1,0,0,0,0,0,0,0,0,1,0,1,1,1,0
ChIJZ694LM1XqDsRMiOxwDQiVAY,Jeyam Bakery,Chinniyampalayam,Coimbatore,11.048614,77.056206,Cafe & Beverages,Budget,4.2,455,1,6.1224928095143865,112.0,11.964272287177494,3.044522437723423,0,0,0,1,0,0,1,1,0,0,0,0,1,0,0,0,0,0,0,1,1,0,0
ChIJ886Z4S5WqDsR00uojHCZn-8,New Abirami Bakery,Chinniyampalayam,Chinniampalayam,11.055263,77.06494,Bakery & Desserts,Not disclosed,3.9,24,0,3.2188758248682006,126.0,13.160738925121633,3.4965075614664802,1,0,0,1,0,0,1,0,0,0,0,0,0,0,0,1,0,0,0,1,1,0,0
ChIJ-5ZyMMZXqDsR_JvloU7Cq5Q,CakeBee - Your Favourite Bakery & Cake Shop,Karuparampalayam Pirvu,Coimbatore,11.045656,77.04982,Bakery & Desserts,Not disclosed,4.0,604,0,6.405228458030842,91.0,11.196583383235787,3.4011973816621555,1,1,0,1,0,1,1,0,0,1,0,0,0,0,0,0,0,0,0,0,1,1,0
ChIJZSoIUptXqDsRknf4_H8cMZc,KRS SASMITHA BAKERY,Chinniyampalayam,Chinniampalayam,11.054635,77.064673,Bakery & Desserts,Not disclosed,4.1,15,0,2.772588722239781,168.0,13.100013336753767,3.4965075614664802,0,0,0,1,0,0,1,0,1,0,0,0,0,0,0,0,0,0,1,1,1,0,0
ChIJM3nm9SdWqDsRX4y2PvEXaRU,Mithran Bakery,Chinniyampalayam,Chinniampalayam,11.057162,77.067995,Bakery & Desserts,Not disclosed,3.4,18,0,2.9444389791664403,94.0,13.55524315322779,3.6109179126442243,0,0,0,1,0,0,1,0,0,0,0,0,0,0,0,0,0,0,0,1,1,0,0
ChIJ32-AWABXqDsRfdwn1jIAh9Y,Kaappi 2.0,Chinniyampalayam,Coimbatore,11.047022,77.053801,Cafe & Beverages,Not disclosed,3.8,12,0,2.5649493574615367,91.0,11.648430084479378,2.8903717578961645,0,0,0,0,0,0,0,0,0,0,0,0,0,0,0,0,0,0,0,0,1,1,0
ChIJATV6hpVXqDsR4vmJ0wZwOWA,The Cafe Room,Karuparampalayam Pirvu,Coimbatore,11.046904,77.051854,Cafe & Beverages,Not disclosed,5.0,10,1,2.3978952727983707,105.0,11.458276835019054,2.995732273553991,1,0,1,0,0,0,0,0,0,0,0,0,0,0,0,0,0,0,1,0,1,0,0
ChIJMx7m1QRXqDsRQxGtJ6IzZbk,COVAI 7 STARS Recreation Club,Chinniyampalayam,Chinniampalayam,11.056416,77.066621,Multi-cuisine / General,Not disclosed,3.8,38,0,3.6635616461296463,87.0,13.383978852249701,3.5553480614894135,1,0,0,1,0,0,1,1,0,0,1,0,1,1,0,0,0,0,0,0,0,0,0
ChIJQwopUC9WqDsRum87a-Q7hu8,A1 Chips,Chinniyampalayam,Chinniampalayam,11.056522,77.067138,Bakery & Desserts,Not disclosed,4.1,700,0,6.55250788703459,87.5,13.438460332848686,3.5553480614894135,1,1,0,1,0,0,1,0,0,0,0,0,0,0,0,0,0,0,0,0,1,0,0
ChIJhSqCZnFZqDsR_UHAZ9ekRDE,Biriyani factory,kavundampalayam,Coimbatore,11.008594,76.957634,Multi-cuisine / General,Not disclosed,4.3,10,1,2.3978952727983707,84.0,1.6094415180519168,5.3981627015177525,1,0,0,1,0,0,0,0,0,0,0,0,0,0,0,0,0,0,0,0,1,0,0
ChIJHZyivQb3qDsRzE51dNTjg8M,Thirukumaran Bakery,FCI Nagar,Coimbatore,11.074421,77.00966,Bakery & Desserts,Budget,4.3,74,1,4.31748811353631,102.75,10.320840631909139,3.9889840465642745,1,0,0,1,0,0,1,0,0,0,0,0,0,0,0,0,0,0,0,1,1,0,0
ChIJObAcDcRXqDsRvPSpOgv29UU,Ashwini Raagam Bakes,Cheran ma Nagar,Coimbatore,11.056951,77.02359,Bakery & Desserts,Not disclosed,4.0,241,0,5.488937726156687,122.5,9.702532275661236,2.995732273553991,0,0,0,0,0,0,1,0,0,0,0,0,0,0,0,0,0,0,1,1,1,0,0
ChIJPeXLKqJXqDsRhDwcL9JopWo,Breadboyz Cheran Maanagar,Cheran ma Nagar,Coimbatore,11.052233,77.015711,Bakery & Desserts,Budget,4.8,557,1,6.324358962381311,94.5,8.72961813372303,3.828641396489095,1,1,0,1,0,0,1,0,0,0,1,0,1,0,0,0,1,1,0,0,1,0,0
ChIJ3_EGuP5XqDsRoz3uSbgKFM0,MALABAR BAKES AND FRUITS,Renga Nagar,Coimbatore,11.055748,77.01481,Bakery & Desserts,Not disclosed,4.0,825,0,6.716594773520978,112.0,8.956112509159208,3.8501476017100584,1,0,0,1,0,0,1,0,0,0,0,0,0,0,0,0,0,0,0,1,1,0,0
ChIJNwBHUwBXqDsRI0PFU3Ka8A8,Sri Anandhaas Bakery,Sri Sivasakthi Nagar,Coimbatore,11.048791,77.013873,Bakery & Desserts,Budget,3.9,36,0,3.6109179126442243,91.0,8.313218946522007,3.7376696182833684,0,1,0,0,0,0,1,0,1,0,0,0,1,0,0,0,0,0,0,0,1,0,0
ChIJfa14jDlXqDsR7sjHIVtycuc,Shree Anandhaas Sweets and Snacks - Vilankurichi,Cheran ma Nagar,Coimbatore,11.049005,77.013796,Bakery & Desserts,Not disclosed,4.3,124,1,4.8283137373023015,98.0,8.324706292573454,3.7376696182833684,1,1,0,1,0,1,0,0,0,0,0,0,0,0,0,0,0,0,0,0,1,1,0
ChIJwY88mJZXqDsRGtlWH3AGa7k,Sree Gowmariamman Bakery & Sweets,Cheran ma Nagar,Coimbatore,11.053507,77.014808,Bakery & Desserts,Budget,4.3,94,1,4.553876891600541,84.0,8.768302625534064,3.8501476017100584,1,0,0,1,0,0,1,0,1,0,0,0,1,0,0,0,1,1,0,0,1,0,0
ChIJm-xBke35qDsRmjahIBH-I8Y,Velu Bakes,Rathinagiri Nagar,Coimbatore,11.076032,77.019424,Bakery & Desserts,Not disclosed,4.0,70,0,4.2626798770413155,120.0,11.049552300988726,3.044522437723423,1,0,0,0,0,0,0,0,0,0,0,0,0,0,0,0,0,0,0,1,1,0,0
ChIJQz-aDCn3qDsRd6EPzVrsMSs,Sugarlicious_homemade,FCI Nagar,Coimbatore,11.075533,77.008182,Bakery & Desserts,Not disclosed,4.9,12,1,2.5649493574615367,87.0,10.346819075940447,4.174387269895637,1,0,0,0,0,0,1,0,0,0,0,0,0,0,0,0,0,0,0,0,0,0,0
ChIJK8XWt_5XqDsR0rhFnSb7C4A,SRI LAKSHMI IYENGARS CAKE SHOP,Cheran ma Nagar,Coimbatore,11.054736,77.014888,Bakery & Desserts,Not disclosed,4.4,65,1,4.189654742026425,87.5,8.87658741246763,3.8712010109078907,1,0,0,1,0,0,1,0,0,0,0,0,0,0,0,0,0,0,0,0,1,0,0
ChIJC3zh5P_3qDsR95PpMD-Cs5I,Ishaa Bakery,Vinayagapuram,Coimbatore,11.060565,77.007718,Cafe & Beverages,Not disclosed,4.3,78,1,4.3694478524670215,122.5,8.908263015616859,3.784189633918261,1,0,0,1,0,0,0,0,0,0,0,0,0,0,0,0,0,0,0,1,1,0,0
ChIJFZbJi_5XqDsR14ni2Otlzzs,Kongu Bakery,Cheran ma Nagar,Coimbatore,11.05735,77.014981,Bakery & Desserts,Budget,3.9,451,0,6.113682179832232,126.0,9.10405556756192,3.8918202981106265,0,0,0,0,0,0,1,0,0,0,0,0,0,0,0,0,0,1,0,1,1,0,0
ChIJa4z3bUtXqDsRyW4XIOCc0qo,Homemadedelight,Cheran ma Nagar,Coimbatore,11.060018,77.020438,Bakery & Desserts,Not disclosed,5.0,11,1,2.4849066497880004,144.0,9.717620326190229,3.4657359027997265,1,0,0,1,0,0,0,0,0,0,0,0,0,0,0,0,0,0,1,1,1,0,0
ChIJy2FS1s5ZqDsRzNmES3iGZws,Vimal home foods,Saravanampatti,Coimbatore,11.057721,76.996088,South Indian & Regional,Budget,4.4,24,1,3.2188758248682006,87.0,7.974702563954466,4.248495242049359,1,1,0,1,0,0,1,0,1,1,0,1,1,0,0,0,1,1,0,0,0,0,0
ChIJISAaQPlXqDsRoK2EM0kgvB4,Gounder Mess,Cheran ma Nagar,Coimbatore,11.053397,77.014771,Multi-cuisine / General,Not disclosed,3.9,128,0,4.859812404361672,91.0,8.756482995236663,3.8501476017100584,1,0,0,0,0,0,1,0,0,0,0,0,0,0,0,0,0,0,0,0,1,1,0
ChIJCwmzCAT4qDsRRHWSVeh071o,BirGo,Cheran ma Nagar,Coimbatore,11.054615,77.01507,Multi-cuisine / General,Not disclosed,3.9,67,0,4.219507705176107,97.5,8.87954854313091,3.8501476017100584,1,1,0,1,0,0,0,0,0,0,0,0,0,0,0,0,0,0,1,0,1,0,0
ChIJS-C9OPlXqDsRF8_wS3tpYME,Fried N Burger,Cheran ma Nagar,Coimbatore,11.053873,77.014609,Fast food & Quick bites,Budget,4.5,151,1,5.0238805208462765,31.5,8.784369911654665,3.8712010109078907,1,0,0,1,0,0,1,0,1,0,0,0,1,1,0,0,1,1,0,0,1,0,0
ChIJ89pcPfP3qDsRteJ7M0Wwzs4,Big Fat Burger,Saravanampatti,Coimbatore,11.07937,77.002295,Fast food & Quick bites,Not disclosed,3.4,105,0,4.663439094112067,70.0,10.429265917606042,4.356708826689592,1,1,0,1,0,0,0,0,0,0,0,0,0,0,0,0,0,0,0,0,1,0,0
ChIJQ4S4GQD5qDsRihk-D7wLHY0,RHR Hotel,Vinayagapuram,Coimbatore,11.062917,77.011265,Vegetarian,Budget,2.9,15,0,2.772588722239781,101.5,9.344829139904007,3.4657359027997265,0,0,0,0,0,0,1,1,0,0,0,0,1,1,0,0,0,0,0,1,1,0,1
ChIJveWiXQBXqDsRGYzUZKLdj6U,LAKSHMI BHAVAN,Cheran ma Nagar,Coimbatore,11.052627,77.014529,Fast food & Quick bites,Not disclosed,3.5,181,0,5.204006687076795,105.0,8.675070259294447,3.8066624897703196,1,0,0,1,0,0,0,0,0,0,0,0,0,0,0,0,0,0,0,1,1,0,0
ChIJh3FeBAD3qDsRX3d6OPwNcAM,VALLI's HOMEMADE FOODS & SNACKS,Vinayagapuram,Coimbatore,11.062013,77.01009,Multi-cuisine / General,Budget,5.0,13,1,2.639057329615259,105.0,9.188547451906688,3.6109179126442243,0,0,0,0,0,0,1,0,0,0,0,0,1,1,0,0,0,0,0,1,1,0,0
ChIJ1RuXruz3qDsRlLjib0509Ig,Neithal Sea & Fast Foods,Saravanampatti,Coimbatore,11.07489,77.0078,Biryani & Non-veg,Mid,5.0,10,1,2.3978952727983707,56.0,10.264061980186181,4.23410650459726,1,0,0,1,0,0,1,0,1,0,0,0,0,1,0,0,0,0,0,0,1,0,0
ChIJYQ_Ie_P3qDsRPwODX-hSxLA,Hotel Cocoraco,Saravanampatti,Coimbatore,11.079267,77.00394,Biryani & Non-veg,Not disclosed,3.0,170,0,5.14166355650266,84.0,10.497077010428228,4.2626798770413155,0,0,0,1,0,1,1,0,0,1,0,0,0,0,0,0,0,0,0,0,1,0,0
ChIJxQkzOiJaqDsRLvbUrDIQUVM,Shifa Foods,Tatabad,Coimbatore,11.024577,76.958318,Biryani & Non-veg,Not disclosed,4.2,337,1,5.823045895483019,84.0,3.3502218126313226,4.867534450455582,0,0,0,0,0,0,0,0,0,0,0,0,0,0,0,0,0,0,0,0,1,0,0
ChIJqaVBmOJbqDsREkoU7m5Dde0,TEA BOY,LIC COLONY,Coimbatore,10.948216,76.977393,Cafe & Beverages,Not disclosed,4.3,22,1,3.1354942159291497,90.0,5.445131578670649,4.060443010546419,1,0,0,1,0,0,1,0,0,0,0,0,0,0,0,0,0,0,0,1,1,1,0
ChIJSWpKNxZaqDsROV3-WDokS7I,Aavin Tea Shop,Mettur,Podanur,10.9561,76.988432,Cafe & Beverages,Budget,3.9,95,0,4.564348191467836,126.0,5.199468350319454,3.7612001156935624,0,0,0,0,0,0,1,0,0,0,0,0,0,0,0,0,0,0,0,1,1,0,0
ChIJt0wCRDNaqDsRpxD-CmXBAfs,"Machambalayam, Kuniyamuthur,coimbatore",Machampalayam,Kurichi,10.953974,76.9654,Cafe & Beverages,Not disclosed,4.5,12,1,2.5649493574615367,56.0,4.53845881035031,4.0943445622221,0,0,0,1,0,0,0,0,0,0,0,0,0,0,0,0,0,0,0,1,1,0,0
ChIJMT0KxDBaqDsR9_eH0aK2QrA,Malabar Bakery,Gandhi Nagar,Kurichi,10.95442,76.97394,Bakery & Desserts,Not disclosed,4.0,600,0,6.398594934535208,143.5,4.67281374759816,4.454347296253507,0,0,0,1,0,0,1,0,0,0,0,0,0,0,0,0,0,0,1,1,1,0,0
ChIJ1VsGrkZbqDsRMinquJYz3nQ,M A Aavin,Gandhi Nagar,Coimbatore,10.958312,76.978175,Cafe & Beverages,Budget,4.6,13,1,2.639057329615259,87.0,4.431110958833192,4.430816798843313,1,0,0,1,0,0,1,0,0,0,0,0,1,1,0,0,0,0,0,0,0,0,0
ChIJ31q3x2pbqDsRSkU5oIvSlv4,Creamy Delight,Sundarapuram,Kurichi,10.953038,76.972834,Bakery & Desserts,Not disclosed,4.6,30,1,3.4339872044851463,84.0,4.787065814277615,4.418840607796598,0,0,0,1,0,0,0,0,0,0,0,0,0,0,0,0,0,0,0,0,1,0,0
ChIJAZGoqydaqDsRjILrN7307oo,Arun Ice Cream Show Room,Sundarapuram,Kurichi,10.967525,76.978509,Bakery & Desserts,Not disclosed,4.4,37,1,3.6375861597263857,112.0,3.542832334494337,3.9318256327243257,0,0,0,1,0,0,1,0,1,0,0,0,0,1,0,0,0,0,0,1,1,0,0
ChIJZ-NGohFbqDsRhwHdqO6AVpY,Amul Ice Cream Parlour,Sakthi Nagar,Coimbatore,10.9584,76.978376,Bakery & Desserts,Not disclosed,4.4,11,1,2.4849066497880004,68.5,4.431332752906586,4.442651256490317,1,0,0,0,0,0,0,0,0,0,0,0,0,0,0,0,0,0,0,0,1,1,0
ChIJ38CC5Wb3qDsRDvcBFKLQTDo,Yummy Garden Restaurant,Saravanampatti,Keeranatham,11.095856,76.988758,North Indian & Global,Mid,3.9,261,0,5.568344503761097,80.5,11.648307185197256,3.970291913552122,1,0,0,1,1,0,1,1,1,1,1,0,1,1,1,0,1,1,0,0,1,0,0
ChIJZbXy0K1ZqDsRAUYRnANcqXs,Sri Chandhru iyyer Bojan Sala,Vinayagapuram,Coimbatore,11.059196,77.005701,Vegetarian,Budget,3.6,110,0,4.709530201312334,108.5,8.65852434703,3.6635616461296463,1,0,0,1,0,0,1,1,1,0,1,0,1,1,0,0,1,0,0,1,1,0,1
ChIJ_aXiRPJXqDsRH-95-yNAPIs,Grill Box,Cheran ma Nagar,Coimbatore,11.056646,77.015154,Biryani & Non-veg,Mid,3.9,276,0,5.6240175061873385,73.0,9.05642428458281,3.8712010109078907,1,0,0,1,0,0,1,1,1,0,0,0,1,1,1,0,1,1,0,0,1,0,0
ChIJifAMxbv5qDsRvF1Nr-W9fSM,Cook with comali,Cheran ma Nagar,Coimbatore,11.058571,77.015085,Multi-cuisine / General,Mid,4.7,150,1,5.017279836814924,49.0,9.215728759845211,3.8501476017100584,1,0,0,0,0,0,1,0,1,0,0,0,1,1,0,0,0,0,0,0,1,0,0
ChIJ0a5nCAJZqDsRSSR1VmFlYTo,Chick inn,Annai Vellankanni Nagar,Coimbatore,11.057466,77.004546,Fast food & Quick bites,Mid,4.1,76,0,4.343805421853684,70.0,8.428558875349188,3.713572066704308,1,0,0,0,0,0,1,1,1,0,1,0,1,1,0,0,0,1,0,0,1,0,0
ChIJoXS8KPr5qDsRxDCMw1W_iBA,Velan kaappi,Cheran ma Nagar,Coimbatore,11.065407,77.015814,Cafe & Beverages,Budget,2.9,35,0,3.58351893845611,108.5,9.862013758966063,3.367295829986474,1,0,0,1,0,0,1,0,1,0,0,0,1,1,0,0,0,0,0,1,1,1,0
ChIJIRqIfH1bqDsRqnD37q0PFjg,SUBRAMANIAN TEA STALL,Amman Nagar,Coimbatore,10.964668,76.987816,Cafe & Beverages,Not disclosed,4.8,34,1,3.5553480614894135,87.0,4.403679565375498,3.7376696182833684,1,0,0,1,0,0,0,0,0,0,0,0,0,0,0,0,0,0,0,0,0,0,0
ChIJOf-FavNbqDsRFyKT42uqV0s,HOUSE OF TEA,SamAnna Nagar,Podanur,10.964312,76.996515,Bakery & Desserts,Budget,4.1,113,0,4.736198448394496,87.0,5.102500210565874,2.8903717578961645,1,0,0,0,0,0,1,0,0,0,0,0,0,0,0,0,0,0,0,0,0,0,0
ChIJVz1nPABbqDsRbXEeJAoWVY4,Tea boy ☕,Mettur,Podanur,10.956707,76.987096,Bakery & Desserts,Not disclosed,4.2,10,1,2.3978952727983707,115.5,5.061786951453829,3.9318256327243257,0,0,0,1,0,0,0,0,0,0,0,0,0,0,0,0,0,0,0,1,1,1,0
ChIJPcAb1qhbqDsRn-zuvXH8sko,MANIVASAGAM A,Amman Nagar,Coimbatore,10.964247,76.988764,Cafe & Beverages,Not disclosed,4.0,11,0,2.4849066497880004,87.0,4.50707451915305,3.6888794541139363,1,0,0,1,0,0,0,0,0,0,0,0,0,0,0,0,0,0,0,0,0,0,0
ChIJp3eOhef3qDsRH1HMDWXlPTU,Arun Ice Cream - Anbu agency,Saravanampatti,Coimbatore,11.083208,77.006,Bakery & Desserts,Not disclosed,4.6,10,1,2.3978952727983707,108.5,10.989529636751802,4.04305126783455,1,0,0,0,0,0,0,0,0,0,0,0,0,0,0,0,0,0,0,1,1,1,0
ChIJXzFkZwD5qDsRziUuz2xpbBo,Ice Bay Popsicles Cheranma Nagar,Cheran ma Nagar,Coimbatore,11.061996,77.015478,Bakery & Desserts,Not disclosed,4.6,25,1,3.258096538021482,84.0,9.539226009087812,3.5553480614894135,1,0,0,0,0,0,1,1,0,0,0,0,1,1,0,0,1,1,0,0,1,0,0
ChIJ2-Fr9KhZqDsRlhsfIvFHnEs,SP Briyani Centre,Selvapuram South,Coimbatore,10.987823,76.937155,Biryani & Non-veg,Budget,3.2,245,0,5.5053315359323625,94.5,2.751664717382282,4.143134726391533,0,0,0,0,0,0,1,1,1,0,0,0,0,0,0,0,0,0,1,0,1,0,0
ChIJf1KQ1NpZqDsRzSkX0gQMuPM,Hot Arabia - Resturant,Pachapalayam,Perur Chettipalayam,10.968612,76.906762,Multi-cuisine / General,Not disclosed,4.3,410,1,6.018593214496234,75.0,6.627400871595065,2.833213344056216,1,0,0,1,0,0,1,0,0,0,0,0,0,0,0,0,0,0,0,0,1,0,0
ChIJm-KhMDpfqDsRa2l1YBwf8fM,Nandha Chips Bakery & hotel,Perur,Perur Chettipalayam,10.97112,76.912301,Multi-cuisine / General,Not disclosed,4.0,86,0,4.465908118654584,119.0,5.961668826569338,3.2188758248682006,0,0,0,1,0,0,0,0,0,0,0,0,0,0,0,0,0,0,0,1,1,0,0
ChIJ4aYGEARZqDsRpV5MVVaOSm4,Arcot Biriyani & Meals Hotel,R.S. Puram,Coimbatore,11.006946,76.957972,Biryani & Non-veg,Mid,4.0,146,0,4.990432586778736,28.0,1.422891064676462,5.384495062789089,1,0,0,1,0,0,1,1,0,0,0,0,1,0,0,0,0,1,0,0,1,0,0
ChIJv9RGO8ZfqDsR8u0hf_k7VqM,Perur Shri Ram Hotel,Kalampalayam,Theethi Palayam,10.971117,76.892983,Multi-cuisine / General,Budget,4.7,143,1,4.969813299576001,101.5,7.911610273843379,1.6094379124341003,1,0,0,1,0,0,1,1,1,1,1,1,1,1,0,0,0,1,0,0,1,0,0
ChIJaYm1A61eqDsR5AR3BWu06Wg,OM SARAVANA BHAVAN,Perur,Perur,10.975738,76.91581,South Indian & Regional,Budget,3.6,66,0,4.204692619390966,66.5,5.40040257468241,3.295836866004329,0,0,0,1,0,0,1,1,0,0,1,0,1,1,0,0,1,0,0,1,1,0,0
ChIJxdQ0SLFXqDsRLJcK0cRP7mM,Courtallam Border Rahmath Kadai - Avinashi Road,Civil Aerodrome Post,Coimbatore,11.045947,77.051916,South Indian & Regional,Not disclosed,3.5,872,0,6.771935555839602,77.0,11.41050479842315,2.995732273553991,1,0,0,1,0,0,1,0,0,0,0,0,0,0,0,0,0,0,0,0,1,1,0
ChIJLTH7IKFXqDsRpken9PzRH00,Kanakadhara Restaurant,Nehru Nagar West,Coimbatore,11.056283,77.050757,South Indian & Regional,Not disclosed,3.9,1282,0,7.1569563646156364,87.0,11.922994349098559,1.0986122886681096,0,0,0,1,0,0,1,0,0,0,0,0,0,0,0,1,0,0,0,0,0,0,0
ChIJB29xVPlYqDsRjp7lHIdkxrw,Pandian Kambang Kool,Tatabad,Coimbatore,11.019447,76.959074,Cafe & Beverages,Not disclosed,4.7,35,1,3.58351893845611,35.0,2.774500503214401,5.214935757608986,0,0,0,1,0,0,0,0,0,0,0,0,0,0,0,0,0,0,0,0,1,0,0
ChIJCxZB2VVXqDsRwuFCiGB8oVU,cream and Fudge,Civil Aerodrome Post,Coimbatore,11.040877,77.041757,Bakery & Desserts,Not disclosed,3.3,91,0,4.5217885770490405,91.0,10.168690846879633,4.0943445622221,1,1,0,1,0,0,1,0,1,0,0,0,0,1,0,0,1,1,0,0,1,1,0
ChIJz-mWAkNWqDsRi2EODkmnVIs,Tea Time Bakery,Athappagoundenpudur,Chinniampalayam,11.031828,77.07651,Bakery & Desserts,Budget,3.9,246,0,5.5093883366279774,168.0,13.228304665831075,1.791759469228055,0,0,0,0,0,0,1,0,1,0,0,0,0,0,0,0,0,0,1,1,1,0,0
ChIJo1rdBOZXqDsR8sDq4XXa3mk,Slurpmeister,Civil Aerodrome Post,Coimbatore,11.046356,77.041324,Bakery & Desserts,Not disclosed,4.8,371,1,5.918893854273146,78.5,10.450609879848196,4.127134385045092,1,1,0,1,0,1,1,0,0,1,0,0,0,0,0,0,0,0,0,0,1,0,0
ChIJx_HGuOhXqDsRCQXoc4-GOVg,Boomerang,Civil Aerodrome Post,Coimbatore,11.040312,77.041187,Bakery & Desserts,Not disclosed,4.1,115,0,4.7535901911063645,89.0,10.083272373984027,4.0943445622221,1,0,1,1,0,0,1,1,1,0,0,0,1,1,0,0,1,1,1,0,1,1,0
ChIJZSdSScRfqDsR16UsnVknWyQ,Sarans Kitcheni,Mathampatty,Coimbatore,10.971965,76.855199,Multi-cuisine / General,Not disclosed,4.5,68,1,4.23410650459726,84.0,11.862780725863894,1.0986122886681096,1,0,0,1,0,0,0,0,0,0,0,0,0,0,0,0,0,0,0,0,1,0,0
ChIJr73Jq2NXqDsR5TOBB2nJtSI,CREAMERY,Ram Lakshman Nagar,Coimbatore,11.014941,77.012016,Cafe & Beverages,Premium,4.2,587,1,6.376726947898627,84.0,5.96981012759671,4.290459441148391,1,0,0,1,0,1,1,1,1,1,1,0,1,1,0,0,1,1,0,0,1,0,0
ChIJDbJXLwBfqDsRIpzWwKMNrjE,Thalampoo Restaurant,Thondamuthur,Coimbatore,10.99477,76.837032,Multi-cuisine / General,Not disclosed,4.5,444,1,6.09807428216624,84.0,13.575269075648555,3.4657359027997265,1,1,0,1,0,0,1,0,0,0,0,0,0,0,0,0,0,0,0,0,1,0,0
ChIJiYRZZjVfqDsRskW_UW-Z98k,CAFE TN99,Ambal Nagar,Kulathuppalayam,10.994854,76.845475,Cafe & Beverages,Not disclosed,4.5,269,1,5.598421958998375,98.0,12.653699017183584,3.295836866004329,1,0,0,1,0,0,1,0,0,0,0,0,0,0,0,0,0,0,0,0,1,0,0
ChIJybn2yQZfqDsRU4cFNZ1mgfs,Ammachi Veetu Virunthu,Coimbatore,Muthipalayam,10.994538,76.83728,Biryani & Non-veg,Budget,3.7,381,0,5.945420608606575,108.5,13.54819282360135,3.4657359027997265,1,0,0,1,0,0,1,1,1,0,0,0,1,1,0,0,1,1,0,1,1,0,0
ChIJf3yLcDteqDsR1ZKBxVuy1zg,Abish Biriyani restaurant,Thondamuthur,Thondamuthur,10.992543,76.839871,Fast food & Quick bites,Mid,3.7,363,0,5.8971538676367405,84.0,13.267389762170126,3.4011973816621555,1,0,0,1,0,0,1,1,1,0,0,0,1,1,0,0,1,1,0,0,1,0,0
ChIJn7bo_0hXqDsRFgt6Jtna7ek,TEA BOY,Civil Aerodrome Post,Coimbatore,11.036395,77.038285,Cafe & Beverages,Not disclosed,4.9,19,1,2.995732273553991,112.0,9.592653252280234,3.912023005428146,1,0,0,1,0,0,0,0,0,0,0,0,0,0,0,0,0,0,0,1,1,1,0
ChIJFU81mD1eqDsRKmEgjUmEc6k,Amirtham Mess,KTR Nagar,Thondamuthur,10.987681,76.841109,Multi-cuisine / General,Not disclosed,4.2,44,1,3.8066624897703196,87.0,13.152913554656111,3.367295829986474,1,0,0,1,0,0,1,1,0,0,0,0,1,0,0,0,0,0,0,0,1,0,0
ChIJO0qA5q9fqDsRnk6S_ZkgVbM,SANTHI (House of food and food Products,Thondamuthur,Coimbatore,11.022129,76.8845,Multi-cuisine / General,Not disclosed,4.6,18,1,2.9444389791664403,36.0,8.934309285458157,2.833213344056216,1,0,0,1,0,0,0,0,0,0,0,0,0,0,0,0,0,0,0,1,1,0,0
ChIJcd2Cmy9fqDsRwnswpcpXgQ8,MHD briyani hub,KTR Nagar,Thondamuthur,10.989328,76.842474,Fast food & Quick bites,Mid,4.2,11,1,2.4849066497880004,89.6,12.994589670389939,3.367295829986474,0,0,0,1,0,0,1,0,0,0,0,0,1,1,0,0,0,0,1,0,1,0,0
ChIJJxNDHdtfqDsRzp4IeI6NvCo,Hotel Sri Pandian Muniyandi Vilas,Coimbatore,Thondamuthur,10.992475,76.840204,Multi-cuisine / General,Not disclosed,4.6,18,1,2.9444389791664403,111.75,13.231181181370028,3.4011973816621555,0,0,0,0,0,0,0,0,0,0,0,0,0,0,0,0,0,0,0,1,1,0,0
ChIJWU7gz6lfqDsRaF__8gGVm6A,Sree yogajothy bhavan,Coimbatore,Thenkarai,10.96735,76.845002,Vegetarian,Not disclosed,4.7,33,1,3.5263605246161616,100.0,13.062193396937696,0.6931471805599453,1,0,0,0,0,0,0,0,0,0,0,0,0,0,0,0,0,0,0,1,1,0,0
ChIJGfg8awBfqDsRSXN06k54t4I,PANDIAN MESS,Thondamuthur,Muthipalayam,10.995921,76.834253,Multi-cuisine / General,Budget,5.0,12,1,2.5649493574615367,99.0,13.87934489608373,2.995732273553991,0,0,0,0,0,0,1,1,0,0,0,0,1,1,0,0,0,0,0,1,1,0,0
ChIJ155iEDxeqDsRhC_ZkTu_ss0,OM SARAVANA BHAVAN HOTEL,Thondamuthur,Coimbatore,10.991024,76.842494,Multi-cuisine / General,Budget,4.0,20,0,3.044522437723423,112.0,12.985229159866304,3.367295829986474,0,0,0,1,0,0,1,1,0,0,0,0,1,1,0,0,0,0,0,1,1,0,0
ChIJNQwDwspfqDsRPMwR1DBwrhM,UMA MESS CATERING SERVICE,Thondamuthur,Thondamuthur,10.997426,76.831557,Multi-cuisine / General,Not disclosed,4.4,292,1,5.680172609017068,99.0,14.17629301472215,2.302585092994046,1,0,0,1,0,0,0,0,0,0,0,0,0,0,0,0,0,0,0,1,1,0,0
ChIJG3q-045nqDsR9yos_ejYICA,Sadhguru Saravana Bhavan Veg Restaurant,Madawarayapuram,Madawarayapuram,10.946374,76.774202,Vegetarian,Budget,3.9,27,0,3.332204510175204,98.0,21.126959055564058,1.0986122886681096,1,0,0,0,0,0,1,1,1,0,0,0,1,1,0,0,0,1,0,0,1,0,1
ChIJ1VqQ2QtfqDsR2AyFAMyRw0U,Friends Bakery,Muthipalayam,Muthipalayam,10.995643,76.838733,Bakery & Desserts,Not disclosed,5.0,10,1,2.3978952727983707,107.0,13.3900675303189,3.4657359027997265,1,0,0,1,0,0,1,0,0,0,0,0,0,0,0,0,0,0,0,1,1,1,0
ChIJIabGOztfqDsRc3K5jTYRBHg,Sweet Tooth,KTR Nagar,Thondamuthur,10.988947,76.842116,Bakery & Desserts,Not disclosed,4.8,10,1,2.3978952727983707,70.0,13.035610056480337,3.367295829986474,1,0,0,1,0,0,0,0,0,0,0,0,0,0,0,0,0,0,0,0,1,0,0
ChIJNXC5-7hfqDsRO3xlS8I0_l4,The J's Bakers and Confectionery,Uliyampalayam,Uliyampalayam,11.003531,76.861004,Bakery & Desserts,Budget,4.0,271,0,5.605802066295998,119.0,11.003360862006113,1.3862943611198906,1,0,0,1,0,0,1,0,1,0,1,0,1,0,0,0,1,1,0,1,1,0,0
ChIJ87sum8BfqDsR5zKQEkclL9M,Indie Puff - Onappalayam,Coimbatore,Kalikkanaicken Palayam,11.007906,76.865525,Bakery & Desserts,Not disclosed,4.2,200,1,5.303304908059076,105.0,10.568974689625039,1.3862943611198906,1,1,0,0,0,0,1,0,0,0,0,0,0,0,0,0,0,0,0,0,1,0,0
ChIJjQ0iMwBfqDsRKh1_uaMUWBE,Priya Bakes,Onappalayam,Coimbatore,11.006855,76.864482,Bakery & Desserts,Not disclosed,5.0,10,1,2.3978952727983707,126.0,10.666169728943046,1.3862943611198906,0,0,0,0,0,0,0,0,0,0,0,0,0,0,0,0,0,0,0,1,1,0,0
ChIJfVptORNfqDsR_ocXK8osJvw,DHANALAKSHMI SWEETS & BAKES,Bommanampalayam,Coimbatore,11.029291,76.883221,Bakery & Desserts,Not disclosed,3.7,79,0,4.382026634673881,126.0,9.3644477241627,3.4011973816621555,0,0,0,1,0,0,1,0,0,0,0,0,0,0,0,0,0,0,0,1,1,0,0
ChIJcXGIV3peqDsRSLkPWSjLmJc,GR Bakes,Coimbatore,Mathampatty,10.973284,76.862734,Bakery & Desserts,Not disclosed,4.1,1475,0,7.297091005160418,112.0,11.027902659049074,1.3862943611198906,0,0,0,0,0,0,0,0,0,0,0,0,0,0,0,0,0,0,0,1,1,0,0
ChIJA1ycQwBfqDsRKH1xD_xh71I,YUVA CAFE,Lakshmi Nagar,Coimbatore,11.018698,76.881632,Cafe & Beverages,Not disclosed,4.2,13,1,2.639057329615259,24.5,9.109646279337774,2.70805020110221,1,0,0,1,0,0,0,0,0,0,0,0,0,0,0,0,0,0,0,1,1,0,0
ChIJvwWVMm5fqDsRJ7r8-D9XoSA,YUVA'S AT'EA SPOT,Vedapatti,Vedapatti,11.000877,76.886719,Cafe & Beverages,Budget,4.8,21,1,3.091042453358316,79.0,8.18146694533241,0.0,1,0,0,1,0,0,1,0,0,0,0,0,1,1,0,0,0,1,0,0,1,0,0
ChIJKS5ClT1fqDsRZsy3165ELCA,MADRAS CHAI STORY,Kempanur,Thondamuthur,10.99314,76.839761,Cafe & Beverages,Not disclosed,4.9,10,1,2.3978952727983707,93.0,13.27840400313371,3.4011973816621555,1,0,0,1,0,0,0,0,0,0,0,0,0,0,0,0,0,0,0,1,1,0,0
ChIJYYB5plReqDsRBqZJuyAo24A,Saamy Mess,Kalikkanaicken Palayam,Kalikkanaicken Palayam,11.008714,76.866668,Multi-cuisine / General,Budget,4.4,116,1,4.762173934797756,101.5,10.45854810617168,1.3862943611198906,0,0,0,0,0,0,1,1,0,0,0,0,1,1,0,0,0,1,0,0,1,0,0
ChIJpy-dOABfqDsRAM-BOHLNLtE,Sree Udhayam Mess,Lakshmi Nagar,Coimbatore,11.019902,76.88469,Fast food & Quick bites,Budget,4.3,159,1,5.075173815233827,84.5,8.832892426137047,2.772588722239781,1,0,0,1,0,0,1,0,0,0,1,0,1,1,0,0,0,0,0,0,1,0,0
ChIJVSpyqahhqDsRo70h41Ukxhc,Maruthamalai Murugan Mess (Veg),Coimbatore,Jakkirnaickenpalayam,10.996596,76.785881,Vegetarian,Not disclosed,4.1,16,0,2.833213344056216,59.5,19.159814650896948,0.0,1,0,0,0,0,0,0,0,0,0,0,0,0,0,0,0,0,0,0,0,1,0,0
ChIJ7wBMwT1eqDsRdkpYIEu-ABQ,Thiru Annamalai Fast Foods stall,Poochiyur,Coimbatore,10.991933,76.841241,Fast food & Quick bites,Not disclosed,4.0,15,0,2.772588722239781,54.0,13.119242334440335,3.4011973816621555,1,0,0,1,0,0,1,1,0,0,0,0,1,1,0,0,0,0,1,1,1,0,1
ChIJwZgB4LhfqDsRzFbMGzUo97k,KOKKARAKKO BIRIYANI & FAST FOOD,Coimbatore,Kalikkanaicken Palayam,10.993201,76.844492,Multi-cuisine / General,Not disclosed,3.0,12,0,2.5649493574615367,87.0,12.761949699583571,3.367295829986474,0,0,0,0,0,0,0,0,0,0,0,0,0,0,0,0,0,0,0,0,0,1,0
ChIJkwwUTT9ZqDsRGqAGeNeSc68,Los pollos hermano,R.S. Puram,Coimbatore,11.008153,76.957706,Fast food & Quick bites,Mid,5.0,25,1,3.258096538021482,42.0,1.5600315761563819,5.407171771460119,1,0,0,1,0,0,1,0,1,0,0,0,1,1,0,0,0,0,0,0,1,0,0
ChIJRaeZ8ftZqDsR2u1E-O4gI5Y,Popeyes - Famous Louisiana Chicken,R.S. Puram,Coimbatore,11.009304,76.959278,Multi-cuisine / General,Not disclosed,4.7,90,1,4.51085950651685,84.0,1.6513345171039822,5.313205979041787,1,1,0,1,0,0,0,0,0,0,0,0,0,0,0,0,0,0,0,0,1,0,0
ChIJlwJQb01nqDsRFWH7PXWNXhs,Tasty Fast Food &Hotel,Pooluvapatti,Pooluvapatti,10.961192,76.813632,Fast food & Quick bites,Mid,4.2,152,1,5.030437921392435,101.5,16.55260527357423,0.0,1,0,0,1,0,0,1,1,1,0,0,0,1,1,0,0,0,1,0,0,1,0,0
ChIJJ2euJABnqDsRarL_GkyJcpc,Aryas Pure Veg Restaurant,Iruttu Pallam,Alanthurai,10.94541,76.771713,Multi-cuisine / General,Not disclosed,3.5,116,0,4.762173934797756,115.5,21.417035728670513,1.0986122886681096,1,0,0,1,0,0,1,0,0,0,0,0,0,0,0,1,0,0,1,1,1,0,0
ChIJc_srSOtnqDsRQq8ALQ1t3aA,Prithivee Pure Veg Restaurant,Karunya Nagar,Madawarayapuram,10.941179,76.752496,Multi-cuisine / General,Mid,4.2,136,1,4.919980925828125,98.0,23.56570436025494,0.0,1,0,0,1,0,0,1,1,1,1,1,0,1,1,0,1,1,1,0,0,1,0,1
ChIJ8Z9iaixfqDsRQ80hLGQQK9g,Hotel GR - High Class Veg - Restaurant,Mathampatty,Mathampatty,10.973365,76.862896,Vegetarian,Not disclosed,4.2,655,1,6.486160788944089,85.75,11.008696215828651,1.3862943611198906,0,0,0,1,0,0,1,0,0,0,0,0,0,0,0,0,0,0,0,1,1,0,0
ChIJ7S9wiYRfqDsRp0w6JOsJiDE,Sri Ganapathi Bhavan,Kalampalayam,Theethi Palayam,10.970964,76.887894,Vegetarian,Budget,4.0,298,0,5.700443573390686,115.5,8.443263400211595,1.0986122886681096,0,0,0,1,0,0,1,1,0,0,0,0,1,1,0,0,1,1,0,1,1,0,1
ChIJe_EjYFpnqDsRvPOoFAAQADc,Pavitram North Indian Restaurant,Alanthurai,Alanthurai,10.953247,76.788067,Cafe & Beverages,Not disclosed,4.8,175,1,5.170483995038151,78.5,19.47202482520813,1.3862943611198906,0,0,0,1,0,0,0,0,0,0,0,0,0,0,0,0,0,0,0,0,1,0,0
ChIJR4s8NKpfqDsRA9994rLvetE,Vintage Kitchen,Kalampalayam,Theethi Palayam,10.971153,76.89053,South Indian & Regional,Not disclosed,4.6,11,1,2.4849066497880004,84.0,8.163569904130105,1.3862943611198906,1,0,0,1,0,0,0,0,0,0,0,0,0,0,0,0,0,0,0,0,1,0,0
ChIJmd0HVDRfqDsRLCsf1MdGOuA,Martram's The South Indian Coffee House,Pachapalayam,Perur Chettipalayam,10.968783,76.907064,Cafe & Beverages,Budget,4.5,589,1,6.380122536899765,98.0,6.589441965545603,2.833213344056216,1,1,0,1,0,0,1,0,0,0,1,0,1,1,0,0,1,1,0,1,1,1,0
ChIJm855sd71qDsRf4JtPfO6oCA,Shri Kannatha Chettinad hotel,Periya Thadagam,Chinna Thadagam,11.074479,76.862427,Multi-cuisine / General,Not disclosed,4.4,60,1,4.110873864173311,105.0,13.984702290591887,1.3862943611198906,0,0,0,1,0,0,0,0,0,0,0,0,0,0,0,0,0,0,0,1,1,0,0
ChIJzbu1szBnqDsRKv1ci1pDLws,Meenachi Chettinad Residency and Hotel - Best hotel with affordable price,Alanthurai,Pooluvapatti,10.954807,76.791128,Multi-cuisine / General,Not disclosed,4.5,14,1,2.70805020110221,168.0,19.106531320347006,1.3862943611198906,1,0,0,1,0,0,1,1,0,0,0,0,1,1,0,0,0,0,1,1,1,0,0
ChIJ_b-lRZSJqDsR12P5HfMnDo8,White Elephant Restaurant Anaikatti,Manarkkad,,11.064847,76.707799,Multi-cuisine / General,Not disclosed,4.7,388,1,5.963579343618446,104.5,28.759327370441675,0.0,1,1,0,1,0,0,1,0,0,0,0,0,0,0,0,0,0,0,0,1,1,0,0
ChIJOSUmNABfqDsREjJHtvKJX4A,The Kovai tiffin house,Kalikkanaicken Palayam,Coimbatore,11.024961,76.90329,Multi-cuisine / General,Budget,4.4,22,1,3.1354942159291497,50.5,7.185123746062903,4.442651256490317,1,0,0,0,0,0,1,0,0,0,0,0,1,1,0,0,0,0,1,1,1,0,0
ChIJc1bs8uFnqDsRyhAYokfOFKA,Lourdes restaurant,Alanthurai,Alanthurai,10.95055,76.784636,Multi-cuisine / General,Not disclosed,4.8,177,1,5.181783550292085,110.5,19.907904032367426,1.3862943611198906,1,0,0,1,0,0,0,0,0,0,0,0,0,0,0,0,0,0,0,1,1,0,0
ChIJieLS4r1nqDsR3MhZABAVLG8,Tawa Club,Iruttu Pallam,Semmedu,10.957937,76.756768,Multi-cuisine / General,Not disclosed,3.9,171,0,5.147494476813453,84.0,22.7067438988728,0.0,1,0,0,1,0,0,1,0,0,0,0,0,0,0,0,0,0,0,0,0,1,0,0
ChIJYwFHFOFnqDsRLWsvjiizzF4,SINGAI MASALA HUT VEG & NON VEG,Iruttu Pallam,Madawarayapuram,10.946137,76.77447,Multi-cuisine / General,Not disclosed,4.2,753,1,6.625392368007956,99.5,21.10538409346412,1.0986122886681096,1,0,0,1,0,0,1,1,1,0,0,0,1,1,0,0,1,1,1,0,1,0,0
ChIJIx0tpR5fqDsRfA5-bCYC1HU,Brew Food Court,Mathampatty,Mathampatty,10.974224,76.864175,Multi-cuisine / General,Not disclosed,4.8,22,1,3.1354942159291497,119.0,10.852015266430364,1.0986122886681096,1,0,0,1,0,0,1,0,0,0,0,0,0,0,0,1,0,0,0,1,1,0,0
ChIJQd_UPKNmqDsRu7KIVyY2wqI,"Domino’s Pizza | Karunya University, Coimbatore",Karunya Nagar,Madawarayapuram,10.933613,76.743598,Fast food & Quick bites,Not disclosed,4.5,29,1,3.4011973816621555,70.0,24.72459092400697,0.0,1,1,0,1,0,0,0,0,0,0,0,0,0,0,0,0,0,0,0,0,1,1,0
ChIJ88Mb96leqDsRTAMTWLmbrOQ,Lumaa Ice creams,Perur,Vedapatti,10.982567,76.912158,Bakery & Desserts,Not disclosed,4.9,81,1,4.406719247264253,66.5,5.539100433155283,2.8903717578961645,1,1,0,0,1,0,1,0,1,0,0,0,0,1,0,0,0,0,0,0,1,0,0
ChIJe7l_QgBfqDsRu6nvm_rZ8NQ,Havmor Thondamuthur Road,Chinmaya Nagar,Coimbatore,11.022048,76.886272,Bakery & Desserts,Not disclosed,4.4,40,1,3.713572066704308,91.0,8.74971011270678,2.833213344056216,1,0,0,1,0,0,0,0,0,0,0,0,0,0,0,0,0,0,1,0,1,0,0
ChIJ8TkuufNfqDsRn3eMp1y6HDs,Polar Bear Ice Cream Sundaes - Siruvani Main Road,Pachapalayam,Perur Chettipalayam,10.968821,76.907129,Bakery & Desserts,Not disclosed,4.8,2541,1,7.8407064517494,84.0,6.581214248826674,2.833213344056216,1,1,0,1,0,0,0,0,0,0,0,0,0,0,0,0,0,0,0,0,1,1,0
ChIJ31JjtipfqDsRUpHt8ODcvtQ,Falooda Hut,Nambialaganpalayam,Vedapatti,11.001387,76.9024,Bakery & Desserts,Not disclosed,4.3,16,1,2.833213344056216,95.5,6.484077861314018,0.0,1,0,0,1,0,0,0,0,0,0,0,0,0,0,0,0,0,0,1,1,1,0,0
ChIJNdRfPpxfqDsRSBeUpEF9yuc,Amul Ice cream Parlour,Sri Ram Avenue,Coimbatore,11.028394,76.898388,Bakery & Desserts,Not disclosed,4.4,68,1,4.23410650459726,84.0,7.837222532510105,4.143134726391533,1,0,1,1,0,0,1,1,0,0,0,0,0,1,0,0,1,1,0,0,1,1,0
ChIJD_Bc3xdZqDsRO_pFddbgSAg,Chamunda Ice Cream,Selvapuram North,Ponnaiah Raja Puram,10.999411,76.942693,Bakery & Desserts,Not disclosed,4.4,74,1,4.31748811353631,122.5,2.1108398240987496,4.406719247264253,1,0,0,1,0,0,1,0,1,0,0,0,1,1,0,0,1,1,0,1,1,0,1
ChIJ2__2ABlZqDsRnu_AO0M1Mno,Juice world,Selvapuram South,Coimbatore,10.987662,76.939502,North Indian & Global,Not disclosed,4.2,134,1,4.90527477843843,77.0,2.5116951534667167,4.248495242049359,0,0,0,1,0,0,0,0,0,0,0,0,0,0,0,0,0,0,0,0,1,0,0
ChIJDULmAa1eqDsRMwELBi_G1HA,SRI PATEESHWARAR VILAS,Perur,Perur,10.975829,76.915709,Multi-cuisine / General,Budget,3.9,37,0,3.6375861597263857,108.5,5.406648646317233,3.295836866004329,1,0,0,1,0,0,1,1,0,0,0,0,1,1,0,0,0,0,0,1,1,0,1
ChIJCVRnNytfqDsRyDGPtbQ4i2I,Sri Vetri Vinayaga Mess (மட்டசாலை கடை),Kalampalayam,Perur Chettipalayam,10.96858,76.899921,Multi-cuisine / General,Not disclosed,4.3,381,1,5.945420608606575,33.0,7.308097330481793,2.0794415416798357,1,0,0,1,0,0,1,0,0,0,0,0,0,0,0,0,0,0,0,0,1,0,0
ChIJnYLHundZqDsRfu1veLk-05k,Vintage Train barbeque,Perur,Perur,10.978424,76.918619,Biryani & Non-veg,Not disclosed,5.0,22,1,3.1354942159291497,27.0,5.004270400035368,3.1354942159291497,0,0,0,0,0,0,1,1,0,0,0,0,1,1,0,0,0,1,0,0,1,0,0
ChIJf1S7CABfqDsRCSHxtLa9SPo,Kovai Cafe,Kalampalayam,Perur Chettipalayam,10.968697,76.898975,Multi-cuisine / General,Mid,4.2,130,1,4.875197323201151,77.0,7.397960864526877,2.0794415416798357,1,0,0,0,0,0,1,1,1,0,1,0,1,1,0,0,1,1,0,0,1,0,0
ChIJk0QS2kVZqDsRe5uF5w94vzY,HOTEL HARIS,Selvapuram South,Coimbatore,10.984208,76.931138,South Indian & Regional,Budget,4.0,1358,0,7.214504414151143,112.0,3.499556472998934,3.713572066704308,1,0,0,1,0,0,1,1,1,0,1,0,1,1,0,0,1,1,0,1,1,0,1
ChIJlQ3ANlpZqDsRLK02jS5gNH0,Cravers point,Selvapuram South,Coimbatore,10.984188,76.925231,Cafe & Beverages,Not disclosed,4.8,106,1,4.672828834461906,44.5,4.11431454961802,2.833213344056216,1,1,0,1,0,0,0,0,0,0,0,0,0,0,0,0,0,0,0,0,1,0,0
ChIJ5errYa9ZqDsRzjPVSPh1j2w,Martram's The South Indian Coffee House - Brookefields,Ram Nagar,Coimbatore,11.009011,76.959411,Cafe & Beverages,Not disclosed,4.9,164,1,5.10594547390058,77.0,1.6170700144281938,5.288267030694535,1,1,0,1,0,0,0,0,0,0,0,0,0,0,0,0,0,0,0,0,1,1,0
ChIJYQqnxGxZqDsR5Y3SJ9dAF5c,Sun Bakes,Perur,Coimbatore,10.977847,76.938196,Cafe & Beverages,Not disclosed,4.1,27,0,3.332204510175204,108.5,3.1441514306660263,2.4849066497880004,1,0,0,0,0,0,0,0,0,0,0,0,0,0,0,0,0,0,0,1,1,0,0
ChIJwV9FEwBfqDsRLHF1V4Pwcb8,Zan Cafe Perur,Perur,Perur,10.97717,76.91786,Cafe & Beverages,Not disclosed,4.2,50,1,3.9318256327243257,84.0,5.13269251913982,3.1354942159291497,1,0,0,0,0,0,0,0,0,0,0,0,0,0,0,0,0,0,0,0,1,0,0
ChIJialREwBfqDsRth70ZgXI0z4,A.R.Bakes,Perur,Perur,10.974719,76.912986,Bakery & Desserts,Not disclosed,3.6,12,0,2.5649493574615367,112.0,5.728499971679831,3.4011973816621555,1,0,0,0,0,0,0,0,0,0,0,0,0,0,0,0,0,0,0,1,1,0,0
ChIJV7WyrlJZqDsRxtcpIjEvW58,Renu Bakery,Perur,Perur,10.978226,76.9186,Bakery & Desserts,Not disclosed,4.0,16,0,2.833213344056216,70.0,5.01415977750251,3.1780538303479458,0,0,0,1,0,0,1,0,1,0,0,0,1,0,0,0,0,0,0,1,1,0,0
ChIJxUJhBFxZqDsR-Ir21k9SlQY,The Burnt Stories - Cake shop,Selvapuram South,Coimbatore,10.985511,76.924415,Bakery & Desserts,Not disclosed,5.0,26,1,3.295836866004329,48.0,4.161702123500533,2.70805020110221,1,0,0,1,0,0,0,0,0,0,0,0,0,0,0,0,0,0,0,0,1,0,0
ChIJi0iaKUdZqDsRCX4GyyD6z-I,RUBY BAKES,Selvapuram South,Coimbatore,10.987786,76.934933,Bakery & Desserts,Not disclosed,3.5,24,0,3.2188758248682006,126.0,2.9867153379488767,4.127134385045092,1,0,0,1,0,0,0,0,0,0,0,0,0,0,0,0,0,0,0,1,1,0,0
ChIJkcg8rE5ZqDsRmxkgKcC2vbA,SUPER BAKERY,Selvapuram South,Coimbatore,10.984108,76.92442,Bakery & Desserts,Not disclosed,4.4,11,1,2.4849066497880004,119.0,4.20179839175546,2.772588722239781,0,0,0,1,0,0,1,0,1,0,0,0,1,0,0,0,0,0,0,1,1,0,0
ChIJEeK7-ctZqDsRev82MwAZjVo,Ramacharan,Perur,Coimbatore,10.988065,76.935574,Bakery & Desserts,Not disclosed,4.2,11,1,2.4849066497880004,87.0,2.9111900907564854,4.110873864173311,1,0,0,1,0,0,1,0,0,0,0,0,0,0,0,0,0,0,0,0,0,0,0
ChIJje525KteqDsRDPVwZIYo2jA,OK Sweets and Bakes,Perur,Perur Chettipalayam,10.971937,76.912857,Bakery & Desserts,Not disclosed,3.7,112,0,4.727387818712341,115.5,5.867573221140418,3.295836866004329,1,1,0,0,0,0,0,0,0,0,0,0,0,0,0,0,0,0,0,1,1,0,0
ChIJseZlmYBfqDsRXzOyUdTnAAg,Sri Prasanna Lakshmi Bakes,Perur,Perur Chettipalayam,10.970101,76.90981,Bakery & Desserts,Not disclosed,4.1,164,0,5.10594547390058,98.0,6.255774428388146,3.091042453358316,1,0,0,0,0,0,0,0,0,0,0,0,0,0,0,0,0,0,0,1,1,1,0
ChIJb-qkzU5ZqDsRe_ILMQoTfyU,JR BAKES,Selvapuram South,Coimbatore,10.984237,76.926033,Bakery & Desserts,Not disclosed,4.0,1493,0,7.309212365692763,116.0,4.028822268553325,2.772588722239781,0,0,0,1,0,0,0,0,0,0,0,0,0,0,0,0,0,0,0,1,1,0,0
ChIJY6dm7DFZqDsRCsYRsuGUHXI,oviyas bakery,Selvapuram South,Coimbatore,10.987685,76.938149,Cafe & Beverages,Budget,4.2,79,1,4.382026634673881,126.0,2.6518882430071775,4.1588830833596715,1,0,0,1,0,0,1,0,1,0,0,0,1,1,0,0,0,1,0,1,1,0,0
ChIJ2RWHTwBZqDsRy3AKtL5cRrE,Sri Kumaran bakery,Selvapuram South,Coimbatore,10.987146,76.942181,Cafe & Beverages,Not disclosed,3.5,11,0,2.4849066497880004,87.0,2.2556571563107846,4.248495242049359,0,0,0,0,0,0,0,0,0,0,0,0,0,0,0,0,0,0,0,0,0,0,0
ChIJfznvmbxZqDsR-fq3yR-aakQ,Ideal Bakes,Selvapuram South,Coimbatore,10.9886,76.941513,Bakery & Desserts,Budget,4.3,22,1,3.1354942159291497,115.5,2.270978693714573,4.31748811353631,0,0,0,1,0,0,1,0,0,0,0,0,0,0,0,0,0,0,0,1,1,0,0
ChIJCft_6exZqDsRKyeGhOcaWQ4,SRI RAMU FAST FOOD,Selvapuram North,Coimbatore,10.989639,76.941488,Fast food & Quick bites,Not disclosed,5.0,18,1,2.9444389791664403,47.25,2.2424031401739537,4.330733340286331,0,0,0,0,0,0,0,0,0,0,0,0,0,0,0,0,0,0,1,0,1,0,0
ChIJX_zDefhfqDsRsh4NNd533i0,Dosa Infinity Siruvani main road,Perur,Perur Chettipalayam,10.968631,76.906577,Multi-cuisine / General,Not disclosed,4.3,601,1,6.400257445308821,87.0,6.644661707321893,2.833213344056216,1,1,0,1,0,0,0,0,0,0,0,0,0,0,0,0,0,0,0,0,0,0,0
ChIJ44iIfABZqDsRpzVqI764-Hs,TEA BOY KOUNDAMPALAYAM,Koundampalayam,Coimbatore,11.044656,76.947443,Multi-cuisine / General,Budget,4.5,50,1,3.9318256327243257,104.0,5.770667176453114,4.127134385045092,1,0,0,1,0,0,1,0,0,0,0,0,1,0,0,0,0,0,0,1,1,0,0
ChIJHQIwC3FZqDsRJAJy1Zae2II,Tea weds coffee,Tatabad,Coimbatore,11.018595,76.953689,Cafe & Beverages,Budget,4.7,39,1,3.6888794541139363,94.5,2.79772307354018,5.003946305945459,1,0,0,1,0,0,1,0,0,0,0,0,1,1,0,0,0,1,0,1,1,0,0
ChIJ1SmX7MFZqDsRhE81t2c2wD0,Aroma Bakery,Koundampalayam,Coimbatore,11.043471,76.947821,Bakery & Desserts,Budget,3.9,344,0,5.84354441703136,112.0,5.632687251475653,4.1588830833596715,0,1,0,1,0,0,1,0,1,0,0,0,1,0,0,0,1,1,0,1,1,1,1
ChIJ2xHlP5dYqDsR4vG8llH4Ltg,Kannan’s Kaapi,Koundampalayam,Coimbatore,11.044647,76.946809,Cafe & Beverages,Not disclosed,4.1,23,0,3.1780538303479458,69.0,5.788356502793772,4.1588830833596715,0,1,0,1,0,0,1,0,0,0,0,0,0,0,0,0,0,0,0,0,1,0,0
ChIJT0ZT8oZZqDsRS7PuHfGGonE,The Killer Resto Cafe,Koundampalayam,Coimbatore,11.039522,76.934178,Cafe & Beverages,Not disclosed,3.9,26,0,3.295836866004329,84.0,5.811954553584462,4.204692619390966,1,0,0,1,0,0,0,0,0,0,0,0,0,0,0,0,0,0,1,0,1,0,0
ChIJ5dxIWjlZqDsRQp8yg_qH8cA,A.K.S.Mess,Venkatasamy Layout,Coimbatore,11.020103,76.971819,Multi-cuisine / General,Not disclosed,4.3,14,1,2.70805020110221,87.0,3.055334404584753,4.912654885736052,0,0,0,0,0,0,0,0,0,0,0,0,0,0,0,0,0,0,0,0,0,0,0
ChIJ5Z5BRDTxqDsRqtWzCTK8fAs,Amma Mess,Sri Ramakrishna Mission Vidyalaya Campus,Periyanaickenpalayam,11.149309,76.944835,Multi-cuisine / General,Not disclosed,4.1,440,0,6.089044875446846,71.75,17.29756866823738,3.6375861597263857,1,0,0,1,0,0,1,0,0,0,0,0,0,0,0,0,0,0,0,0,1,0,0
ChIJ94BooRVZqDsR1aqDm74eTd0,AS Restaurant & Bakes,Selvapuram North,Coimbatore,10.992012,76.949878,Fast food & Quick bites,Not disclosed,4.5,14,1,2.70805020110221,87.0,1.2901804537109371,4.844187086458591,1,0,0,0,0,0,0,0,0,0,0,0,0,0,0,0,0,0,0,0,0,0,0
ChIJNboyGtReqDsRshkuLjoEA8g,"karaikudi ayyanar chettinad mess,காரைக்குடி அய்யனார் செட்டிநாடு மெஸ்.",Veerakeralam,Coimbatore,11.007014,76.912951,South Indian & Regional,Not disclosed,3.6,29,0,3.4011973816621555,133.0,5.465476358125855,0.0,1,0,0,0,0,0,1,0,0,0,0,0,0,0,0,0,0,0,0,1,1,0,0
ChIJBwAAUUBZqDsRpmEKygbOHRU,SRI VASANTHAM RESTARAUNT,Selvapuram South,Coimbatore,10.987939,76.938086,Multi-cuisine / General,Budget,4.0,247,0,5.5134287461649825,84.0,2.650438296911198,4.1588830833596715,0,0,0,1,0,0,1,1,1,0,0,0,1,0,0,0,0,0,0,0,1,0,0
ChIJTXBqHy5fqDsRcC6c4UZp6AU,Shree Anandhaas Sweets and Snacks - Perur,Perur,Perur Chettipalayam,10.969546,76.908659,Bakery & Desserts,Not disclosed,4.1,59,0,4.0943445622221,98.0,6.395756404781936,2.9444389791664403,1,1,0,1,0,1,0,0,0,0,0,0,0,0,0,0,0,0,0,0,1,1,0
ChIJQXPPGytbqDsRMBRdLKOrIho,Milky Man Ice Creams,Perur,Perur Chettipalayam,10.965694,76.918726,Bakery & Desserts,Not disclosed,4.5,13,1,2.639057329615259,72.0,5.6595504168659945,2.0794415416798357,1,0,0,1,1,0,1,0,1,0,0,0,0,1,0,0,0,0,0,0,1,0,0
ChIJ4Qs44l9ZqDsRhWMmm7gI5BI,Fruitsticks ice cream shop,Selvapuram North,Coimbatore,10.993499,76.940658,Bakery & Desserts,Not disclosed,4.5,15,1,2.772588722239781,98.0,2.2673832527440583,4.382026634673881,1,0,0,1,0,0,1,0,0,0,0,0,0,1,0,0,0,1,0,0,1,0,0
ChIJXSsLAeJZqDsRiEHVWu9Obo4,The Cake Time,Edayarpalayam,Coimbatore,11.03943,76.930767,Bakery & Desserts,Not disclosed,4.5,33,1,3.5263605246161616,91.0,6.0023021779500905,4.454347296253507,1,0,0,1,0,0,1,0,0,0,0,0,0,0,0,0,0,0,0,0,1,0,0
ChIJ3cXQf3fxqDsRaigXZ2p5IZs,Birthday Cakes coimbatore ordered cakes flowers bouquet online customised surprise cake delivery in coimbatore,Koundampalayam,Coimbatore,11.04318,76.944183,Bakery & Desserts,Premium,4.9,149,1,5.0106352940962555,168.0,5.719368707004565,4.07753744390572,1,1,0,1,1,0,1,0,1,0,0,0,0,0,0,0,1,1,1,1,1,0,0
ChIJKRvAJppYqDsRGStGbj2ti0g,Sri Krishna Sweets,Koundampalayam,Coimbatore,11.048081,76.947357,Bakery & Desserts,Not disclosed,4.3,1219,1,7.106606137727303,84.0,6.1411577535106305,4.1588830833596715,1,1,0,1,0,0,1,0,1,0,0,0,1,0,0,0,1,1,0,0,1,0,0
ChIJ6a6hzlRZqDsRRqak4jKX318,Cakes' Castle - Kavundampalayam,Koundampalayam,Coimbatore,11.045355,76.947133,Bakery & Desserts,Not disclosed,4.2,32,1,3.4965075614664802,98.0,5.854579124379565,4.174387269895637,1,0,0,1,0,0,0,0,0,0,0,0,0,0,0,0,0,0,0,0,1,0,0
ChIJ5VET4ZlYqDsR2zVyMSa-v8Y,City Cake Shop,Koundampalayam,Coimbatore,11.044632,76.946722,Bakery & Desserts,Not disclosed,4.1,26,0,3.295836866004329,133.0,5.789373385761712,4.1588830833596715,0,0,0,1,0,0,1,0,1,0,0,0,0,0,0,0,0,0,0,1,1,1,0
ChIJe8KwwLdYqDsRZoUTnAXF14w,Raja Bakery,Edayarpalayam,Coimbatore,11.035454,76.927985,Bakery & Desserts,Budget,4.2,543,1,6.298949246855942,168.0,5.8256483767288305,4.406719247264253,1,0,0,1,0,0,1,0,1,0,1,0,0,0,0,0,0,1,1,1,1,0,0
ChIJY-SkYJ1ZqDsRT8JsIHmd-cQ,mathaji ice cream,Chokkapudur,Ponnaiah Raja Puram,10.999051,76.943491,Bakery & Desserts,Not disclosed,4.5,70,1,4.2626798770413155,105.0,2.016504262699277,4.605170185988092,1,1,0,1,0,0,0,0,0,0,0,0,0,0,0,0,0,0,0,1,1,0,0
ChIJAauoQ5VZqDsRLU-aYTvBCso,Kaappi 2.0 Selvapuram,Selvapuram South,Coimbatore,10.987982,76.935666,Cafe & Beverages,Not disclosed,4.9,264,1,5.579729825986222,119.0,2.9037923023929024,4.110873864173311,1,0,0,1,0,0,1,0,0,0,0,0,0,0,0,0,0,0,0,1,1,0,0
ChIJxYOctJ5YqDsR-O1Rns6WdR8,Santosh Bakery,Cheran Nagar,Coimbatore,11.051747,76.945977,Bakery & Desserts,Budget,4.2,64,1,4.174387269895637,140.0,6.573634997329901,4.0943445622221,0,0,0,1,0,0,1,0,1,0,0,0,1,0,0,0,0,1,1,1,1,0,0
ChIJ55pDY0RZqDsRcxHQXK4EIaw,Yummy Cakes,Koundampalayam,Coimbatore,11.044688,76.943045,Bakery & Desserts,Not disclosed,4.7,335,1,5.817111159963204,87.0,5.918876114605757,4.0943445622221,1,0,0,1,0,0,1,0,1,0,1,1,0,0,0,0,1,1,0,0,0,0,0
ChIJm3hlwRRZqDsR5r0Ge-6ScCE,SABARI BAKERY,Koundampalayam,Coimbatore,11.042874,76.948073,Bakery & Desserts,Budget,4.2,265,1,5.583496308781699,87.0,5.561413805203641,4.110873864173311,1,0,0,1,0,0,1,0,1,0,0,0,0,0,0,0,0,0,0,0,0,1,0
ChIJK2C-h7FYqDsRjIPNfL_1ZyM,SRI RAGAVENDRA CAKE SHOP,TVS Nagar,Coimbatore,11.043079,76.924074,Bakery & Desserts,Not disclosed,4.7,24,1,3.2188758248682006,116.5,6.7569077756864075,4.290459441148391,0,0,0,1,0,0,1,0,0,0,0,0,0,0,0,0,0,0,0,1,1,0,0
ChIJDUez0PJZqDsR8KB1K3bBYlU,Bakester Tales,Koundampalayam,Coimbatore,11.050709,76.932637,Bakery & Desserts,Not disclosed,4.9,172,1,5.153291594497779,91.0,6.984321921269496,2.5649493574615367,1,1,0,1,0,0,0,0,0,0,0,0,0,0,0,0,0,0,0,0,1,0,0
ChIJ4x_r25VZqDsRtdUtTCu1Y3o,Latha's Bakes (Home Baking),Edayarpalayam,Coimbatore,11.045641,76.926334,Bakery & Desserts,Not disclosed,5.0,38,1,3.6635616461296463,119.0,6.84538022586552,4.07753744390572,1,0,1,1,0,0,0,0,0,0,0,0,0,0,0,0,0,0,0,1,1,0,0
ChIJzSqSWChZqDsRJH12LdkTIIM,Royal Bakery,Sanganoor,Coimbatore,11.03714,76.961133,Bakery & Desserts,Budget,4.0,337,0,5.823045895483019,115.5,4.730321947599017,3.4339872044851463,1,0,0,0,0,0,1,0,1,0,0,0,0,0,0,0,0,1,0,1,1,0,0
ChIJUyrFAyVZqDsRhNE5wne82kE,New Kerala chips,Sanganoor,Coimbatore,11.046114,76.954241,Bakery & Desserts,Budget,4.2,315,1,5.755742213586912,91.0,5.781142493876488,4.0943445622221,0,0,0,0,0,0,1,0,1,0,0,0,1,0,0,0,1,1,0,0,1,0,0
ChIJ0Ul-N_lZqDsRku8MwvrPrkE,FB CAKES Edayarpalayam,Kovilmedu,Coimbatore,11.034077,76.929016,Bakery & Desserts,Not disclosed,4.6,196,1,5.2832037287379885,105.0,5.635813214536035,4.382026634673881,1,1,0,1,0,0,0,0,0,0,0,0,0,0,0,0,0,0,0,0,1,0,0
ChIJBVWzjK9ZqDsRBxmW9CpglmA,ShreeKumaran Bakery,Koundampalayam,Coimbatore,11.039916,76.935934,Bakery & Desserts,Not disclosed,4.0,234,0,5.459585514144159,108.5,5.754670476452763,4.02535169073515,0,0,0,0,0,0,1,0,0,0,0,0,0,0,0,0,0,0,0,1,1,0,0
ChIJ5VxGjuxZqDsR9kDvQ1HqgoU,Crack Cakes,Koundampalayam,Coimbatore,11.048804,76.935023,Bakery & Desserts,Not disclosed,4.9,346,1,5.849324779946859,105.0,6.679465546480366,3.044522437723423,1,1,0,1,1,0,1,0,1,0,1,0,1,0,0,0,0,1,0,1,1,0,0
ChIJGwvGOJdYqDsRu1cj3W2AAAk,Krishna Bakes&sweets,Koundampalayam,Coimbatore,11.044598,76.945963,Bakery & Desserts,Not disclosed,4.3,13,1,2.639057329615259,112.5,5.809223881431401,4.1588830833596715,0,0,0,1,0,0,0,0,0,0,0,0,0,0,0,0,0,0,0,1,1,0,0
ChIJR6fwUABZqDsRbTTx88HKCvk,Hotel dwarakas,Koundampalayam,Coimbatore,11.050126,76.946446,Multi-cuisine / General,Mid,4.5,312,1,5.746203190540153,84.0,6.386292012408756,4.07753744390572,1,1,0,1,1,1,1,1,1,1,1,0,1,1,0,0,1,1,0,0,1,0,0
ChIJuyvaY5FYqDsR6vZf_gk0Ltc,Yummy Restaurant,Koundampalayam,Coimbatore,11.040955,76.948655,South Indian & Regional,Not disclosed,4.1,1315,0,7.182352111885263,73.5,5.338848367029604,4.07753744390572,1,1,0,1,0,0,1,1,1,1,1,0,1,1,0,0,1,1,0,0,1,0,0
ChIJeZHHvp5YqDsRZlM4lJtNdzA,Hotel Sri Surya,Koundampalayam,Coimbatore,11.052931,76.945779,South Indian & Regional,Not disclosed,4.0,3410,0,8.134760782418645,78.75,6.706445330906505,3.9889840465642745,1,0,0,1,0,0,1,0,0,0,0,0,0,0,0,0,0,0,0,0,1,0,0
ChIJzT1ziTZZqDsRc11PaaxVTRs,COCKRACO,Koundampalayam,Coimbatore,11.046249,76.946839,Biryani & Non-veg,Not disclosed,4.0,4354,0,8.379079889286603,80.5,5.9589424783846,4.204692619390966,1,1,0,1,0,1,1,0,0,1,0,0,0,0,0,0,0,0,0,0,1,1,0
ChIJ_z9ZZwBZqDsRIbsPOg5ZxtY,Dadaa's hotel,Koundampalayam,Coimbatore,11.039819,76.932603,Multi-cuisine / General,Budget,4.8,56,1,4.04305126783455,84.0,5.929661406439752,4.382026634673881,1,0,0,0,0,0,1,1,1,0,0,0,1,1,0,0,0,0,0,0,1,0,0
ChIJvyhBcwtZqDsRNoH1JsU6tFI,Eat N Go,Koundampalayam,Coimbatore,11.043194,76.947969,Fast food & Quick bites,Not disclosed,4.4,202,1,5.313205979041787,77.0,5.598726462382657,4.127134385045092,1,0,0,1,0,0,0,0,0,0,0,0,0,0,0,0,0,0,0,0,1,0,0
ChIJmYHCN2tZqDsRK9O6A1qSahI,Meenukkadai,Koundampalayam,Coimbatore,11.042993,76.948416,Biryani & Non-veg,Mid,4.0,813,0,6.70196036600254,119.0,5.564534693996424,4.110873864173311,0,1,0,0,1,0,1,0,1,0,0,0,1,0,0,0,1,1,0,1,1,0,0
ChIJA3gRvv9ZqDsRYAtoyUUglvE,A1 Biryani,,,11.03939,76.93547,Biryani & Non-veg,Not disclosed,4.3,80,1,4.394449154672439,62.0,5.7283787434205635,4.04305126783455,1,0,0,1,0,0,0,0,0,0,0,0,0,0,0,0,0,0,0,0,1,0,0
ChIJCeqe2pBYqDsRJSoA75T5qBo,Sri moorthy hotel,Koundampalayam,Coimbatore,11.04264,76.948188,Multi-cuisine / General,Not disclosed,2.3,42,0,3.7612001156935624,119.0,5.533019754907289,4.110873864173311,0,0,0,1,0,0,1,0,0,0,0,0,0,0,0,0,0,0,1,0,1,0,0
ChIJRzI2TotZqDsRzjPyQwbFvW0,SHREE RAMDEV CAFE & RESTAURANT,Edayarpalayam,Coimbatore,11.03982,76.9326,Vegetarian,Not disclosed,3.7,26,0,3.295836866004329,105.5,5.929929257147679,4.382026634673881,1,0,1,1,0,0,0,0,0,0,0,0,0,0,0,0,0,0,0,1,1,0,0
ChIJ912pX0tZqDsRkNypOnacH3s,Taj Kokarako Biriyani & Fast Food,Edayarpalayam,Coimbatore,11.039573,76.932519,Multi-cuisine / General,Not disclosed,5.0,10,1,2.3978952727983707,84.0,5.911368673630615,4.394449154672439,1,0,0,1,0,0,1,0,1,0,0,0,0,0,0,0,0,0,0,0,1,0,0
ChIJbc4MjetZqDsR_M611dqf-ZM,RK Fast Food,Koundampalayam,Coimbatore,11.047283,76.941089,Fast food & Quick bites,Not disclosed,4.7,47,1,3.8712010109078907,87.0,6.263501723352818,4.07753744390572,1,0,0,1,0,0,0,0,0,0,0,0,0,0,0,0,0,0,0,0,0,0,0
ChIJfRYysHZZqDsRNc-rpHAJU-s,K K FOODS Fast food Center,Koundampalayam,Coimbatore,11.052055,76.945981,Multi-cuisine / General,Budget,4.8,16,1,2.833213344056216,52.5,6.606635510615491,4.04305126783455,1,0,0,1,0,0,1,0,1,0,1,0,1,1,0,1,0,1,0,0,1,0,0
ChIJk5HiFE5ZqDsR8-7h-YQUjbU,N. N. Fast food,Koundampalayam,Coimbatore,11.040269,76.949017,Fast food & Quick bites,Budget,4.3,33,1,3.5263605246161616,35.11666666666667,5.254940923534554,4.110873864173311,0,0,0,1,0,0,1,0,1,0,0,0,1,1,0,0,0,0,0,0,1,0,0
ChIJQ-pr2o1ZqDsRKLGvaivC574,Royal Biriyani and Fast Food,Koundampalayam,Coimbatore,11.033552,76.949046,Fast food & Quick bites,Not disclosed,2.7,21,0,3.091042453358316,84.0,4.536301815793436,4.219507705176107,1,0,0,1,0,0,0,0,0,0,0,0,0,0,0,0,0,0,0,0,1,0,0
ChIJreRdFD9ZqDsRx4uFQzIhXwk,AJ snacks Salem Thattu Vadai Set Snacks Center,Koundampalayam,Coimbatore,11.046104,76.949791,Multi-cuisine / General,Budget,4.9,171,1,5.147494476813453,78.0,5.865473107933583,4.2626798770413155,1,0,0,1,0,0,1,0,1,0,0,0,1,1,0,0,0,1,0,0,1,0,0
ChIJ8zjSBxcHqTsRfT8plXx9y6o,11 11 The Cafe Nation,Kavandam Palayam,K K Pudur,11.034283,76.935447,Cafe & Beverages,Premium,4.3,151,1,5.0238805208462765,63.0,5.243535949627276,4.0943445622221,1,0,0,1,1,1,1,1,1,1,1,1,1,1,0,0,1,1,0,0,1,0,0
ChIJi-sqViD2qDsRz7MKGRB2C5Y,Hyderabad Biryani,Koundampalayam,Coimbatore,11.060194,76.94444,Biryani & Non-veg,Not disclosed,3.2,245,0,5.5053315359323625,84.0,7.524939795152083,3.6888794541139363,0,0,0,1,0,0,0,0,0,0,0,0,0,0,0,0,0,0,0,0,1,0,0
ChIJeSaVhhxZqDsRc9M28wctLGA,H2B Biriyani,Koundampalayam,Coimbatore,11.045236,76.947473,Biryani & Non-veg,Not disclosed,3.4,285,0,5.655991810819852,87.6,5.832042748961417,4.174387269895637,0,0,0,1,0,0,1,0,0,0,0,0,0,0,0,0,0,0,0,0,1,0,0
ChIJ2YZaA0RZqDsRBSq-Qb0aXR8,Ajmeer Biriyani Center,TVS Nagar,Coimbatore,11.04365,76.924172,Biryani & Non-veg,Not disclosed,3.9,111,0,4.718498871295094,77.0,6.801271233014327,4.189654742026425,0,0,0,1,0,0,1,0,0,0,0,0,0,0,0,0,0,0,0,0,1,0,0
ChIJv9Wd-iFZqDsRjzWj0dcyKVw,Mammus Biryani,Koundampalayam,Coimbatore,11.04705,76.928189,Biryani & Non-veg,Budget,4.3,18,1,2.9444389791664403,51.0,6.866829703576842,4.02535169073515,0,0,0,1,0,0,1,1,0,0,0,0,1,0,0,0,0,0,0,0,1,0,0
ChIJ86J019T3qDsRQL3Fq5Nz9xI,Vanitha Messs,Koundampalayam,Coimbatore,11.059223,76.944239,Multi-cuisine / General,Not disclosed,4.2,13,1,2.639057329615259,98.78333333333333,7.425838273120427,3.5553480614894135,1,0,0,1,0,0,1,0,0,0,0,0,0,0,0,0,0,0,0,1,1,0,0
ChIJNfuo-_9ZqDsRnEVjmiG8XX0,Meera bai biriyani hotal,Koundampalayam,Coimbatore,11.036203,76.93705,Biryani & Non-veg,Budget,4.6,14,1,2.70805020110221,54.0,5.335138107820355,3.784189633918261,1,1,0,1,0,0,1,1,0,0,0,0,1,1,0,0,0,0,0,0,1,0,0
ChIJGVMPNABZqDsRXNizZWBs1Zc,Kumar Mess,Koundampalayam,Coimbatore,11.044931,76.942084,Multi-cuisine / General,Not disclosed,4.9,14,1,2.70805020110221,87.0,5.980473139193844,4.110873864173311,1,0,0,1,0,0,0,0,0,0,0,0,0,0,0,0,0,0,0,0,0,0,0
ChIJzTGoA1xZqDsRMerccuCDxic,Valli Mess,Koundampalayam,Coimbatore,11.044578,76.948016,Multi-cuisine / General,Not disclosed,4.2,17,1,2.8903717578961645,87.0,5.746085530816448,4.1588830833596715,1,0,0,1,0,0,1,0,0,0,0,0,0,0,0,0,0,0,0,0,0,0,0
ChIJ0dLjjZlYqDsRBee3w5KK82Q,Ramasamy Canteen,Koundampalayam,Coimbatore,11.047737,76.946917,Multi-cuisine / General,Not disclosed,4.2,91,1,4.5217885770490405,96.0,6.1163599246255025,4.1588830833596715,0,0,0,1,0,0,0,0,0,0,0,0,0,0,0,0,0,0,0,1,1,0,0
ChIJYYpav1ZZqDsRWX0-FjAgMDU,Happy home food,Sanganoor,Coimbatore,11.039498,76.953055,Biryani & Non-veg,Mid,3.7,17,0,2.8903717578961645,112.0,5.074834897011818,4.1588830833596715,1,0,0,1,0,0,1,0,1,0,0,0,1,1,0,0,0,0,0,1,1,0,0
ChIJyR2S8blYqDsRUQKVT8CU86g,Amutha Surabhi,Edayarpalayam,Coimbatore,11.039811,76.925623,South Indian & Regional,Not disclosed,3.6,1544,0,7.3427791893318455,115.5,6.365637118902243,4.394449154672439,0,0,0,0,0,0,1,0,0,0,0,0,0,0,0,0,0,0,0,1,1,1,0
ChIJ5x1xl7FZqDsRqXRhr09gqUg,Sharadhas Kitchen,Edayarpalayam,Coimbatore,11.04023,76.936602,Vegetarian,Not disclosed,3.7,38,0,3.6635616461296463,86.0,5.750593520631892,3.912023005428146,1,1,0,1,0,0,0,0,0,0,0,0,0,0,0,0,0,0,0,1,1,0,0
ChIJUZCDZplYqDsRmvV9bE6uy00,Hotel Sri Lalithas,Balaji Nagar,Coimbatore,11.02396,76.978436,Vegetarian,Budget,3.9,1792,0,7.491645473605133,112.0,3.7570900285900994,3.970291913552122,1,0,0,1,0,0,1,1,1,0,1,0,1,1,0,0,1,1,0,1,1,0,1
ChIJ20reHgBZqDsRHlkEViRTfjc,Thanjai idly corner edayarpalayam,Edayarpalayam,Coimbatore,11.037721,76.923299,Multi-cuisine / General,Budget,4.1,88,0,4.48863636973214,97.0,6.3469808725257275,4.290459441148391,1,0,0,1,0,0,1,1,1,0,0,0,1,1,0,0,0,1,0,1,1,0,1
ChIJe35aX-VYqDsRfdYc1unBtac,Oceana Hotel,Tatabad,Coimbatore,11.02417,76.951807,Biryani & Non-veg,Mid,3.9,1201,0,7.091742115095153,92.0,3.450725294741665,4.990432586778736,1,0,0,1,0,0,1,1,1,1,1,0,1,1,0,0,1,0,1,0,1,0,0
ChIJZ-LrlRVZqDsRvwSVhtXvGoA,NV Vaazhai Virundhu,Edayarpalayam,Coimbatore,11.049322,76.921374,Multi-cuisine / General,Not disclosed,5.0,14,1,2.70805020110221,19.0,7.490626162938524,2.995732273553991,1,0,0,1,0,0,1,0,1,0,0,0,1,1,0,0,0,0,0,0,1,0,0
ChIJ8xBppjhZqDsRxMSm4_ztvng,KGF Restaurant,Edayarpalayam,Coimbatore,11.039703,76.928394,South Indian & Regional,Mid,3.9,192,0,5.262690188904886,77.0,6.174965265806022,4.477336814478207,0,0,0,1,0,0,1,1,1,0,0,0,1,1,0,0,1,1,0,0,1,0,0
ChIJFYb0SrtZqDsR948yhWPWQPk,Meet U There Restaurant kannapanagar,Sanganoor,Coimbatore,11.035907,76.954702,Multi-cuisine / General,Not disclosed,4.8,71,1,4.276666119016055,88.5,4.650944430584392,3.332204510175204,1,0,0,1,0,0,0,0,0,0,0,0,0,0,0,0,0,0,1,1,1,0,0
ChIJ-bKrEwBZqDsRONmBGCewp1A,Mario Juicy,Kavandam,Coimbatore,11.03936,76.930092,Multi-cuisine / General,Budget,4.2,60,1,4.110873864173311,87.0,6.0372319039900875,4.454347296253507,1,0,0,1,0,0,1,0,0,0,0,0,1,1,0,0,0,0,0,0,0,1,0
ChIJn9vBw_lZqDsRx8E-Gad3X34,SRI SHYAM KULFI & ICE CREAM,Sanganoor,Coimbatore,11.035531,76.956457,Bakery & Desserts,Not disclosed,4.9,66,1,4.204692619390966,102.0,4.583184613848343,3.295836866004329,1,1,0,1,0,0,0,0,0,0,0,0,0,0,0,0,0,0,1,1,1,0,0
ChIJsTkqLgBZqDsRrWoVbf5eElk,Pinky PromICE Ice Creams,Edayarpalayam,Coimbatore,11.038607,76.925422,Bakery & Desserts,Not disclosed,4.9,229,1,5.438079308923196,84.0,6.274157982132838,4.382026634673881,1,0,0,1,0,0,1,1,0,0,0,0,0,1,0,0,0,1,0,0,1,0,0
ChIJ8eaDGKpZqDsRDwiXcJF9XHg,Chill n Heal Icecreams,Koundampalayam,Coimbatore,11.047536,76.931925,Bakery & Desserts,Not disclosed,4.5,16,1,2.833213344056216,59.5,6.707962796844084,3.6635616461296463,1,1,0,1,1,0,1,0,1,0,0,0,1,1,0,0,1,1,0,0,1,0,0
ChIJ0bwR-S1ZqDsRLuNUZx1kk30,Boomerang Ice Cream,SB Mission Post,Coimbatore,11.025732,76.942748,Bakery & Desserts,Not disclosed,4.6,113,1,4.736198448394496,84.0,4.0159831901478755,5.0689042022202315,1,1,0,1,1,0,1,0,1,0,1,1,1,1,0,0,1,1,0,0,1,1,0
ChIJLVej-UxZqDsRgAJiFudKM40,UMA VINAYAGASUNDARAM,Nallampalayam,Coimbatore,11.046097,76.952388,Cafe & Beverages,Not disclosed,4.9,15,1,2.772588722239781,87.0,5.810069955499384,4.174387269895637,1,0,0,1,0,0,0,0,0,0,0,0,0,0,0,0,0,0,0,0,0,0,0
ChIJXVJRpt1ZqDsR1aSBWlGBpLA,Martram's The South Indian Coffee House - Tatabad,Tatabad,Coimbatore,11.022503,76.95934,Cafe & Beverages,Not disclosed,4.7,459,1,6.131226489483141,98.0,3.1108085334187248,5.099866427824199,1,1,0,1,0,0,0,0,0,0,0,0,0,0,0,0,0,0,0,1,1,1,0
ChIJSTPebvlYqDsR0RfsfI-XyNc,CockRaCo,Tatabad,Coimbatore,11.020925,76.959415,Biryani & Non-veg,Mid,3.9,4273,0,8.360305435879093,77.0,2.935213710523783,5.147494476813453,1,1,0,1,1,1,1,1,1,1,1,0,1,1,1,0,1,1,0,0,1,1,0
ChIJLysGnGlZqDsRGRNEZbEMhQM,Krishna Cafe,Tatabad,Coimbatore,11.02199,76.95637,Vegetarian,Budget,4.4,29,1,3.4011973816621555,87.0,3.0947177605775527,4.852030263919617,0,0,0,0,0,0,1,1,0,0,0,0,1,1,0,0,0,0,0,0,0,0,1
ChIJlQDpCN9ZqDsRGIxJKymcYF8,Annapoorna Hotel,Kallimadai,Coimbatore,11.018983,76.953541,Multi-cuisine / General,Not disclosed,4.3,722,1,6.583409222158765,87.0,2.843728719559818,4.962844630259907,0,0,0,0,0,0,0,0,0,0,0,0,0,0,0,0,0,0,0,0,0,1,0
ChIJz1inSABZqDsRddR4uFO61Y0,Rithu's Kitchen,Edayarpalayam,Coimbatore,11.039779,76.92483,Multi-cuisine / General,Not disclosed,4.9,20,1,3.044522437723423,70.0,6.416309144165065,4.356708826689592,0,0,0,0,0,0,1,0,0,0,0,0,1,1,0,0,0,1,0,0,1,0,0
ChIJ3w7h6D1ZqDsRoUrl7loP9sg,Savor Kitchen,cbe,Coimbatore,11.03747,76.927093,Multi-cuisine / General,Mid,4.9,121,1,4.804021044733257,52.5,6.061737544642892,4.418840607796598,1,0,0,1,0,0,1,0,1,0,0,0,1,1,0,0,0,1,1,0,1,0,0
ChIJU9qRCPNZqDsR5LosV6SQFak,C2 Chicken,Edayarpalayam,Coimbatore,11.041086,76.924549,Biryani & Non-veg,Not disclosed,4.5,152,1,5.030437921392435,85.0,6.549507424529109,4.3694478524670215,1,0,0,1,0,0,0,0,0,0,0,0,0,0,0,0,0,0,1,0,1,0,0
ChIJG4q7PPZZqDsRJ-hLgvVBfO8,Hotel Siruvani,TVS Nagar,Coimbatore,11.042187,76.924406,Vegetarian,Not disclosed,3.5,273,0,5.6131281063880705,87.0,6.656005446753779,4.31748811353631,0,0,0,1,0,0,0,0,0,0,0,0,0,0,0,0,0,0,0,0,0,1,0
ChIJMeWoueFZqDsRUm0bRiaf2iY,AKALYA MESS,Edayarpalayam,Coimbatore,11.031245,76.945746,Multi-cuisine / General,Budget,4.9,32,1,3.4965075614664802,87.0,4.418457843292948,4.8283137373023015,1,0,0,1,0,0,1,1,0,0,0,0,1,1,0,0,0,0,0,0,0,0,0
ChIJw-OH83lZqDsRTBYLcPMuxWc,MARUTHAMALAYAN MEEN VARUVAL KADAI,Sivaji Colony,Coimbatore,11.036573,76.927615,Fast food & Quick bites,Not disclosed,5.0,27,1,3.332204510175204,31.5,5.948133917363547,4.430816798843313,1,0,0,0,0,0,0,0,0,0,0,0,0,0,0,0,0,0,0,0,1,0,0
ChIJAaZldPxYqDsRCEcEA9lMLKo,Rajbhavan's LunchBox,Tatabad,Coimbatore,11.01879,76.956789,South Indian & Regional,Not disclosed,3.8,497,0,6.210600077024653,105.0,2.736485244532163,5.056245805348308,1,0,0,1,0,1,0,0,0,1,0,0,0,0,0,0,0,0,0,0,1,0,0
ChIJMVglPQBZqDsRQQyquWDRAhA,Skanda soups and healthy eats,Edayarpalayam,Coimbatore,11.039691,76.932955,Multi-cuisine / General,Not disclosed,5.0,13,1,2.639057329615259,94.0,5.897281471212728,4.330733340286331,1,0,0,1,0,0,1,0,1,0,0,0,1,0,0,0,0,0,0,1,1,0,0
ChIJ1QqiSpdYqDsR68LEO3CQFz4,Hotel Chola,Koundampalayam,Coimbatore,11.04493,76.946923,Fast food & Quick bites,Mid,3.6,296,0,5.6937321388027,84.0,5.815223340911892,4.127134385045092,0,0,0,1,0,1,1,1,0,1,0,0,0,1,0,0,0,1,0,0,1,1,0
ChIJWy8L7l9ZqDsRhE5PkbmwmV4,Kovai palagam.avin tea shop,Edayarpalayam,Coimbatore,11.03956,76.932347,Cafe & Beverages,Not disclosed,4.3,84,1,4.442651256490317,128.21666666666667,5.920179989176687,4.406719247264253,0,0,0,0,0,0,1,0,0,0,0,0,0,0,0,0,0,0,0,1,1,0,0
ChIJv0dTDndZqDsRMvcV4edv_j8,Kovai Midnight Biriyani,Edayarpalayam,Coimbatore,11.038689,76.919528,Multi-cuisine / General,Budget,4.6,21,1,3.091042453358316,87.0,6.702278514158134,4.1588830833596715,1,0,0,1,0,0,1,0,0,0,0,0,0,1,0,0,0,0,0,0,0,0,0
ChIJs0TxmaNZqDsRgIRJAJXhICc,Kark murk Pani puri,Edayarpalayam,Coimbatore,11.039384,76.927387,Multi-cuisine / General,Budget,4.8,22,1,3.1354942159291497,87.0,6.211251677746794,4.430816798843313,1,0,0,0,0,0,0,0,0,0,0,0,0,0,0,0,0,0,0,0,0,0,0
ChIJV8dNdUZZqDsRtt705RWPo1w,MD SPICY & CRISPY,Edayarpalayam,Coimbatore,11.036935,76.921318,Fast food & Quick bites,Budget,4.8,28,1,3.367295829986474,87.0,6.426413732496985,4.219507705176107,1,0,0,1,0,0,1,0,0,0,0,0,1,1,0,0,0,0,0,0,0,0,0
ChIJ02_0--hYqDsRgaG0j3X7soE,The Donuts,Edayarpalayam,Coimbatore,11.038764,76.926305,Bakery & Desserts,Budget,4.2,90,1,4.51085950651685,80.0,6.228048677103928,4.394449154672439,1,1,0,1,0,1,1,0,1,1,0,0,0,0,0,0,1,1,0,0,1,1,0
ChIJl-dM4LdZqDsR_BmnuA4ZC7Y,KMA CAKE SHOP,,,11.036919,76.920829,Bakery & Desserts,Not disclosed,5.0,25,1,3.258096538021482,87.0,6.461569713222956,4.174387269895637,1,0,0,0,0,0,0,0,0,0,0,0,0,0,0,0,0,0,0,0,0,0,0
ChIJhW3uL2lZqDsR6IAP6LCqxyE,Kokkarako,Edayarpalayam,Coimbatore,11.038906,76.926025,Biryani & Non-veg,Budget,2.3,15,0,2.772588722239781,87.0,6.259310775038794,4.406719247264253,0,0,0,0,0,0,1,0,1,0,0,0,1,0,0,0,0,0,0,0,0,0,0
ChIJF7XqgbFYqDsRS90oGcvwPPY,Sri Vinayaka Bakes,Edayarpalayam,Coimbatore,11.042586,76.924248,Bakery & Desserts,Not disclosed,4.0,268,0,5.594711379601839,133.0,6.7017490172845315,4.304065093204169,1,0,0,1,0,0,1,0,0,0,0,0,0,0,0,0,0,0,0,1,1,0,0
ChIJ6-nyWRhZqDsRx8liHLO3Pa4,The Cake Time,Edayarpalayam,Coimbatore,11.035066,76.928426,Bakery & Desserts,Not disclosed,4.4,10,1,2.3978952727983707,87.0,5.761882836422916,4.418840607796598,0,0,0,1,0,0,0,0,0,0,0,0,0,0,0,0,0,0,0,0,0,0,0
ChIJjQcFom9ZqDsRSlBECeKxs8k,Cakspire Homemade cakes,Edayarpalayam,Coimbatore,11.039093,76.925916,Bakery & Desserts,Not disclosed,4.9,36,1,3.6109179126442243,168.0,6.283015707103217,4.406719247264253,1,0,1,1,0,0,0,0,0,0,0,0,0,0,0,0,0,0,1,1,1,0,0
ChIJk56t-QpZqDsR6ThHNrgKLEs,M Yum Cakes,Edayarpalayam,Coimbatore,11.034511,76.930805,Bakery & Desserts,Not disclosed,5.0,192,1,5.262690188904886,84.0,5.55393096019681,4.31748811353631,1,1,0,1,0,0,1,0,1,0,0,0,0,0,0,0,1,1,0,0,1,0,0
ChIJXQHxX65ZqDsR14dmiS6PisU,Santhosh bakery,Edayarpalayam,Coimbatore,11.039526,76.925789,Bakery & Desserts,Budget,4.3,15,1,2.772588722239781,87.0,6.32949857130943,4.394449154672439,0,0,0,1,0,0,1,0,0,0,0,0,1,0,0,0,0,0,0,0,0,0,0
ChIJi3zlz7ZYqDsRWHL0nR_a1eQ,Kannabiran Bakery,Edayarpalayam,Coimbatore,11.03917,76.92609,Bakery & Desserts,Not disclosed,3.6,36,0,3.6109179126442243,119.0,6.278083427330271,4.406719247264253,0,0,0,0,0,0,0,0,0,0,0,0,0,0,0,0,0,0,0,1,1,0,0
ChIJncpcw7ZYqDsRBBGxPD47Tf4,Sri Raghavendra Iyengar Cakes,Edayarpalayam,Coimbatore,11.038683,76.926148,Bakery & Desserts,Not disclosed,4.5,12,1,2.5649493574615367,98.0,6.231515457150764,4.394449154672439,0,0,0,1,0,0,0,0,0,0,0,0,0,0,0,0,0,0,0,0,1,0,0
ChIJOVuzosRZqDsRhj1fyqmypA0,Sweet Treats by Sneha,Edayarpalayam,Coimbatore,11.035361,76.924595,Bakery & Desserts,Mid,5.0,22,1,3.1354942159291497,87.0,6.0564148363113235,4.31748811353631,1,0,1,1,0,0,1,0,1,0,0,0,0,0,0,0,1,1,0,0,0,0,0
ChIJd1XGWt9ZqDsRrMTX2eSpd9M,Sri Ganesh Sweets & Bakes,TVS Nagar,Coimbatore,11.044064,76.923354,Bakery & Desserts,Not disclosed,4.0,22,0,3.1354942159291497,98.0,6.891665271162432,4.0943445622221,1,0,0,1,0,0,0,0,0,0,0,0,0,0,0,0,0,0,0,0,1,0,0
ChIJE0WDmsRYqDsRDeF9zXsYhlw,AMUTHA SURABHI,Venkitta Puram,Coimbatore,11.025463,76.934762,Vegetarian,Not disclosed,3.9,816,0,6.705639094860003,105.0,4.497868022085513,4.394449154672439,0,0,0,1,0,0,1,0,0,0,0,0,0,0,0,0,0,0,0,1,1,1,0
ChIJvVwfCSZZqDsRWg0l4LTnA0w,Amirtham Achii's catering,Edayarpalayam,Coimbatore,11.041419,76.929366,Vegetarian,Not disclosed,4.6,14,1,2.70805020110221,21.0,6.271151159078125,4.394449154672439,0,0,0,1,0,0,0,0,0,0,0,0,0,0,0,0,0,0,0,0,1,0,0
ChIJ9-dXgrlYqDsRrzgTDjDKAYk,KINGS BAKES,Edayarpalayam,Coimbatore,11.039573,76.932476,Bakery & Desserts,Budget,4.4,19,1,2.995732273553991,87.0,5.913872686349057,4.406719247264253,0,0,0,1,0,0,1,0,0,0,0,0,0,0,0,0,0,1,0,0,0,0,0
ChIJfQYcdOtfqDsR9JXG4rp16gY,The cheesy bites,Edayarpalayam,Coimbatore,11.042924,76.918343,Bakery & Desserts,Budget,4.8,20,1,3.044522437723423,96.0,7.138497255747232,3.8712010109078907,1,0,0,1,0,0,1,0,1,0,0,0,0,0,0,0,0,1,1,1,1,0,0
ChIJRa3oYwBZqDsRg-rNjmwrwCo,S R HOTEL,Edayarpalayam,Coimbatore,11.04046,76.925178,Multi-cuisine / General,Not disclosed,3.4,25,0,3.258096538021482,87.0,6.45242392670598,4.382026634673881,0,0,0,1,0,0,0,0,0,0,0,0,0,0,0,0,0,0,0,0,0,0,0
ChIJtQqvtOVZqDsRRlQXwhFCZRE,CR Biriyani -Thadagam Road,Selvapuram North,Ponnaiah Raja Puram,11.001734,76.948205,Biryani & Non-veg,Mid,4.0,63,0,4.1588830833596715,45.0,1.6442760782960504,5.272999558563747,1,0,0,1,0,0,1,1,1,1,0,0,1,1,0,0,1,1,0,0,1,0,0
ChIJJ0-oJ3dZqDsRevdJuvCKmIQ,Star briyani,Kovilmedu,Coimbatore,11.036245,76.927773,Biryani & Non-veg,Not disclosed,3.7,284,0,5.652489180268651,101.5,5.908833596730009,4.430816798843313,0,1,0,0,0,0,0,0,0,0,0,0,0,0,0,0,0,0,0,0,1,0,0
ChIJp7j2LK5ZqDsR21h3WbvO5V4,Crab&goat Soup // ஆச்சி மீன் கடை,Edayarpalayam,Coimbatore,11.04101,76.924629,Multi-cuisine / General,Not disclosed,4.3,12,1,2.5649493574615367,38.5,6.537476229879033,4.382026634673881,1,0,0,1,0,0,0,0,0,0,0,0,0,0,0,0,0,0,0,0,1,0,0
ChIJ-zBMoCVZqDsR71VR0917P08,Ajay Hotel,Edayarpalayam,Coimbatore,11.039568,76.928475,Multi-cuisine / General,Not disclosed,3.9,129,0,4.867534450455582,105.0,6.1576162607150255,4.477336814478207,0,0,0,1,0,0,1,1,0,0,0,0,1,0,0,0,0,1,0,1,1,0,0
ChIJD6NmBgBZqDsRtFOOqbRQ6Xk,Graamathu virunthu,Edayarpalayam,Coimbatore,11.036309,76.919415,North Indian & Global,Not disclosed,2.9,10,0,2.3978952727983707,98.0,6.519877912269768,4.0943445622221,0,0,0,0,0,0,0,0,0,0,0,0,0,0,0,0,0,0,0,0,1,0,0
ChIJYRkpXwBZqDsR3jj-WzTaDms,Happy Eaters Kitchen p.ltd,Venkitta Puram,Coimbatore,11.02297,76.932144,Multi-cuisine / General,Not disclosed,4.9,63,1,4.1588830833596715,70.0,4.488694280777404,4.060443010546419,1,0,0,0,0,0,0,0,0,0,0,0,0,0,0,0,0,0,0,0,1,0,0
ChIJa80YeVBZqDsRu7pdgybJjMI,Kovai kari virunthu & spice hut,Anantha Nagar,Coimbatore,11.015915,76.909767,Multi-cuisine / General,Not disclosed,3.2,67,0,4.219507705176107,87.0,6.1138419924563285,3.6109179126442243,1,0,0,1,0,0,0,0,0,0,0,0,0,0,0,0,0,0,0,0,0,0,0
ChIJF8t5FQBZqDsRvihgIJbNjkE,Vintage Scooter BBQ,Edayarpalayam,Coimbatore,11.003961,76.946906,Biryani & Non-veg,Not disclosed,5.0,36,1,3.6109179126442243,87.0,1.893767063710202,5.3471075307174685,0,0,0,0,0,0,0,0,0,0,0,0,0,0,0,0,0,0,0,0,0,0,0
ChIJM_xy0Av1qDsRVMGOvO0Q6bA,Amuthavalli Chettinadu Hotel,Chinna Thadagam,Chinna Thadagam,11.082019,76.865713,South Indian & Regional,Not disclosed,3.9,20,0,3.044522437723423,112.0,14.266977302274608,1.0986122886681096,1,0,0,1,0,0,1,1,0,0,0,0,1,0,0,0,0,0,0,1,1,0,0
ChIJoXzAAKlZqDsRjFPodj_aoJ4,chettinadu hotel veg / non veg,Seeranaickenpalayam,Coimbatore,11.012684,76.923667,Multi-cuisine / General,Budget,3.4,44,0,3.8066624897703196,101.5,4.583253850371245,3.4011973816621555,0,0,0,0,0,0,1,1,1,0,0,0,0,0,0,0,0,0,0,0,1,0,0
ChIJo1QLRwBZqDsRzlry-3Qovw8,ATCHAYAA Chettinadu Restaurant,Veerasamy Colony,Coimbatore,11.018903,76.920249,Multi-cuisine / General,Not disclosed,3.0,22,0,3.1354942159291497,79.91666666666667,5.2418852329883885,3.713572066704308,0,0,0,0,0,0,0,0,0,0,0,0,0,0,0,0,0,0,1,0,1,0,0
ChIJI3KxUfBZqDsRI9F2S-gz5G0,A.S Hotel,P N Pudur,Coimbatore,11.015855,76.925554,South Indian & Regional,Budget,4.3,39,1,3.6888794541139363,101.5,4.571024172094984,3.4339872044851463,1,0,0,1,0,0,1,1,1,0,0,0,1,1,0,0,0,0,1,0,1,0,0
ChIJYXU-jsJZqDsRHL6I0JzEJDE,SKY PAZHAMUDHIR NILAYAM,TVS Nagar,Coimbatore,11.042753,76.924149,Cafe & Beverages,Budget,4.9,40,1,3.713572066704308,98.0,6.723071432179714,4.304065093204169,1,0,0,1,0,0,1,0,0,0,0,0,0,0,0,0,0,0,0,0,1,0,0
ChIJ5a3XdPRZqDsRx9yQ3LJRNqA,"KIRATHA ENTERPRISES-Lazza Ice Creams, Jigarthanda, COCO JUICE PULPS",,,11.038421,76.932906,Bakery & Desserts,Not disclosed,5.0,33,1,3.5263605246161616,59.5,5.780575312450283,4.31748811353631,1,1,0,1,0,0,0,0,0,0,0,0,0,0,0,0,0,0,0,0,1,0,0
ChIJB0vKUAlfqDsR3sfX8dzrfjQ,ACHU FALOODA SPOT,Harini Arcade,Coimbatore,11.035437,76.915906,Multi-cuisine / General,Not disclosed,4.6,12,1,2.5649493574615367,87.0,6.728723933742671,3.044522437723423,1,0,0,0,0,0,1,1,0,0,0,0,1,1,0,0,0,1,0,0,0,0,0
ChIJV5ky44lZqDsRGZwGJwhPBBA,Madurai Famous Jigarthanda LLP - Since 1977,Edayarpalayam,Coimbatore,11.039028,76.926202,Bakery & Desserts,Not disclosed,4.5,37,1,3.6375861597263857,84.0,6.258115368734309,4.406719247264253,1,1,0,1,1,0,1,0,1,0,0,0,1,1,0,0,0,1,0,0,1,1,0
ChIJ_SKGdABZqDsRUD5y_Jpdup8,Ice pole,Coimbatore,Coimbatore,11.019902,76.938534,Bakery & Desserts,Not disclosed,4.9,24,1,3.2188758248682006,84.0,3.7609277934688645,4.787491742782046,1,1,0,0,0,0,0,0,0,0,0,0,0,0,0,0,0,0,0,0,1,0,0
ChIJ-zTidABZqDsRHYRSTz-d4E0,Paruthipaalum paniyaaramum,P and T Colony,Coimbatore,11.039678,76.93461,Bakery & Desserts,Not disclosed,5.0,20,1,3.044522437723423,84.0,5.802968488501152,4.189654742026425,1,1,0,0,0,0,1,0,0,0,0,0,0,1,0,0,0,0,0,0,1,0,0
ChIJE0KseABZqDsRueTNUKm27-o,Kaappi 2.0,TVS Nagar,Coimbatore,11.042037,76.92447,Cafe & Beverages,Not disclosed,4.6,30,1,3.4339872044851463,87.0,6.63851040655561,4.31748811353631,0,0,0,0,0,0,0,0,0,0,0,0,0,0,0,0,0,0,0,0,0,1,0
ChIJU15b6PFZqDsR8fGhT0wVCKk,Cafe Corner (estd. 2026) : freshly squeezed; perfectly brewed,Venkitta Puram,Coimbatore,11.026536,76.932461,Cafe & Beverages,Not disclosed,4.9,35,1,3.58351893845611,87.5,4.752624386104923,4.07753744390572,1,0,0,1,0,0,0,0,0,0,0,0,0,0,0,0,0,0,0,0,1,0,0
ChIJrZisZA5ZqDsRmLVxC1RoJgE,SSS Filter Coffee,TVS Nagar,Coimbatore,11.045576,76.922138,Cafe & Beverages,Not disclosed,4.8,12,1,2.5649493574615367,101.5,7.105809332644964,3.9318256327243257,0,0,0,0,0,0,1,0,0,0,0,0,1,1,0,0,0,1,0,1,1,0,0
ChIJD9gKCqdZqDsR8pjDqJNRf90,"Malathi Hotel, Edaiyarpalaiyam",Edayarpalayam,Coimbatore,11.03719,76.921593,Multi-cuisine / General,Not disclosed,4.0,29,0,3.4011973816621555,87.0,6.4268824073908135,4.23410650459726,0,0,0,0,0,0,0,0,0,0,0,0,0,0,0,0,0,0,0,0,0,0,0
ChIJK2VnPmVZqDsR2ZYlPhiNlVI,OG smoothie bowl,Tatabad,Coimbatore,11.025066,76.957767,Multi-cuisine / General,Not disclosed,4.7,74,1,4.31748811353631,89.5,3.410793507857734,4.804021044733257,1,1,0,1,0,0,0,0,0,0,0,0,0,0,0,0,0,0,0,0,1,0,0
ChIJM8TqMzpZqDsRMS9dtrBOXq0,K-Cafe,Tatabad,Coimbatore,11.021131,76.961411,Multi-cuisine / General,Not disclosed,3.9,46,0,3.8501476017100584,105.0,2.9501128431254013,5.262690188904886,0,0,0,0,0,0,0,0,0,0,0,0,0,0,0,0,0,0,0,1,1,1,0
ChIJwWzncABZqDsRE-j-wj1dtp0,Snackers spot,Tatabad,Coimbatore,11.020407,76.959168,Cafe & Beverages,Budget,4.8,89,1,4.499809670330265,24.5,2.879930246041715,5.153291594497779,1,0,1,1,0,0,1,1,1,0,0,0,1,1,1,0,0,1,0,0,1,0,0
ChIJ2Q9Wm2JZqDsRw_-jIH33_b8,Our's Bistro,Tatabad,Coimbatore,11.020512,76.959308,Multi-cuisine / General,Not disclosed,4.9,86,1,4.465908118654584,31.5,2.8903166873945967,5.153291594497779,1,0,1,1,0,0,0,0,0,0,0,0,0,0,0,0,0,0,0,0,1,0,0
ChIJH0LEUlRZqDsRd-yU7BBSpvs,Cothas Coffee,Tatabad,Coimbatore,11.022283,76.959344,Cafe & Beverages,Budget,4.5,29,1,3.4011973816621555,91.0,3.086378370721678,5.123963979403259,0,1,0,0,1,0,1,0,1,0,0,1,1,0,0,0,1,1,0,1,1,1,0
ChIJL4Z3IPBYqDsRoXt02pnc1LE,Martram's The South indian Coffee House - Ganga Hospital,Saibaba Colony,Coimbatore,11.025726,76.952796,Cafe & Beverages,Not disclosed,4.5,314,1,5.752572638825633,105.0,3.586198470728422,4.948759890378168,1,1,0,1,0,0,0,0,0,0,0,0,0,0,0,0,0,0,0,1,1,1,0
ChIJ51aKmrBZqDsRiq2F6CNuKGQ,JJ Hotel,Tatabad,Coimbatore,11.024103,76.958959,Fast food & Quick bites,Not disclosed,4.0,172,0,5.153291594497779,84.0,3.2913852092178546,4.897839799950911,1,0,0,1,0,0,0,0,0,0,0,0,0,0,0,0,0,0,0,0,1,0,0
ChIJEaG1u7pZqDsRKax3O441WXo,Dhanupriya fast food,Tatabad,Coimbatore,11.023534,76.959289,Fast food & Quick bites,Budget,4.2,355,1,5.87493073085203,45.5,3.225554128404588,4.948759890378168,0,0,0,0,0,0,1,1,1,0,0,0,1,1,0,0,0,1,0,0,1,0,0
ChIJM3rcXvhYqDsRaCX_hG9XJCc,The Hungry Hut,Tatabad,Coimbatore,11.022359,76.962516,Fast food & Quick bites,Not disclosed,4.4,881,1,6.782192056006791,90.0,3.0890625534225378,5.209486152841421,1,0,0,1,0,0,1,0,0,0,0,0,0,0,0,0,0,0,0,0,1,0,0
ChIJhxCDVgBZqDsRWAtLiSKR1EM,Sivananda colony,Tatabad,Coimbatore,11.021289,76.959955,Bakery & Desserts,Not disclosed,4.5,28,1,3.367295829986474,87.0,2.97186954264087,5.170483995038151,0,0,0,0,0,0,0,0,0,0,0,0,0,0,0,0,0,0,0,0,0,0,0
ChIJY8KOJS5ZqDsR2PjsuST5BoM,Gapathy Fast Food,Ram Nagar,Coimbatore,11.013659,76.960227,Fast food & Quick bites,Budget,4.7,17,1,2.8903717578961645,87.0,2.12312809813903,5.493061443340548,1,0,0,1,0,0,1,0,0,0,0,0,1,1,0,0,0,0,0,0,0,0,0
ChIJfYPkc3pZqDsRARp-2qHmRPY,Bikkie Baker,Tatabad,Coimbatore,11.023402,76.959599,Bakery & Desserts,Mid,5.0,46,1,3.8501476017100584,48.0,3.2086635090179647,4.969813299576001,1,1,0,1,0,0,1,0,1,0,0,0,0,0,0,0,0,0,0,0,1,0,0
ChIJ5zJN_flYqDsRO9UZ73lLijg,Sri Krishna Bakers,Tatabad,Coimbatore,11.023356,76.956818,Bakery & Desserts,Budget,4.2,73,1,4.304065093204169,126.0,3.2363963900283395,4.867534450455582,1,0,0,0,0,0,1,0,1,0,0,0,0,0,0,0,0,0,0,1,1,0,0
ChIJi_pn7flYqDsRDb2EIAOLVLI,Anandha Bakery,Tatabad,Coimbatore,11.023364,76.959307,Bakery & Desserts,Not disclosed,3.8,33,0,3.5263605246161616,126.0,3.206559000482306,4.962844630259907,0,0,0,0,0,0,0,0,0,0,0,0,0,0,0,0,0,0,0,1,1,0,0
ChIJ0Y1bMERZqDsRR2-A6OKoaOM,Vetri velavan Bakes,Tatabad,Coimbatore,11.024335,76.957025,Bakery & Desserts,Not disclosed,3.2,33,0,3.5263605246161616,87.0,3.3406864418218323,4.812184355372417,0,0,0,0,0,0,0,0,0,0,0,0,0,0,0,0,0,0,0,0,0,0,0
ChIJPSF70nVZqDsR9o6uRi_l11w,Anandha bakery,Ram Nagar,Coimbatore,11.015425,76.964566,Bakery & Desserts,Budget,4.0,47,0,3.8712010109078907,105.0,2.341277541435316,5.384495062789089,0,0,0,0,0,0,1,0,1,0,0,0,0,0,0,0,0,0,0,1,1,0,0
ChIJ8xYs-ehYqDsRcCLzjexojjw,Sri Ragavendra Cake Shop,Saibaba Colony,Coimbatore,11.016975,76.956986,Bakery & Desserts,Not disclosed,3.9,11,0,2.4849066497880004,105.0,2.5342051501220233,5.3981627015177525,0,0,0,1,0,0,1,0,0,0,0,0,0,0,0,0,0,0,0,1,1,0,0
ChIJV6MKF9VZqDsR9WX-7UH8bCM,BROWNIE N CREAM,Tatabad,Coimbatore,11.019422,76.953335,Bakery & Desserts,Not disclosed,4.8,59,1,4.0943445622221,80.5,2.897059547543557,4.919980925828125,1,0,0,1,0,0,1,0,1,0,0,0,0,0,0,0,1,1,0,0,1,0,0
ChIJj4IJBHVZqDsRcPkE56NfTeY,Sambanthi Veetu Biriyani,Tatabad,Coimbatore,11.018567,76.953696,Multi-cuisine / General,Not disclosed,4.7,76,1,4.343805421853684,84.0,2.7945240105023172,5.0106352940962555,1,0,0,1,0,0,0,0,0,0,0,0,0,0,0,0,0,0,0,0,1,0,0
ChIJPTWZZVhYqDsRyzt_WR7RLHk,Ananda Bakery & Confectionery,Tatabad,Coimbatore,11.027092,76.965342,Bakery & Desserts,Budget,4.0,228,0,5.43372200355424,112.0,3.6384749945970145,4.653960350157523,1,0,0,1,0,0,1,0,1,0,0,0,0,0,0,0,0,0,0,1,1,0,0
ChIJSSEdIgBZqDsR2tzdXs3Yxmo,Thangam biriyani,Tatabad,Coimbatore,11.023906,76.95894,Multi-cuisine / General,Not disclosed,3.7,21,0,3.091042453358316,161.0,3.2697218297605217,4.919980925828125,0,0,0,0,0,0,0,0,0,0,0,0,0,0,0,0,0,0,0,1,1,0,0
ChIJxWr8OABZqDsRwcPTxJKXkTE,THATTUKADAI BIRIYANI,Tatabad,Coimbatore,11.023273,76.9636,Multi-cuisine / General,Not disclosed,4.1,74,0,4.31748811353631,74.0,3.1973219588161075,5.176149732573829,1,0,0,1,0,0,0,0,0,0,0,0,0,0,0,0,0,0,0,0,1,0,0
ChIJ70c0XvhYqDsRdgMhYsbHGAI,Jam Jam Biryani Centre,Tatabad,Coimbatore,11.022488,76.962785,Biryani & Non-veg,Budget,4.4,18,1,2.9444389791664403,28.0,3.104686652948266,5.209486152841421,0,0,0,1,0,0,1,1,1,0,0,0,1,1,0,0,0,0,0,0,1,0,0
ChIJSXUlEP5YqDsRYCkdinukieQ,Gounder Mess,Ram Nagar,Coimbatore,11.014395,76.959291,Fast food & Quick bites,Budget,3.9,78,0,4.3694478524670215,87.0,2.2131082319603075,5.5093883366279774,0,0,0,1,0,0,1,1,0,0,0,0,1,0,0,0,0,1,0,0,1,1,0
ChIJ9ce_cwBZqDsRmlOzeJLoT1I,Shanthi seafood spot (sss),Tatabad,Coimbatore,11.019293,76.959615,Multi-cuisine / General,Not disclosed,4.3,20,1,3.044522437723423,35.0,2.752640066213115,5.2574953720277815,1,0,0,1,0,0,0,0,0,0,0,0,0,0,0,0,0,0,0,0,1,0,0
ChIJlXx_X0tZqDsRiRPduvS6uP8,GOWNDER BIRIYANI KADAI,Tatabad,Coimbatore,11.025123,76.958814,Multi-cuisine / General,Mid,4.0,22,0,3.1354942159291497,87.0,3.4057192998747645,4.852030263919617,1,0,0,1,0,0,1,0,0,0,0,0,1,0,0,0,0,0,0,0,0,0,0
ChIJV4XOFexZqDsRz5a3UOHCWu8,K.K dhanu sree chettinadu hotel,Tatabad,Coimbatore,11.022952,76.959286,Multi-cuisine / General,Budget,3.4,19,0,2.995732273553991,111.41666666666667,3.161031287723025,5.003946305945459,1,0,0,1,0,0,1,1,1,0,0,0,1,1,0,0,0,1,0,1,1,0,0
ChIJ4bFheflYqDsRAAAAMDhEt0A,sun Chilli chicken,Tatabad,Coimbatore,11.021244,76.959422,Multi-cuisine / General,Not disclosed,4.5,47,1,3.8712010109078907,56.0,2.970533644032704,5.153291594497779,1,0,0,1,0,0,0,0,0,0,0,0,0,0,0,0,0,0,0,0,1,0,0
ChIJQV_kRABZqDsR94AjUZ9THLI,WOK REPUBLIC,Tatabad,Coimbatore,11.025286,76.959421,North Indian & Global,Not disclosed,2.9,29,0,3.4011973816621555,105.0,3.4189577541572787,4.8283137373023015,1,0,0,1,0,0,0,0,0,0,0,0,0,0,0,0,0,0,1,0,1,0,0
ChIJkyWID3BZqDsRUsMFhm_iUgo,Tea Boy Sivanandhacolony,Tatabad,Coimbatore,11.024629,76.958929,Multi-cuisine / General,Not disclosed,4.6,10,1,2.3978952727983707,119.0,3.349947164209656,4.882801922586371,1,0,0,0,0,0,0,0,0,0,0,0,0,0,0,0,0,0,0,1,1,0,0
ChIJw1P9fetZqDsRmn5snnU3ErQ,Geetha Unavagam Canteen Restaurant Hotel,Ramalingam Colony,Coimbatore,11.021657,76.951572,Multi-cuisine / General,Not disclosed,4.2,244,1,5.501258210544727,101.5,3.1941196172713813,5.056245805348308,0,0,0,1,0,0,1,0,0,0,0,0,0,0,0,0,0,0,0,1,1,0,0
ChIJw0xStetYqDsR7qTnmQJMczE,IVAR Foods and Restaurants,Tatabad,Coimbatore,11.025045,76.959569,Multi-cuisine / General,Not disclosed,4.2,256,1,5.54907608489522,87.0,3.391223431069364,4.844187086458591,1,1,0,1,0,0,1,0,1,0,0,0,0,0,0,1,0,0,0,0,0,0,0
ChIJUSeiAwBZqDsRNIRCD-vSA_4,Broffles Cafe Gandhipuruam,Tatabad,Coimbatore,11.022216,76.963834,Cafe & Beverages,Premium,4.9,15,1,2.772588722239781,77.0,3.0822298838072917,5.241747015059643,0,1,0,1,0,1,1,0,0,1,0,0,1,1,1,0,0,1,0,0,1,0,0
ChIJab5UdQBZqDsRC3Jc1q-EiiQ,WOCABO,Tatabad,Coimbatore,11.020492,76.961923,Cafe & Beverages,Not disclosed,4.8,19,1,2.995732273553991,73.5,2.879624916295443,5.313205979041787,1,0,0,0,0,0,0,0,0,0,0,0,0,0,0,0,0,0,0,0,1,0,0
ChIJJ9VLWABZqDsRM9tlLd8XuGk,Pilot kitchen,Tatabad,Coimbatore,11.018849,76.960612,Biryani & Non-veg,Budget,4.3,19,1,2.995732273553991,87.0,2.69773721512367,5.332718793265369,0,0,0,0,0,0,1,0,0,0,0,0,0,1,0,0,0,1,0,0,0,0,0
ChIJ9dFDX_hYqDsRitQ4q85BgFc,SRI VENKATESWARA BACKERY,Tatabad,Coimbatore,11.022102,76.962778,Bakery & Desserts,Not disclosed,4.4,14,1,2.70805020110221,133.0,3.0617794112757593,5.225746673713202,0,0,0,1,0,0,1,0,0,0,0,0,0,0,0,0,0,0,0,1,1,0,0
ChIJ490xutdZqDsRFivsLbbs-Aw,AARUYIR FILTER COFFEE,Ramalingam Colony,Coimbatore,11.021487,76.951129,Cafe & Beverages,Budget,4.7,18,1,2.9444389791664403,72.0,3.1929751366434775,5.062595033026967,1,0,0,0,0,0,1,0,0,0,0,0,1,1,0,0,0,1,0,0,1,0,0
ChIJL99gsfdYqDsR4VfAL-YNAJM,CHANDRA BAKES,Tatabad,Coimbatore,11.027149,76.962329,Bakery & Desserts,Not disclosed,4.0,109,0,4.700480365792417,133.0,3.6207037860299494,4.605170185988092,1,0,0,1,0,0,0,0,0,0,0,0,0,0,0,0,0,0,0,1,1,0,0
ChIJN34304xYqDsRDRAvRvNFwF8,Santhosh Bakery,Tatabad,Coimbatore,11.028764,76.965513,Bakery & Desserts,Not disclosed,4.0,131,0,4.882801922586371,132.5,3.825296935190093,4.418840607796598,0,0,0,1,0,0,1,0,0,0,0,0,0,0,0,0,0,0,0,1,1,0,0
ChIJ51dmOsJYqDsR2P064RbSaa0,Surprise Cakes,Tatabad,Coimbatore,11.030952,76.961017,Bakery & Desserts,Premium,5.0,142,1,4.962844630259907,168.0,4.042374129768516,3.9512437185814275,1,0,1,1,1,0,1,0,1,0,1,1,1,0,0,1,1,1,1,1,1,0,0
ChIJUzxwhaBZqDsRAamMcUBnqTk,King's Knight Kitchen,Tatabad,Coimbatore,11.028627,76.955857,Multi-cuisine / General,Not disclosed,5.0,11,1,2.4849066497880004,60.0,3.831694905067318,4.219507705176107,0,0,0,1,0,0,0,0,0,0,0,0,0,0,0,0,0,0,1,0,1,0,0
ChIJqzvK4M9ZqDsRq0qOqFMmUsA,Swetha Chat Corner,Tatabad,Coimbatore,11.017387,76.966274,Fast food & Quick bites,Budget,4.4,35,1,3.58351893845611,84.0,2.589045364844922,5.267858159063328,0,0,0,0,0,0,1,0,0,0,0,0,1,1,0,0,0,0,0,0,1,0,1
ChIJS3v8xh1ZqDsRxwLbbmlBlxA,KS Tawa Fry,Tatabad,Coimbatore,11.030566,76.966105,Fast food & Quick bites,Not disclosed,4.9,15,1,2.772588722239781,36.0,4.032073381516436,4.007333185232471,0,0,0,1,0,0,0,0,0,0,0,0,0,0,0,0,0,0,0,0,1,0,0
ChIJQSXVT2NZqDsR-yMsySfRSpA,Hotel Sathar Rowther,Tatabad,Coimbatore,11.020546,76.966099,Biryani & Non-veg,Budget,4.2,139,1,4.941642422609304,84.0,2.930298597469982,5.267858159063328,0,0,0,1,0,0,1,1,1,0,0,0,1,0,0,0,1,1,0,0,1,0,0
ChIJAUWDoWpZqDsRCY_iD4LGG2M,Tea Boy,Tatabad,Coimbatore,11.021898,76.963988,Cafe & Beverages,Not disclosed,4.8,24,1,3.2188758248682006,87.0,3.048514590010033,5.267858159063328,1,0,0,1,0,0,0,0,0,0,0,0,0,0,0,0,0,0,0,0,0,1,0
ChIJj3okR7xZqDsRTkB2GdAjdH0,FruitSticks - jaiSam Enterprises,Tatabad,Coimbatore,11.022153,76.963324,Bakery & Desserts,Not disclosed,4.8,36,1,3.6109179126442243,84.0,3.0709425981843097,5.247024072160486,1,0,0,1,0,0,0,0,0,0,0,0,0,0,0,0,0,0,0,0,1,1,0
ChIJS7Gvnq9ZqDsR2aCpPbmZK3c,Surya Bhavan,Selvapuram North,Coimbatore,10.997228,76.948291,Vegetarian,Not disclosed,4.6,17,1,2.8903717578961645,112.0,1.460427061790012,4.927253685157205,1,0,0,0,0,0,0,0,0,0,0,0,0,0,0,0,0,0,0,1,1,0,0
ChIJTdE11FdZqDsRPu2HynC4lzQ,The she bakes cbe,Selvapuram North,Coimbatore,10.997917,76.950329,Bakery & Desserts,Premium,4.5,125,1,4.836281906951478,88.5,1.2634704178668195,5.159055299214529,1,0,1,1,0,0,1,0,1,0,0,0,0,0,0,0,0,1,1,1,1,0,0
ChIJpZiZKABZqDsREotWCy3mXz4,Gandhipark,R.S. Puram,Coimbatore,11.002804,76.950484,Bakery & Desserts,Not disclosed,4.2,12,1,2.5649493574615367,87.0,1.5006262347194457,5.472270673671475,0,0,0,0,0,0,0,0,0,0,0,0,0,0,0,0,0,0,0,0,0,0,0
ChIJN9OHg4RZqDsRrp9Um3PNDhE,Krishna Bakery,Selvapuram North,Coimbatore,10.996847,76.948583,Bakery & Desserts,Not disclosed,3.0,22,0,3.1354942159291497,168.0,1.421157019902456,4.955827057601261,0,0,0,0,0,0,0,0,0,0,0,0,0,0,0,0,0,0,1,1,1,1,0
ChIJh9KYcQBZqDsRNh-hEgv0fn0,Dass Bakery Oven fresh,Selvapuram North,Coimbatore,10.996677,76.949286,Bakery & Desserts,Not disclosed,5.0,10,1,2.3978952727983707,86.5,1.3423040579061074,4.955827057601261,1,0,0,1,0,0,1,0,0,0,0,0,0,0,0,0,0,0,0,0,1,0,0
ChIJW5ZvbRlZqDsRSxxsBhxi3B4,Sri Prasanna Lakshmi Bakes,R.S. Puram,Coimbatore,11.005426,76.945709,Bakery & Desserts,Not disclosed,3.8,130,0,4.875197323201151,126.0,2.0934369583738,5.293304824724492,0,0,0,1,0,0,0,0,0,0,0,0,0,0,0,0,0,0,0,1,1,1,0
ChIJF0r8fRFZqDsRsap2zPiSb2c,G.M Bakes,Selvapuram North,Coimbatore,10.996652,76.949612,Bakery & Desserts,Not disclosed,4.1,54,0,4.007333185232471,119.0,1.3067767933489307,4.955827057601261,0,0,0,1,0,0,0,0,0,0,0,0,0,0,0,0,0,0,0,1,1,0,0
ChIJLcg-jTpZqDsRvimr34m4sUs,RAGUPATHY M,R.S. Puram,Coimbatore,11.000373,76.950867,Bakery & Desserts,Not disclosed,4.9,13,1,2.639057329615259,126.0,1.3167760324091535,5.308267697401205,1,0,0,1,0,0,0,0,0,0,0,0,0,0,0,0,0,0,0,1,1,0,0
ChIJjcjpTxJZqDsRMAF5RnD6avE,Das and Co.,Town Hall,Coimbatore,10.996814,76.949262,Bakery & Desserts,Not disclosed,4.3,56,1,4.04305126783455,87.0,1.347584042664394,4.955827057601261,1,0,0,0,0,0,0,0,0,0,0,0,0,0,0,0,0,0,0,0,0,0,0
ChIJNaKa_AZZqDsRDdmNyNYBN2s,Kavitha Bakery,R.S. Puram,Coimbatore,11.005998,76.961127,Bakery & Desserts,Not disclosed,3.6,101,0,4.624972813284271,112.0,1.2677500285228236,5.176149732573829,0,0,0,0,0,0,0,0,0,0,0,0,0,0,0,0,0,0,0,1,1,0,0
ChIJjYGbYhpZqDsRLCtnjBVAwng,Ambur Star Dum Biriyani Corner,Selvapuram North,Coimbatore,11.003054,76.950536,Multi-cuisine / General,Budget,4.1,34,0,3.5553480614894135,87.0,1.5132334486651169,5.476463551931511,1,0,0,1,0,0,1,1,0,0,0,0,1,0,0,0,0,0,0,0,0,0,0
ChIJ_2pmQxBZqDsR1VNdR_zNxvk,Hydrabad Biriyani,R.S. Puram,Coimbatore,11.000676,76.950769,Biryani & Non-veg,Mid,3.7,30,0,3.4339872044851463,84.0,1.3427583166042274,5.3230099791384085,0,0,0,1,0,0,1,1,1,0,0,0,0,1,0,0,1,1,0,0,1,0,0
ChIJPRruIABZqDsR775DMe4nymg,AMBER CAFE,R.S. Puram,Coimbatore,11.000404,76.951174,Multi-cuisine / General,Budget,5.0,14,1,2.70805020110221,115.5,1.289343261374456,5.327876168789581,1,0,0,1,0,0,1,0,0,0,0,0,1,1,0,0,0,1,0,1,1,0,0
ChIJ8XTNGQxZqDsRaDb2UP0QlLY,Thirunelveli Karupatti Coffee,Rayapapuram,Ponnaiah Raja Puram,11.00187,76.948141,Cafe & Beverages,Not disclosed,4.7,50,1,3.9318256327243257,119.0,1.657719947731965,5.278114659230518,1,0,0,0,0,0,0,0,0,0,0,0,0,0,0,0,0,0,0,1,1,0,0
ChIJ77aNuK1ZqDsRZpZo7s1JQXI,Wow! Momo,R.S. Puram,Coimbatore,11.000413,76.950719,North Indian & Global,Mid,4.4,202,1,5.313205979041787,84.0,1.3330552185498519,5.293304824724492,1,1,0,1,0,1,1,1,1,1,1,1,1,1,0,0,1,1,0,0,1,1,0
ChIJdbZf1wRZqDsRhm5iBs5NT5k,Goli Vada Pav,R.S. Puram,Coimbatore,11.005173,76.952282,Fast food & Quick bites,Budget,4.2,937,1,6.843749949006225,84.0,1.5403584911974326,5.60947179518496,1,1,0,1,0,0,1,0,1,0,0,0,1,1,1,0,1,0,0,0,1,0,1
ChIJZ7amGu1ZqDsR9vUVAs55O40,Kannan Brothers Veg Chat House,R.S. Puram,Coimbatore,11.005852,76.960886,Fast food & Quick bites,Not disclosed,4.4,235,1,5.4638318050256105,38.5,1.2524225767114239,5.170483995038151,0,0,0,1,0,0,0,0,0,0,0,0,0,0,0,0,0,0,0,0,1,0,0
ChIJVZti7hBZqDsRdqK3aLGazZQ,Hotel Chola,R.S. Puram,Coimbatore,11.000071,76.94913,Biryani & Non-veg,Not disclosed,3.2,537,0,6.2878585601617845,87.0,1.4709959252427403,5.1647859739235145,0,0,0,1,0,0,1,1,1,0,0,0,1,0,0,0,1,1,0,0,0,1,0
ChIJNxMGpmxZqDsRcp4KYSkyBJ4,Saravana Family Restaurant,Selvapuram South,Coimbatore,10.990153,76.947355,South Indian & Regional,Budget,3.9,967,0,6.875232087276577,77.0,1.6108523632811804,4.477336814478207,0,0,0,1,0,0,1,1,1,0,0,0,1,1,0,0,1,1,0,0,1,0,0
ChIJNTc_FhFZqDsR0t2kjQyDutE,tiffincentre,gandhipark,Ponnaiah Raja Puram,10.998345,76.948526,Multi-cuisine / General,Premium,4.4,17,1,2.8903717578961645,21.0,1.4656421583877468,5.062595033026967,1,0,0,1,0,0,1,0,1,0,0,0,1,1,0,0,0,0,0,0,1,0,0
ChIJ0_E59Q1ZqDsR5N9zBJtrCZs,IMRAN,Selvapuram South,Coimbatore,10.987694,76.939573,Multi-cuisine / General,Budget,4.6,33,1,3.5263605246161616,87.0,2.5032269235205877,4.248495242049359,1,0,0,1,0,0,1,0,0,0,0,0,1,0,0,0,0,0,0,0,0,0,0
ChIJreYgjX1ZqDsRlDFT5XXUNN4,Chai N' Gupshup,Selvapuram North,Coimbatore,10.996588,76.947728,Cafe & Beverages,Not disclosed,4.9,71,1,4.276666119016055,105.0,1.5086311349431125,4.912654885736052,1,1,0,1,0,0,1,0,1,0,0,0,0,0,0,0,0,1,0,1,1,0,0
ChIJS22A9fNZqDsReOszRoHU6Uw,THE HOT CHICK Selvapuram,Selvapuram South,Coimbatore,10.990317,76.947673,Fast food & Quick bites,Not disclosed,4.6,42,1,3.7612001156935624,48.0,1.5722330102499613,4.477336814478207,1,0,0,1,0,0,0,0,0,0,0,0,0,0,0,0,0,0,1,0,1,0,0
ChIJt68YIgBZqDsRcHl5c-5hnrg,Sri Kandha Thattu Vadai Set Kadai,Selvapuram South,Coimbatore,10.986701,76.939123,Fast food & Quick bites,Not disclosed,4.8,90,1,4.51085950651685,35.0,2.5854224334385076,4.219507705176107,1,0,0,0,0,0,0,0,0,0,0,0,0,0,0,0,0,0,0,0,1,0,0
ChIJX8Nc4nJZqDsR3HG5zI8NfV8,Turkey Knights,Selvapuram North,Coimbatore,10.990285,76.941301,Bakery & Desserts,Not disclosed,4.3,72,1,4.290459441148391,120.0,2.2457555095015,4.3694478524670215,1,0,0,1,0,0,0,0,0,0,0,0,0,0,0,0,0,0,0,1,1,0,0
ChIJyePKewBZqDsRzJuADDI8EQQ,Chola hotel,Selvapuram South,Coimbatore,10.987868,76.938893,Multi-cuisine / General,Not disclosed,2.3,13,0,2.639057329615259,87.0,2.5682678434683703,4.23410650459726,0,0,0,1,0,0,0,0,0,0,0,0,0,0,0,0,0,0,0,0,0,1,0
ChIJZ9rqGHxZqDsR3yglTYq8RQ0,Siog Cafe,Selvapuram South,Coimbatore,10.988061,76.941658,Cafe & Beverages,Not disclosed,4.5,24,1,3.2188758248682006,84.0,2.2743025562598085,4.304065093204169,1,0,1,1,0,0,0,0,0,0,0,0,0,0,0,0,0,0,0,0,1,0,0
ChIJTUMbo5lZqDsRE-4TqDKu4UY,Time's cafe,Selvapuram North,Coimbatore,10.992086,76.93426,Cafe & Beverages,Not disclosed,4.7,46,1,3.8501476017100584,94.5,2.975611144387061,4.04305126783455,1,0,0,0,0,0,0,0,0,0,0,0,0,0,0,0,0,0,0,0,1,0,0
ChIJu9mWHwBZqDsRsHzhDUm1ALo,NFC fried chicken,Selvapuram North,Coimbatore,10.990643,76.941466,Biryani & Non-veg,Mid,4.8,17,1,2.8903717578961645,7.0,2.2199311664275725,4.442651256490317,0,0,0,0,0,0,1,0,0,0,0,0,1,1,0,0,0,0,0,0,1,0,0
ChIJiV6s8vpZqDsRH_AojHeoQ1c,Egg Land,Selvapuram South,Coimbatore,10.989286,76.94158,Multi-cuisine / General,Not disclosed,5.0,18,1,2.9444389791664403,35.0,2.242692819273585,4.330733340286331,1,0,0,1,0,0,0,0,0,0,0,0,0,0,0,0,0,0,0,0,1,0,0
ChIJg_lDm7FZqDsRLGrTtd7aVEU,MVP Foods,Selvapuram South,Coimbatore,10.983555,76.936938,Cafe & Beverages,Not disclosed,4.9,28,1,3.367295829986474,87.0,2.9390776899844595,4.04305126783455,1,0,0,1,0,0,0,0,0,0,0,0,0,0,0,0,0,0,0,0,0,0,0
ChIJlcG2JGtZqDsRAAAAMPf_IF0,Shera Fish Fry Stall,Selvapuram South,Coimbatore,10.989509,76.944891,Biryani & Non-veg,Not disclosed,5.0,28,1,3.367295829986474,49.0,1.888863088184099,4.406719247264253,1,0,0,1,0,0,1,0,0,0,0,0,0,0,0,0,0,0,0,0,1,0,0
ChIJgV7GEtxZqDsR9sBFB69dxy0,MANIKANDAN SELVARAJ,Selvapuram South,Coimbatore,10.98839,76.93595,Fast food & Quick bites,Budget,4.4,14,1,2.70805020110221,87.0,2.8625319306156825,4.127134385045092,1,0,0,1,0,0,1,0,0,0,0,0,1,1,0,0,0,0,0,0,0,0,0
ChIJ1afRAQBZqDsRLn3QS8qKxb0,Crazy Spot,Selvapuram North,Coimbatore,10.991393,76.941318,Fast food & Quick bites,Not disclosed,5.0,20,1,3.044522437723423,42.0,2.2208584460320435,4.454347296253507,0,0,0,1,0,0,0,0,0,0,0,0,0,0,0,0,0,0,0,0,1,0,0
ChIJwTLyfUhZqDsR8RrpyrpykqI,Haris,Selvapuram South,Coimbatore,10.983916,76.933889,Multi-cuisine / General,Not disclosed,4.6,16,1,2.833213344056216,87.0,3.2294430986499667,3.8501476017100584,1,0,0,1,0,0,0,0,0,0,0,0,0,0,0,0,0,0,0,0,0,0,0
ChIJI0LiXgBdqDsRrwmXKUAn0UQ,VV Mess and Smart Hostel,Perur Chettipalayam,Perur Chettipalayam,10.9519,76.89782,Multi-cuisine / General,Not disclosed,4.9,16,1,2.833213344056216,168.0,8.409186278637874,0.0,1,0,0,0,0,0,0,0,0,0,0,0,0,0,0,0,0,0,1,1,1,0,0
ChIJ4bLQ7DhZqDsRlxbKnTmWvrk,SRI ANNALAKSHMI MESS,Selvapuram North,Coimbatore,10.991746,76.9335,Multi-cuisine / General,Mid,3.5,21,0,3.091042453358316,112.0,3.061900542074807,4.007333185232471,0,0,0,1,0,0,1,1,0,0,1,0,1,1,0,0,0,0,0,1,1,0,0
ChIJzUhS6xJZqDsRdeoATc6pTj8,Vinayaga Tiffin Room,Selvapuram North,Coimbatore,10.993651,76.951247,South Indian & Regional,Not disclosed,4.6,19,1,2.995732273553991,52.5,1.113254484699403,4.955827057601261,0,0,0,1,0,0,1,0,0,0,0,0,0,0,0,0,0,0,1,0,1,0,0
ChIJB2r9nGtZqDsRxJkAg2xWW9A,Hotel Siruvani,Selvapuram South,Coimbatore,10.987119,76.946199,Vegetarian,Not disclosed,3.7,1024,0,6.932447891572509,108.5,1.8561119240849138,4.174387269895637,0,0,0,1,0,0,0,0,0,0,0,0,0,0,0,0,0,0,0,1,1,1,0
ChIJy-OZyRZZqDsRs4o97rcWVCA,செல்லம் சிற்றுண்டி உணவகம்,Selvapuram North,Ponnaiah Raja Puram,10.998124,76.947081,Vegetarian,Not disclosed,4.2,60,1,4.110873864173311,72.0,1.611338143192579,4.962844630259907,1,0,0,1,0,0,1,0,0,0,0,0,0,0,0,0,0,0,0,0,1,0,0
ChIJnTCgUQBZqDsRyzS7ml8FH8s,DSP BAKERY,Selvapuram South,Coimbatore,10.987584,76.934681,Bakery & Desserts,Not disclosed,4.1,10,0,2.3978952727983707,126.0,3.019057699859945,4.110873864173311,1,0,0,1,0,0,0,0,0,0,0,0,0,0,0,0,0,0,0,1,1,0,0
ChIJuXFwgLxZqDsRJO4RXEousqA,Cakes by Parvi,Selvapuram South,Coimbatore,10.983197,76.937961,Bakery & Desserts,Premium,4.9,72,1,4.290459441148391,105.0,2.8554650902522183,4.07753744390572,1,0,0,1,0,0,1,0,1,0,0,0,0,0,0,0,0,1,0,0,1,0,0
ChIJ158BHnlZqDsRWO0G6K3t68s,The cake studio cbe,Selvapuram North,Coimbatore,10.988483,76.927657,Bakery & Desserts,Not disclosed,4.9,10,1,2.3978952727983707,56.0,3.745498086712484,3.1354942159291497,1,0,1,1,0,0,1,0,1,0,0,0,0,0,0,0,0,1,0,0,1,0,0
ChIJf01Yiq1ZqDsROvpoD9lYvIs,A M Bakery,Selvapuram South,Coimbatore,10.986149,76.94591,Bakery & Desserts,Budget,4.1,40,0,3.713572066704308,115.5,1.9344045401293206,4.1588830833596715,0,0,0,0,0,0,1,0,0,0,0,0,0,0,0,0,0,0,0,1,1,0,0
ChIJ-7lnIkJZqDsRhus3qo2Ki_c,Creamy Cake Palette,Selvapuram North,Coimbatore,10.988829,76.923529,Bakery & Desserts,Not disclosed,5.0,25,1,3.258096538021482,84.5,4.183320766614375,2.4849066497880004,1,0,0,1,0,0,0,0,0,0,0,0,0,0,0,0,0,0,0,0,1,0,0
ChIJf1JT4j9ZqDsRJS1vC9h4ii0,ITS Hotel,Selvapuram North,Coimbatore,10.991643,76.94096,Multi-cuisine / General,Not disclosed,4.2,52,1,3.970291913552122,126.0,2.255216161471232,4.394449154672439,0,0,0,1,0,0,0,0,0,0,0,0,0,0,0,0,0,0,0,1,1,0,0
ChIJ3XAJ2EZZqDsR8HIC-fNt8nY,ANAND HOTEL,Selvapuram South,Coimbatore,10.987585,76.934681,Multi-cuisine / General,Not disclosed,3.9,80,0,4.394449154672439,133.0,3.019028963523855,4.110873864173311,1,0,0,1,0,0,1,0,0,0,0,0,0,0,0,0,0,0,0,1,1,0,0
ChIJoUY6t7lZqDsR_ksYe5AoTGg,Tender Coconut shop,Balasundaram Layout,Coimbatore,11.022637,76.97812,Cafe & Beverages,Budget,4.3,162,1,5.093750200806762,87.0,3.6124454625964613,3.8712010109078907,0,0,0,0,0,0,1,0,0,0,0,0,1,1,0,0,0,1,0,0,0,0,0
ChIJidFcj5hZqDsRk3iMr7F8M1Q,Gounder Kulambu Kadai,Selvapuram North,Coimbatore,10.996319,76.949531,Multi-cuisine / General,Not disclosed,4.0,50,0,3.9318256327243257,65.5,1.3095693418892462,4.9344739331306915,1,0,0,1,0,0,0,0,0,0,0,0,0,0,0,0,0,0,0,0,1,0,0
ChIJ_2jiKphZqDsRVjZaDmbAKmo,Moidul tea shop Bakery,Selvapuram North,Ponnaiah Raja Puram,10.998881,76.942454,Bakery & Desserts,Not disclosed,4.5,11,1,2.4849066497880004,28.0,2.1220957144020147,4.330733340286331,1,0,0,0,0,0,0,0,0,0,0,0,0,0,0,0,0,0,0,1,1,0,0
ChIJEei_G41ZqDsRS2diIWKxLoI,Devi Bakery,Koundampalayam,Coimbatore,11.048305,76.929316,Bakery & Desserts,Not disclosed,4.1,13,0,2.639057329615259,98.0,6.922710399262559,3.5553480614894135,0,0,0,0,0,0,0,0,0,0,0,0,0,0,0,0,0,0,0,0,1,0,0
ChIJRYnaFXJZqDsRpguo-UxcEto,KAVIYA SOUP,Koundampalayam,Coimbatore,11.047943,76.943207,Multi-cuisine / General,Budget,5.0,17,1,2.8903717578961645,87.0,6.255012878968922,4.060443010546419,1,0,0,1,0,0,1,0,0,0,0,0,0,1,0,0,0,0,0,0,0,0,0
ChIJcfeySPVZqDsRHrR8yCf6KyY,Mario juicy,Coimbatore,Coimbatore,11.021423,76.937652,Fast food & Quick bites,Budget,4.2,889,1,6.7912214627261855,98.0,3.951534001550156,4.736198448394496,0,0,0,1,0,0,1,1,1,0,0,0,1,1,0,0,1,1,0,0,1,1,0
ChIJmVylVElZqDsR4mRxpzG-1KY,SIVAN MINERALS,Koundampalayam,Coimbatore,11.045486,76.937719,Multi-cuisine / General,Not disclosed,5.0,10,1,2.3978952727983707,87.0,6.220642023963605,3.7612001156935624,1,0,0,1,0,0,1,0,1,0,0,0,0,0,0,0,0,0,0,0,0,0,0
ChIJRdxdpANZqDsRWl24qxIKDVY,CrossRoad 33 Cafe,R.S. Puram,Coimbatore,11.009346,76.956326,Multi-cuisine / General,Not disclosed,4.4,42,1,3.7612001156935624,84.0,1.7306886359533709,5.402677381872279,1,0,0,1,0,0,1,1,1,0,0,0,1,1,1,0,1,1,0,0,1,0,1
ChIJK6_yiKZZqDsRIHRWqhGWyUk,BK chaats,Koundampalayam,Coimbatore,11.054346,76.945709,Fast food & Quick bites,Not disclosed,4.9,11,1,2.4849066497880004,87.0,6.860635599315062,3.4965075614664802,1,0,0,0,0,0,0,0,0,0,0,0,0,0,0,0,0,0,0,0,0,0,0
ChIJdcVsgkFZqDsRZMVyKTqzbZ8,Kokkarako Biriyani and Fast Food,Koundampalayam,Coimbatore,11.051274,76.946239,Fast food & Quick bites,Not disclosed,2.0,50,0,3.9318256327243257,84.0,6.515486686857239,4.143134726391533,1,0,1,1,0,0,0,0,0,0,0,0,0,0,0,0,0,0,0,0,1,0,0
ChIJ-WC94LH3qDsR78X5QtgC80Y,Sri Balaji Chettinadu Mess & Fast food,Subramaniapalayam,Coimbatore,11.061946,76.93354,South Indian & Regional,Not disclosed,3.8,41,0,3.7376696182833684,101.5,8.082318848877012,1.791759469228055,0,0,0,1,0,0,0,0,0,0,0,0,0,0,0,0,0,0,0,0,1,0,0
ChIJZ2L-Mi5XqDsRbXaGw6E40Sk,VMK Bakes,Vellalur,Vellalur,10.977956,77.023203,Bakery & Desserts,Not disclosed,3.9,22,0,3.1354942159291497,112.0,6.995487773802219,2.70805020110221,0,0,0,0,0,0,0,0,0,0,0,0,0,0,0,0,0,0,0,1,1,1,0
ChIJq7rSHEhXqDsRjU2RBvwEbyM,Barani bakery,ELGI Nagar,Vellalur,10.982902,77.033182,Bakery & Desserts,Budget,4.0,515,0,6.246106765481563,168.0,7.942680313700545,3.332204510175204,1,0,0,0,0,0,1,0,0,0,0,0,1,0,0,0,0,0,1,1,1,0,0
ChIJe9gUGTlXqDsR1Y0mpuVxOso,Purely Baked,ELGI Nagar,Pattanam,10.981654,77.042307,Bakery & Desserts,Premium,4.9,15,1,2.772588722239781,71.0,8.948065313187314,2.639057329615259,1,0,0,1,0,0,1,0,1,0,0,0,0,0,0,0,0,0,0,0,1,0,0
ChIJhceRWBRXqDsR96GSymPVDok,GD CAFE,ELGI Nagar,Vellalur,10.979808,77.028299,Bakery & Desserts,Not disclosed,4.7,12,1,2.5649493574615367,87.0,7.4854176378038595,3.4011973816621555,1,0,0,1,0,0,0,0,0,0,0,0,0,0,0,0,0,0,0,0,0,0,0
ChIJ65E65fJaqDsRGyT9Pc9grnY,VMK Bakes,Coimbatore,Vellalur,10.966437,77.033582,Bakery & Desserts,Not disclosed,3.9,8461,0,9.043340831280013,168.0,8.478832846397918,1.6094379124341003,0,0,0,1,0,0,1,0,0,0,0,0,0,0,0,0,0,0,1,1,1,1,0
ChIJCT3hYgBXqDsRC_P5qYm6Xjw,MOOIS BAKES,ELGI Nagar,Coimbatore,10.979792,77.033305,Bakery & Desserts,Not disclosed,5.0,12,1,2.5649493574615367,87.0,8.019765331443569,3.4011973816621555,1,0,0,1,0,0,0,0,0,0,0,0,0,0,0,0,0,0,0,0,0,0,0
ChIJyVOe8bdXqDsRMJe--UjCO4o,Bharani bakery,Vellalur,Vellalur,10.972315,77.013289,Bakery & Desserts,Budget,3.9,99,0,4.605170185988092,87.0,6.1824308432002235,1.3862943611198906,1,0,0,1,0,0,1,0,0,0,0,0,1,0,0,0,0,0,0,0,0,0,0
ChIJMazHm6RXqDsRRtEe8837hbU,SREE DURGA SWEETS,Vellalur,Vellalur,10.973911,77.026073,Bakery & Desserts,Not disclosed,4.9,11,1,2.4849066497880004,105.0,7.424942086253252,2.9444389791664403,0,0,0,0,0,0,1,0,0,0,0,0,0,0,0,0,0,0,0,1,1,0,0
ChIJAYAAEwBXqDsRBWf9v-2MuYw,KM CAKE MAGIC,Mahaganapathi Nagar,Vellalur,10.977269,77.034392,Bakery & Desserts,Not disclosed,4.7,15,1,2.772588722239781,88.0,8.197343326158752,3.4339872044851463,1,0,0,1,0,0,1,0,1,0,0,0,0,0,0,0,0,0,0,0,1,0,0
ChIJAcEFsi9XqDsRBxG0l4rNK2g,RAMACHANDRAN V R,SIHS Colony,Coimbatore,11.014017,77.038856,Bakery & Desserts,Not disclosed,4.0,545,0,6.302618975744905,129.5,8.725688397567046,1.9459101490553132,1,0,0,1,0,0,1,0,0,0,0,0,0,0,0,0,0,0,1,1,1,0,0
ChIJZVicHC9ZqDsR6VeAfLpHYRE,Ready Wrapz,Nallampalayam,Coimbatore,11.046124,76.954451,Multi-cuisine / General,Not disclosed,4.6,80,1,4.394449154672439,35.0,5.779191597460516,4.0943445622221,0,0,0,0,0,0,0,0,0,0,0,0,0,0,0,0,0,0,0,0,1,0,0
ChIJhXI6781XqDsRIkLeexDKMNk,THE MOMENTS,Kamarajar nagar,Coimbatore,10.976144,77.020691,Cafe & Beverages,Not disclosed,4.8,17,1,2.8903717578961645,84.0,6.789625238934355,2.5649493574615367,1,0,0,0,0,0,0,0,0,0,0,0,0,0,0,0,0,0,0,0,1,0,0
ChIJYSpNXDhXqDsRDJXjUIRH3mU,AKTM FOOD COURT,ELGI Nagar,Vellalur,10.98171,77.037506,Fast food & Quick bites,Not disclosed,4.8,14,1,2.70805020110221,77.0,8.430191551203391,3.2188758248682006,0,0,0,1,0,0,0,0,0,0,0,0,0,0,0,0,0,0,0,0,1,0,0
ChIJGatf1DdXqDsRb3BsBQbEoc8,Sree Sakthi Hotel,ELGI Nagar,Coimbatore,10.980966,77.033664,Multi-cuisine / General,Not disclosed,4.7,14,1,2.70805020110221,168.0,8.032448146388404,3.4011973816621555,1,0,0,1,0,0,1,0,0,0,0,0,1,0,0,0,0,0,1,1,1,0,0
ChIJH5gkoSBXqDsRbWBjeIT6Lns,Ayyanar hotel,ELGI Nagar,Vellalur,10.977271,77.033101,Multi-cuisine / General,Not disclosed,3.8,126,0,4.844187086458591,87.0,8.060385871666435,3.4657359027997265,0,0,0,0,0,0,0,0,0,0,0,0,0,0,0,0,0,0,0,0,0,0,0
ChIJK5E_kzpXqDsRQUumCRPVgP8,UTHAYAKUMAR MURUGAN,Vellalur,Coimbatore,10.978857,77.024144,Multi-cuisine / General,Budget,4.2,17,1,2.8903717578961645,87.0,7.069113109208251,2.833213344056216,0,0,0,1,0,0,1,0,0,0,0,0,1,1,0,0,0,0,0,0,0,0,0
ChIJD5ywBRZXqDsRg2TmKFKvpe4,BRK popular chilli chicken and briyani centre,ELGI Nagar,Vellalur,10.984916,77.036094,Biryani & Non-veg,Not disclosed,3.7,51,0,3.9512437185814275,84.0,8.224080210374487,3.2188758248682006,0,0,0,1,0,0,0,0,0,0,0,0,0,0,0,0,0,0,0,0,1,0,0
ChIJC_QRUbFXqDsRLeUmDdNMkAk,Venkateshwara mess,Civil Aerodrome Post,Coimbatore,11.036566,77.039108,Multi-cuisine / General,Not disclosed,3.9,107,0,4.68213122712422,95.9,9.680481834593413,3.912023005428146,0,0,0,0,0,0,0,0,0,0,0,0,0,0,0,0,0,0,0,1,1,0,0
ChIJC2NpkH5ZqDsRZO2ITWv80O4,Kerala Kovai kitchen,Koundampalayam,Coimbatore,11.040239,76.950383,Multi-cuisine / General,Not disclosed,4.5,21,1,3.091042453358316,87.0,5.215338134805014,4.0943445622221,0,0,0,0,0,0,0,0,0,0,0,0,0,0,0,0,0,0,0,0,0,0,0
ChIJ310OdQxZqDsRTskGi1vajYc,Kwality wall's,Koundampalayam,Coimbatore,11.035641,76.957957,Bakery & Desserts,Not disclosed,4.3,26,1,3.295836866004329,77.0,4.578997313101471,3.2188758248682006,1,1,0,1,0,0,1,0,1,0,0,0,0,1,0,0,0,0,0,0,1,0,0
ChIJM5k3gBJXqDsRorgr79V0c48,Sree Annapoorni Resturant,ELGI Nagar,Coimbatore,10.980835,77.033457,Multi-cuisine / General,Budget,4.0,43,0,3.784189633918261,87.0,8.013031346980346,3.4011973816621555,1,0,0,0,0,0,1,1,0,0,0,0,1,1,0,0,0,1,0,0,0,0,0
ChIJrV9bbPhXqDsR1cx4bMlcxcA,PRK Popular Chilli Chicken & Biriyani Centre,ELGI Nagar,Vellalur,10.985288,77.036243,Multi-cuisine / General,Not disclosed,3.7,26,0,3.295836866004329,87.0,8.234896259253427,3.2188758248682006,1,0,0,1,0,0,0,0,0,0,0,0,0,0,0,0,0,0,0,0,0,0,0
ChIJXxwXN2jvqDsR0LeEKOrXyHY,Dhanam Mess,Dasampalayam,Mettupalayam,11.294628,76.94011,South Indian & Regional,Not disclosed,4.5,2879,1,7.965545573129992,67.5,33.442348831138574,3.8501476017100584,0,0,0,1,0,1,1,0,0,1,0,0,0,0,0,0,0,0,0,0,1,0,0
ChIJFQ3cu3PvqDsRtUKNuxYmfs8,Khalids Biriyani - Mettupalayam,Rajivgandhi Nagar,Karamadai,11.284218,76.944554,Biryani & Non-veg,Not disclosed,4.3,2855,1,7.957177323459475,84.0,32.25645433833568,2.995732273553991,1,1,0,1,0,0,1,0,0,0,0,0,0,0,0,0,0,0,0,0,1,0,0
ChIJPclKc7DuqDsR8lyyQhKIkH4,S.M.H.Biriyani Center,Madina Nagar,Mettupalayam,11.312596,76.931563,Biryani & Non-veg,Budget,3.9,288,0,5.666426688112432,84.0,35.50904923058038,3.1354942159291497,1,0,0,1,0,0,1,1,0,0,0,0,1,0,0,0,0,0,0,0,1,0,0
ChIJG_YoqvLuqDsR_X9Gq13abHs,Sri Saravana Mess,Mettupalayam,Mettupalayam,11.289871,76.941711,Multi-cuisine / General,Not disclosed,3.7,1264,0,7.142827401161621,87.0,32.90282919592169,3.4011973816621555,1,1,0,1,0,0,1,1,1,1,1,1,1,1,0,0,1,0,0,0,0,0,0
ChIJp9YzX77uqDsRpj8nPWExAuw,Sri Annapoorna Hotel,Mahadevapuram,Mettupalayam,11.303547,76.937361,South Indian & Regional,Not disclosed,3.9,5143,0,8.545586265917455,115.5,34.45329803618714,3.9318256327243257,1,0,0,1,0,0,1,0,0,0,0,0,0,0,0,0,0,0,0,1,1,0,0
ChIJ02sJgIjvqDsRQbjfHxtAstM,Oasis Restaurant,Mettupalayam,Mettupalayam,11.29206,76.940596,Multi-cuisine / General,Not disclosed,4.2,655,1,6.486160788944089,77.0,33.15382443708026,3.5263605246161616,1,0,0,0,0,0,0,0,0,0,0,0,0,0,0,0,0,0,0,0,1,0,0
ChIJJ7Rntb_uqDsRK8--75NV_KU,A.N.L CHETTINADU BIRIYANI HOTEL,Mettupalayam,Mettupalayam,11.302333,76.938479,Biryani & Non-veg,Premium,4.3,97,1,4.584967478670572,70.0,34.30959583070824,3.9318256327243257,1,0,0,1,0,0,1,1,1,0,0,0,1,1,0,0,0,1,0,0,1,0,0
ChIJ7THEn67vqDsRfxAIt-TQarg,Thennagam,Dasampalayam,Mettupalayam,11.293465,76.940263,South Indian & Regional,Mid,3.5,182,0,5.209486152841421,105.0,33.31218329953956,3.5263605246161616,0,0,0,1,0,0,1,1,1,0,0,0,1,1,0,0,1,0,0,0,1,0,0
ChIJd7kZYkTvqDsRp7hkbrLYqJM,Thambi Mess,54BehindSreeKumaranthangamaligai,Mettupalayam,11.300352,76.93889,Multi-cuisine / General,Budget,4.0,144,0,4.976733742420574,21.0,34.08664918011265,3.912023005428146,1,0,0,1,0,0,1,1,0,0,0,0,1,1,0,0,0,0,0,0,1,0,0
ChIJR4PaRSruqDsRs8fdxFw-raI,Arabian Restaurant,Housing Unit,Mettupalayam,11.29182,76.940929,Biryani & Non-veg,Not disclosed,3.9,1909,0,7.554858521040676,77.0,33.12473110103473,3.4965075614664802,1,1,0,1,0,1,1,0,0,1,0,0,0,0,0,1,0,0,0,0,1,0,0
ChIJC0zduvLrqDsRpQ3BjlgY6Iw,Green Hills Family Restaurant,Kallar R.F.,Mettupalayam,11.331622,76.896028,Multi-cuisine / General,Budget,3.9,158,0,5.0689042022202315,129.5,38.14766120551673,1.3862943611198906,1,0,0,1,0,0,1,1,0,0,1,0,1,1,0,0,0,1,1,1,1,0,0
ChIJHS6Ns-LvqDsRAXZrpsL1aUw,Rasappan Mess,Co-Operative Colony,Mettupalayam,11.294987,76.940105,Multi-cuisine / General,Budget,4.1,126,0,4.844187086458591,112.0,33.482209272943095,3.8712010109078907,0,0,0,1,0,0,1,1,1,0,0,0,1,1,0,0,0,0,0,1,1,0,0
ChIJw1l35QVXqDsRJxBV2CbYWDU,PALLAPATTI DAWOOD Restaurant,Mahadevapuram,Mettupalayam,11.303597,76.937239,Biryani & Non-veg,Mid,3.0,96,0,4.574710978503383,84.5,34.459857159370436,3.912023005428146,1,0,0,1,0,0,1,1,1,0,1,0,1,1,0,0,1,1,1,0,1,0,0
ChIJubeAOJPuqDsRvp-0EXEQQBE,Venkatesh Food Service,Mettupalayam,Mettupalayam,11.29403,76.940317,Multi-cuisine / General,Not disclosed,4.0,10,0,2.3978952727983707,99.0,33.37445131562206,3.7376696182833684,0,0,0,1,0,0,0,0,0,0,0,0,0,0,0,0,0,0,0,1,1,0,0
ChIJAfcb8-DvqDsRO3MmXUSHfAM,Pasumai Family Restaurant,Mettupalayam,Belladi,11.278427,76.981308,Multi-cuisine / General,Not disclosed,4.0,280,0,5.638354669333745,87.0,31.634772570401125,1.3862943611198906,1,0,0,1,0,0,0,0,0,0,0,0,0,0,0,0,0,0,1,0,1,0,0
ChIJG_bnbADvqDsREirGi6c_a_Q,Spicy trolley,Housing Unit,Mettupalayam,11.292303,76.940655,Multi-cuisine / General,Budget,4.9,19,1,2.995732273553991,18.0,33.18034172008135,3.5263605246161616,1,0,0,0,0,0,1,0,1,0,0,0,1,1,0,0,0,0,0,0,1,0,0
ChIJe7LeQBZZqDsRAD-uLh3LXIQ,Murugan Chettinadu Mess,Puliakulam,Coimbatore,11.00659,76.991772,South Indian & Regional,Not disclosed,3.9,12,0,2.5649493574615367,119.0,3.57320006391556,4.356708826689592,0,0,0,0,0,0,0,0,0,0,0,0,0,0,0,0,0,0,0,1,1,0,0
ChIJFYpA8LvuqDsRoLXDCWNg8yQ,Raja Mess,Mettupalayam,Mettupalayam,11.306887,76.934662,Biryani & Non-veg,Not disclosed,3.9,613,0,6.419994928147142,59.5,34.847033701060816,3.9318256327243257,0,0,0,1,0,0,1,0,0,0,0,0,0,0,0,0,0,0,0,0,1,0,0
ChIJ9ZtxAABRqDsR3hFvGOBEEZs,FamJam Cafe | Akshaya Bhavan,Coimbatore South,Coimbatore,10.948318,77.015894,Bakery & Desserts,Not disclosed,4.3,132,1,4.890349128221754,168.0,7.865856778075099,0.6931471805599453,1,0,0,1,0,0,0,0,0,0,0,0,0,0,0,0,0,0,1,1,1,0,0
ChIJl8jjjABaqDsR8QaXeNzIidY,Amul Ice Cream,Podanur,Vellalur,10.966317,77.002464,Bakery & Desserts,Not disclosed,3.2,21,0,3.091042453358316,77.0,5.475717608541567,1.9459101490553132,1,1,0,1,0,0,1,1,1,0,0,0,1,1,0,0,0,0,0,0,1,1,0
ChIJm5JW5DRZqDsRumI5L1HijSI,Tan tea,Gopalapuram,Coimbatore,11.007744,76.969702,Cafe & Beverages,Not disclosed,4.0,18,0,2.9444389791664403,168.0,1.719672053256081,4.8283137373023015,0,0,0,0,0,0,0,0,0,0,0,0,0,0,0,0,0,0,1,1,1,0,0
ChIJ6-l9wkRXqDsR0SujozIdock,Avin Palagam,Raghavan Nagar,Vellalur,10.984113,77.03509,Cafe & Beverages,Not disclosed,3.7,95,0,4.564348191467836,108.5,8.127784191983292,3.332204510175204,0,0,0,0,0,0,1,0,0,0,0,0,0,0,0,0,0,0,0,1,1,0,0
ChIJ_7P44klXqDsRqUw2CY3KzMY,AAVIN TEA STALL,ELGI Nagar,Vellalur,10.978947,77.03323,Cafe & Beverages,Not disclosed,3.4,30,0,3.4339872044851463,117.83333333333333,8.031601118220953,3.4657359027997265,0,0,0,0,0,0,1,0,0,0,0,0,1,0,0,0,0,0,0,1,1,0,0
ChIJxdoV_fHxqDsRdYO1m4uxFCs,Milagai Pandhal,Balaji Nagar,Karamadai,11.235388,76.976869,Multi-cuisine / General,Not disclosed,3.9,235,0,5.4638318050256105,66.0,26.827549383677827,1.3862943611198906,1,0,0,1,0,0,1,0,0,0,0,0,0,0,0,0,0,0,0,0,1,0,0
ChIJ-VxJnsTvqDsRg-BCwR6VhWM,The Kovai's Filter Coffee,Karamadai,Karamadai,11.239423,76.962784,Cafe & Beverages,Not disclosed,4.7,88,1,4.48863636973214,93.0,27.223494336180085,3.5553480614894135,1,0,0,1,0,0,0,0,0,0,0,0,0,0,0,0,0,0,0,1,1,0,0
ChIJZ8tWGhzvqDsR8f3pZ8aq3wc,Milky Waves,Karamadai,Karamadai,11.243255,76.959479,Cafe & Beverages,Not disclosed,4.7,56,1,4.04305126783455,77.0,27.649968897671915,3.6375861597263857,1,0,0,0,0,0,0,0,0,0,0,0,0,0,0,0,0,0,0,0,1,0,0
ChIJuSFEWQDvqDsRPsMsyZpuT1Y,AS Cafe,Karamadai,Karamadai,11.287098,76.941152,Multi-cuisine / General,Budget,4.5,13,1,2.639057329615259,105.0,32.599226231203126,3.2188758248682006,0,1,0,1,0,0,1,0,0,0,0,0,1,1,0,0,0,1,0,0,1,0,0
ChIJH_6cFI_xqDsRTSiNGi0HRzM,ISS CAFE,mariapuram,Chikkarampalayam,11.231742,76.959459,Cafe & Beverages,Budget,5.0,57,1,4.060443010546419,77.0,26.369837742377584,2.70805020110221,1,0,0,1,0,0,1,0,1,0,0,0,1,1,0,0,0,1,0,0,1,0,1
ChIJ97iALxjvqDsRYTE5wQ4loUE,HILL AND CHILL,GandhiNagar,Karamadai,11.267038,76.953907,Bakery & Desserts,Not disclosed,5.0,31,1,3.4657359027997265,101.5,30.304752119761275,2.772588722239781,1,0,1,1,0,0,1,0,0,0,0,0,0,0,0,0,0,0,0,1,1,0,0
ChIJoylFiv_xqDsRC4VOgQXRGNI,"Arabian Restaurant & Cafe - Best Non Veg Restaurant & Biriyani |Grill, BBQ & Tandoori in Karamadai",Bettadapuram,Bettadapuram,11.226677,76.959688,North Indian & Global,Not disclosed,4.1,489,0,6.194405391104672,77.0,25.806461057506677,1.9459101490553132,1,1,0,1,0,0,1,0,0,0,0,0,0,0,0,0,0,0,0,0,1,0,0
ChIJGdbPdkrvqDsRqy_Vk8CPJpU,VANDHANAM CAFÉ,Mettupalayam,Jadayampalayam,11.288585,76.960983,Cafe & Beverages,Budget,4.5,473,1,6.161207321695077,42.0,32.68967216689549,1.0986122886681096,1,0,0,1,0,0,1,1,1,1,1,0,1,1,0,0,1,1,0,1,1,0,0
ChIJBzuJBADvqDsR2m78hTOyFqA,Time Pause Cafe,block,Jadayampalayam,11.299556,76.989917,Bakery & Desserts,Not disclosed,5.0,31,1,3.4657359027997265,84.0,34.05197974137052,0.0,0,0,0,0,0,0,1,0,1,0,0,0,0,0,0,0,0,1,0,0,1,0,0
ChIJM1gyLv3vqDsRd47Ji69O4kU,"Ibrahim Rawther Biriyani, Karamadai",Karamadai,Karamadai,11.24347,76.959099,Biryani & Non-veg,Not disclosed,4.2,312,1,5.746203190540153,80.5,27.674220191278987,3.6375861597263857,1,0,0,0,0,0,1,1,1,0,1,0,1,1,0,0,1,1,0,0,1,0,0
ChIJGTNgP67vqDsRTcWR6FP5vo4,KRS Restaurant,Teachers Colony,Karamadai,11.259761,76.953268,Multi-cuisine / General,Not disclosed,3.7,1003,0,6.911747300251674,112.0,29.497904127288358,2.8903717578961645,1,0,0,1,0,0,1,0,0,0,0,0,0,0,0,1,0,0,0,1,1,0,0
ChIJX8xT7HPvqDsRbjq0A8xjrO8,Heritage by SONIY,Karamadai,Karamadai,11.249762,76.956302,Multi-cuisine / General,Mid,3.6,85,0,4.454347296253507,84.0,28.37817151267056,3.332204510175204,1,0,0,0,0,0,1,0,1,0,0,0,1,1,0,0,1,1,0,0,1,0,0
ChIJbya4IADxqDsR8vAAOzKIWRM,KaaruKrish Cafe,Karamadai,Coimbatore,11.235122,76.960003,North Indian & Global,Not disclosed,4.7,27,1,3.332204510175204,87.5,26.745260498195602,3.5263605246161616,0,0,0,0,0,0,0,0,0,0,0,0,0,0,0,0,0,0,1,0,1,0,0
ChIJbQ9yGADvqDsRuh5kykTBJmo,HAYAATH BIRIYANI,Karamadai,Karamadai,11.244925,76.957703,Multi-cuisine / General,Not disclosed,4.8,16,1,2.833213344056216,67.5,27.837792578489474,3.5553480614894135,0,0,0,0,0,0,0,0,0,0,0,0,0,0,0,0,0,0,0,0,1,0,0
ChIJC_jpOIHvqDsRrY1ACEtQICc,Aradhana Creative Cakes,Teachers Colony,Karamadai,11.257755,76.95502,Bakery & Desserts,Not disclosed,4.5,255,1,5.545177444479562,101.5,29.269779229144778,2.8903717578961645,1,0,0,1,0,0,1,0,1,0,0,0,0,0,0,0,1,1,0,1,1,0,0
ChIJG_dfT-nvqDsRKoObQek2sk8,JesiPastries,Mettupalayam,Karamadai,11.279004,76.946444,Bakery & Desserts,Premium,5.0,67,1,4.219507705176107,92.5,31.666349532844333,1.791759469228055,1,0,0,1,0,0,1,0,1,0,0,0,0,0,0,0,0,0,0,1,1,0,0
ChIJqZ27JP7vqDsR_9Bi3EXs6qk,Bake your cake,Teachers Colony,Karamadai,11.259737,76.952814,Bakery & Desserts,Not disclosed,4.7,29,1,3.4011973816621555,84.0,29.496768211628613,2.8903717578961645,1,0,0,1,0,0,0,0,0,0,0,0,0,0,0,0,0,0,0,0,1,0,0
ChIJb8gT9lLvqDsRjqZnihTx1zg,ARK BAKES,Kannarpalayam,Chikkarampalayam,11.236637,76.967216,Bakery & Desserts,Not disclosed,4.9,129,1,4.867534450455582,119.0,26.92076663184834,2.833213344056216,1,0,0,1,0,0,0,0,0,0,0,0,0,0,0,0,0,0,0,1,1,0,0
ChIJM2ve2uTvqDsRn8jNlFNaDy4,Sri Mahalakshmi iyyangar bakery,Karamadai,Marudur,11.240747,76.952553,Bakery & Desserts,Budget,3.9,100,0,4.61512051684126,168.0,27.38731375684143,3.332204510175204,1,0,0,0,0,0,1,0,1,0,0,0,0,0,0,0,0,1,1,1,1,0,0
ChIJ22vcuonvqDsRqtMPwjskbgA,K Cakes,Karamadai,Karamadai,11.239872,76.962292,Bakery & Desserts,Not disclosed,4.9,15,1,2.772588722239781,84.0,27.273175700204412,3.5553480614894135,1,0,0,1,0,0,0,0,0,0,0,0,0,0,0,0,0,0,0,0,1,0,0
ChIJDxtnXRXxqDsRtjs0zXpVQoI,KOVAI BAKES,Mathampalayam,Bilichi,11.194167,76.960869,Bakery & Desserts,Budget,3.9,597,0,6.393590753950631,168.0,22.19091356852138,1.3862943611198906,1,0,0,1,0,0,1,0,1,0,1,0,1,0,0,0,1,1,1,1,1,1,0
ChIJM-UaDR3vqDsRDpP3FajV79Q,REHOBOTH BROWNIES,Karamadai,Coimbatore,11.241602,76.959633,Bakery & Desserts,Not disclosed,5.0,17,1,2.8903717578961645,56.0,27.46604592206063,3.6888794541139363,1,0,0,1,0,0,0,0,0,0,0,0,0,0,0,0,0,0,0,0,1,0,0
ChIJkW8BJPPvqDsRv_IOZxSX3vA,New Sweets & Bakery,Teachers Colony,Karamadai,11.261067,76.952569,Bakery & Desserts,Budget,4.7,26,1,3.295836866004329,65.0,29.64543989336015,2.8903717578961645,1,0,0,1,0,0,1,0,0,0,1,0,1,0,0,0,0,1,0,1,1,0,0
ChIJn-YWzO3vqDsRMlp5bC9TB4w,Divya Home Cakes,Vasantham Nagar,Mettupalayam,11.297069,76.930101,Bakery & Desserts,Not disclosed,4.9,350,1,5.860786223465865,168.0,33.805912124357725,2.70805020110221,1,1,0,1,0,0,1,0,0,0,0,0,0,0,0,0,0,0,1,1,1,0,0
ChIJ8etteSrxqDsRnsfczy0YQ-E,Mahalakshmi Ayangar Bakery,Balaji Nagar,Chikkarampalayam,11.235048,76.977477,Bakery & Desserts,Budget,3.9,353,0,5.869296913133774,87.0,26.794079408734383,1.0986122886681096,1,0,0,0,0,0,1,0,0,0,0,0,0,0,0,0,1,1,0,0,0,0,0
ChIJp-imM5DvqDsRRDZguiueTSw,Time pass bakery,Karamadai,Marudur,11.239356,76.948376,Bakery & Desserts,Not disclosed,4.2,18,1,2.9444389791664403,126.0,27.252698705436323,1.6094379124341003,0,0,0,0,0,0,1,0,0,0,0,0,0,0,0,0,0,0,0,1,1,0,0
ChIJI7-gP9fvqDsRpJ6P97iLCVU,Sri Lakshmi Narasimha Iyengar Bakery,four road,Belladi,11.277867,76.98119,Bakery & Desserts,Not disclosed,3.8,185,0,5.225746673713202,105.0,31.571767758353634,1.3862943611198906,1,0,0,1,0,0,0,0,0,0,0,0,0,0,0,0,0,0,0,1,1,0,0
ChIJrUvYUfnvqDsRtxjKhifBFGo,VANDHANAM BAKES,Mettupalayam,Bellaipalayam,11.26973,77.008777,Bakery & Desserts,Budget,4.3,797,1,6.682108597449809,131.5,31.026656624997837,0.0,1,0,0,1,0,0,1,0,1,0,1,1,1,0,0,1,1,1,1,1,1,0,0
ChIJrWC3vQHvqDsRZG1GcIkSkPo,Dubai Food Court,Mettupalayam,Mettupalayam,11.307584,76.937021,North Indian & Global,Not disclosed,4.5,88,1,4.48863636973214,80.5,34.90371175838672,3.9318256327243257,1,0,0,1,0,0,0,0,0,0,0,0,0,0,0,0,0,0,0,0,1,0,0
ChIJPxlcQrrvqDsR3yMfrZq7lsU,J M G S FAST FOOD,Karamadai,Karamadai,11.240452,76.960886,Fast food & Quick bites,Not disclosed,4.5,24,1,3.2188758248682006,87.0,27.33755262969976,3.6888794541139363,1,0,0,1,0,0,0,0,0,0,0,0,0,0,0,0,0,0,0,0,0,0,0
ChIJnx5QbgDxqDsRzV1XC3Fsqo8,Velan Fast Food Restaurant,Bettadapuram,Bettadapuram,11.228214,76.959556,Fast food & Quick bites,Budget,5.0,54,1,4.007333185232471,84.0,25.97747076618637,1.9459101490553132,1,0,0,1,0,0,1,1,1,0,1,1,1,1,1,1,1,1,0,0,1,0,0
ChIJr4qCDRLvqDsRhrGBBqu2QlY,Hotel Aryaas,Karamadai,Karamadai,11.24801,76.956915,Multi-cuisine / General,Not disclosed,3.6,1548,0,7.3453648404168685,105.0,28.182155062970825,3.4339872044851463,0,0,0,1,0,0,0,0,0,0,0,0,0,0,0,0,0,0,0,1,1,1,0
ChIJSzjXnuf5qDsR-YkY18ctvt0,The Wing Shack,Near Five Corner,Coimbatore,11.240028,76.960611,Multi-cuisine / General,Budget,4.7,15,1,2.772588722239781,84.0,27.290484234275095,3.6888794541139363,1,0,0,1,0,0,1,0,1,0,0,0,1,1,0,1,1,1,0,0,1,0,0
ChIJ9cLWOxfvqDsRls5O-_tGEX4,Kannamma Mess,Karamadai,Karamadai,11.241708,76.959538,Multi-cuisine / General,Not disclosed,3.4,89,0,4.499809670330265,112.0,27.477906974727805,3.6375861597263857,1,0,0,1,0,0,0,0,0,0,0,0,0,0,0,0,0,0,0,1,1,0,0
ChIJgTx33u3xqDsRJlh5odYkOYI,ILAI The Taste of South,Mathampalayam,Bilichi,11.192524,76.960411,South Indian & Regional,Mid,4.1,461,0,6.135564891081739,77.0,22.008409244391938,1.3862943611198906,1,0,0,1,0,0,1,1,1,1,1,0,1,1,0,0,1,1,0,0,1,0,0
ChIJw-yy5M3vqDsRpGqEYy6_ENw,panda Bites,Chickadasampalayam,Karamadai,11.261265,76.952155,Fast food & Quick bites,Not disclosed,4.5,18,1,2.9444389791664403,33.0,29.668946145453297,2.8903717578961645,0,0,0,0,0,0,0,0,0,0,0,0,0,0,0,0,0,0,0,0,1,0,0
ChIJH3ygSYbvqDsR_kisYJRQVZI,Fathima dham biriyani restarant,Karamadai,Karamadai,11.243042,76.958386,Biryani & Non-veg,Not disclosed,3.8,14,0,2.70805020110221,77.0,27.62744719329339,3.6375861597263857,1,0,0,0,0,0,0,0,0,0,0,0,0,0,0,0,0,0,0,0,1,0,0
ChIJc387DzjvqDsR4yLszTvPol0,Meat and Eat,Mettupalayam,Karamadai,11.281711,76.945476,North Indian & Global,Mid,3.3,124,0,4.8283137373023015,84.0,31.97252232387268,2.70805020110221,1,0,0,1,0,0,1,1,1,0,1,0,1,1,0,0,1,1,0,0,1,0,0
ChIJTeBYNQDvqDsRtrLGi13I-hM,Atchis hotel & cattering service,Teachers Colony,Karamadai,11.255444,76.954441,Biryani & Non-veg,Not disclosed,4.9,54,1,4.007333185232471,86.0,29.01446552790109,3.044522437723423,1,0,0,0,0,0,0,0,0,0,0,0,0,0,0,0,0,0,0,0,1,0,0
ChIJozNhS7zvqDsRQk12gNvno6g,Hotel Sri Vaishnavi Anandhas,Karamadai,Karamadai,11.262916,76.951659,South Indian & Regional,Budget,3.7,680,0,6.523562306149512,115.5,29.85430086666301,2.8903717578961645,1,0,0,1,0,0,1,1,1,0,1,0,1,1,0,0,1,1,0,1,1,0,1
ChIJO9r-7LfvqDsRYAWTLbX1YLw,Ambur Biriyani,Teachers Colony,Karamadai,11.260044,76.952931,Multi-cuisine / General,Not disclosed,3.9,23,0,3.1780538303479458,87.0,29.530485660249884,2.8903717578961645,1,0,0,1,0,0,0,0,0,0,0,0,0,0,0,0,0,0,0,0,0,0,0
ChIJPVYmekjuqDsR76mrkORMb5s,KARUNAGARAN HOTEL PARTHAS,Teachers Colony,Karamadai,11.25958,76.952923,Multi-cuisine / General,Budget,4.3,70,1,4.2626798770413155,87.0,29.47894391644224,2.8903717578961645,1,0,0,1,0,0,1,1,0,0,0,0,1,0,0,0,0,0,0,0,1,0,0
ChIJF-5pkujvqDsR9yWBHA6e4QU,SHOBA HOTEL,Karamadai,Karamadai,11.242814,76.958755,Vegetarian,Not disclosed,3.8,13,0,2.639057329615259,112.0,27.601646242842065,3.6375861597263857,0,0,0,0,0,0,0,0,0,0,0,0,0,0,0,0,0,0,0,1,1,0,0
ChIJFarkRQDvqDsR9MGKZBntuvI,Karakudi chettinadu hotal,Teachers Colony,Karamadai,11.258797,76.953333,Biryani & Non-veg,Not disclosed,4.9,16,1,2.833213344056216,87.0,29.390547707471754,2.833213344056216,0,0,0,0,0,0,0,0,0,0,0,0,0,0,0,0,0,0,0,0,0,0,0
ChIJD0gmrGbtqDsRcYbVs7MPoMI,Adyar Ananda Bhavan - A2B,Mettupalayam,Odanthurai,11.321504,76.9161,Vegetarian,Not disclosed,4.0,6531,0,8.784468454090355,105.0,36.68446207772118,2.639057329615259,1,1,0,1,0,0,1,0,0,0,0,0,0,0,0,1,0,0,0,1,1,1,0
ChIJz1u1lo37qDsR5X3OhlAMEHQ,Lakshmi Mess,Kurukkiliyampalayam,Kurukkiliyampalayam,11.238902,77.078057,Multi-cuisine / General,Mid,4.4,79,1,4.382026634673881,66.0,29.999226460733237,0.6931471805599453,0,0,0,1,0,0,1,1,0,1,0,0,1,1,0,0,0,0,0,0,1,1,0
ChIJt9_a8PvvqDsRknQrI1_6rDM,Regal Restaurant,Kannarpalayam,Chikkarampalayam,11.237687,76.968379,Multi-cuisine / General,Not disclosed,3.6,14,0,2.70805020110221,84.0,27.040764763384516,2.70805020110221,1,0,0,1,0,0,0,0,0,0,0,0,0,0,0,0,0,0,0,0,1,0,0
ChIJD64uFrnvqDsRX6o22pUTYV0,Iyarkai Family Restaurant,Belladi,Belladi,11.276971,76.9836,Multi-cuisine / General,Not disclosed,4.2,368,1,5.910796644040527,84.0,31.491502025087073,1.3862943611198906,1,0,0,1,0,0,1,0,0,0,0,0,0,0,0,0,0,0,0,0,1,0,0
ChIJFcJbd-LvqDsR9G-j7O88sY8,SONIY Multicusine family Restaurant,Karamadai,Karamadai,11.248109,76.957026,Multi-cuisine / General,Not disclosed,2.8,18,0,2.9444389791664403,94.5,28.192954095132947,3.4339872044851463,0,0,0,0,0,0,0,0,0,0,0,0,0,0,0,0,0,0,0,0,1,0,0
ChIJkyhShivvqDsRwOPkvotZ6t4,Mettupalayam Nataraj Mess,Odanthurai,Mettupalayam,11.312121,76.930822,South Indian & Regional,Not disclosed,4.6,12,1,2.5649493574615367,115.5,35.46396734023038,3.1354942159291497,1,0,0,0,0,0,0,0,0,0,0,0,0,0,0,0,0,0,1,1,1,0,0
ChIJO27bxofvqDsRQL1ZKJy_ZU8,Day 2 Night Family Restaurant,Arivoli Nagar,Chickadasampalayam,11.309954,76.96481,Multi-cuisine / General,Budget,4.6,59,1,4.0943445622221,112.0,35.06773819741601,0.0,1,0,0,0,0,0,1,1,1,0,1,0,1,1,0,0,0,1,0,1,1,0,0
ChIJU0YAkrLxqDsRorXc140thHY,A2A Restaurant,Press Colony,Veerapandi,11.175255,76.954523,Multi-cuisine / General,Mid,4.5,2949,1,7.989560449333865,87.5,20.101931246259763,2.4849066497880004,1,1,0,1,1,1,1,1,1,1,1,1,1,1,0,1,1,1,0,0,1,0,0
ChIJ-2xGbmDvqDsRpYBdO4UiPGE,NammA PizzA KadaI,Teachers Colony,Karamadai,11.258936,76.953215,Fast food & Quick bites,Not disclosed,4.3,11,1,2.4849066497880004,83.0,29.406385023743123,2.833213344056216,0,0,0,0,0,0,0,0,0,0,0,0,0,0,0,0,0,0,0,0,1,0,0
ChIJNUmHCyjvqDsRo_AsvPWhVag,Shafa's Kitchen,Kalaingar Karunanithi Nagar,Chickadasampalayam,11.289245,76.941619,North Indian & Global,Not disclosed,3.2,22,0,3.1354942159291497,73.0,32.83402831621149,3.332204510175204,1,0,0,1,0,0,0,0,0,0,0,0,0,0,0,0,0,0,0,0,1,0,0
ChIJy4jZNu3xqDsR_GhXEdntyZs,CAP MAN SHAWARMA,Sri Ramakrishna Mission Vidyalaya Campus,Periyanaickenpalayam,11.14561,76.943593,Fast food & Quick bites,Not disclosed,5.0,14,1,2.70805020110221,87.0,16.903610770171326,3.295836866004329,1,0,0,1,0,0,0,0,0,0,0,0,0,0,0,0,0,0,0,0,0,0,0
ChIJNeeDvVjvqDsRijv5pw9aQUM,PIZZA CRAFT,Chickadasampalayam,Chickadasampalayam,11.285389,76.943585,Fast food & Quick bites,Premium,4.2,153,1,5.0369526024136295,80.5,32.39262400958449,3.091042453358316,1,0,0,1,1,0,1,1,1,0,0,0,1,1,0,0,1,1,0,0,1,0,0
ChIJgfFLYbHvqDsRO5d5rxHCVak,Little Arabia,Mettupalayam,Coimbatore,11.316147,76.925038,Multi-cuisine / General,Not disclosed,4.7,59,1,4.0943445622221,77.0,35.97377981312667,2.4849066497880004,1,0,0,1,0,0,0,0,0,0,0,0,0,0,0,0,0,0,1,0,1,0,0
ChIJuQH9BMHvqDsRb4ExDFCEpxw,HILL PARADISE CAFE,Mettupalayam,Mettupalayam,11.312629,76.931327,Multi-cuisine / General,Budget,4.4,105,1,4.663439094112067,133.0,35.515072328836915,3.1354942159291497,1,0,0,1,0,0,1,1,1,1,1,0,1,1,0,1,0,1,1,1,1,0,0
ChIJX1FlJADvqDsRDoWfec_7Fxs,Mario juicy karamadai,Karamadai,Karamadai,11.240159,76.962013,Cafe & Beverages,Mid,3.9,34,0,3.5553480614894135,94.5,27.304996907026943,3.58351893845611,1,0,0,1,0,0,1,0,0,0,0,0,0,1,0,0,0,0,0,0,1,0,0
ChIJDzPpIQDxqDsRjukDsdy577Q,Fresh and Chill Juice and Bites,Bharathi Nagar,Periyanaickenpalayam,11.149447,76.944338,Cafe & Beverages,Not disclosed,4.9,88,1,4.48863636973214,77.0,17.318576352535224,3.6375861597263857,1,0,0,1,0,0,0,0,0,0,0,0,0,0,0,0,0,0,0,0,1,0,0
ChIJVccrOgBZqDsRvf6peslRG_Q,Kaapi 2.0,Anna Silai,Coimbatore,11.005784,76.974984,Cafe & Beverages,Budget,3.9,149,0,5.0106352940962555,87.0,1.935202200382279,4.68213122712422,0,0,0,0,0,0,1,0,1,0,0,0,1,1,0,0,0,1,0,0,0,0,0
ChIJGWlVyJLuqDsR4CImbInzsfA,Arun Ice Cream & Hatsun Milk,Mettupalayam,Mettupalayam,11.290809,76.941071,Bakery & Desserts,Not disclosed,4.0,35,0,3.58351893845611,91.0,33.01152552736162,3.4011973816621555,0,0,0,1,0,0,1,0,0,0,0,0,0,1,0,0,0,0,0,1,1,0,0
ChIJLcb3GQDvqDsRx9W3ZHR15Wc,ICEBAY &THE DESSERT SHOP METTUPALAYAM,Dasampalayam,Mettupalayam,11.297701,76.939288,Bakery & Desserts,Not disclosed,4.8,64,1,4.174387269895637,80.5,33.78951720974241,3.9318256327243257,1,0,0,1,0,0,0,0,0,0,0,0,0,0,0,0,0,0,0,0,1,0,0
ChIJqxy3t7rxqDsRiCZGNIHLYXs,The Oven’s Magic,Mathampalayam,Bilichi,11.197841,76.952137,Bakery & Desserts,Not disclosed,4.9,32,1,3.4965075614664802,63.0,22.621959208308397,0.0,1,0,0,1,0,0,1,0,0,0,0,0,0,0,0,0,0,0,0,0,1,0,0
ChIJA4g946_vqDsRnaj1k4oMZck,S Foods,Mettupalayam,Mettupalayam,11.30287,76.938209,Multi-cuisine / General,Not disclosed,4.8,27,1,3.332204510175204,108.5,34.371304496017416,3.912023005428146,1,0,0,0,0,0,0,0,0,0,0,0,0,0,0,0,0,0,1,0,1,0,0
ChIJnecrVJXuqDsR4eT4s-hUOsw,SUBBU AAPPAKADAI,Coimbatore,Mettupalayam,11.300954,76.940984,Multi-cuisine / General,Not disclosed,4.9,30,1,3.4339872044851463,122.5,34.13774880747372,3.8501476017100584,1,0,0,1,0,0,1,0,0,0,0,0,0,0,0,0,0,0,1,1,1,0,0
ChIJYz4TQ5zrqDsRUAFDojviUe4,Highway Cafe restaurant,Mettupalayam,Odanthurai,11.323175,76.913966,Multi-cuisine / General,Not disclosed,4.4,34,1,3.5553480614894135,117.0,36.90050800362017,2.5649493574615367,1,0,0,1,0,0,0,0,0,0,0,0,0,0,0,0,0,0,0,1,1,0,0
ChIJAxo17znvqDsRkP6OdkNflJw,THE COFFEE HOUSE,Mettupalayam,Mettupalayam,11.301995,76.939248,Cafe & Beverages,Budget,4.7,19,1,2.995732273553991,93.5,34.26609301104977,3.8918202981106265,1,0,0,0,0,0,1,0,0,0,0,0,1,1,0,0,0,0,0,1,1,0,0
ChIJNfUN7zBZqDsRmTZa9mRExX0,Pacamara Filter Coffee,R.S. Puram,Coimbatore,11.007,76.955537,Cafe & Beverages,Budget,4.8,181,1,5.204006687076795,84.0,1.5200922770059953,5.537334267018537,1,0,1,1,0,0,1,0,0,0,0,0,1,1,0,1,0,1,0,1,1,0,1
ChIJ_2fR__FZqDsRzxfl9qg0j5Q,Thank U Bakery & Cafe - Coimbatore,Kuppakonam Pudur,Coimbatore,11.033652,76.95167,Cafe & Beverages,Budget,4.5,62,1,4.143134726391533,77.0,4.47036242278809,3.8066624897703196,1,1,0,0,0,0,1,0,1,0,0,0,1,1,0,0,1,1,0,0,1,0,0
ChIJt2mlXgDvqDsRMabqBqj6zUU,Kohcha Your Freshness Cafe,Mettupalayam,Odanthurai,11.316015,76.925291,Cafe & Beverages,Not disclosed,4.9,371,1,5.918893854273146,102.0,35.95615739214981,2.4849066497880004,1,0,0,1,0,1,0,0,0,1,0,0,0,0,0,0,0,0,0,1,1,0,0
ChIJLcWJ5k3rqDsRbk0JQyKuZVs,Drunken Monkey - Mettupalayam,Mettupalayam,Odanthurai,11.323138,76.914284,Multi-cuisine / General,Not disclosed,4.4,68,1,4.23410650459726,87.5,36.89158504199259,2.5649493574615367,1,1,0,1,0,0,0,0,0,0,0,0,0,0,0,0,0,0,0,0,1,1,0
ChIJFdwsEmTvqDsRUjDsAZ5Vmo8,V SQUARE CAFE,Ishwarya Nagar,Mettupalayam,11.286931,76.963796,Cafe & Beverages,Budget,4.4,308,1,5.733341276897746,77.0,32.50677514587963,1.0986122886681096,1,0,0,1,0,0,1,1,1,1,1,0,1,1,1,0,1,1,0,0,1,0,0
ChIJKcjf8IHvqDsRZ3LhBPQV3hs,Ck's Bakery Mettupalayam,Mettupalayam,Mettupalayam,11.298721,76.939192,Bakery & Desserts,Not disclosed,4.8,184,1,5.220355825078325,98.0,33.90339412154375,3.8501476017100584,1,1,0,1,0,0,0,0,0,0,0,0,0,0,0,0,0,0,1,0,1,0,0
ChIJP7cFpLvuqDsRy1QVxfvulzo,NILAGIRI BAKERY,Mahadevapuram,Mettupalayam,11.307919,76.933014,Bakery & Desserts,Not disclosed,4.2,241,1,5.488937726156687,126.0,34.97684452938842,3.8501476017100584,1,0,0,1,0,0,1,0,0,0,0,0,0,0,0,0,0,0,0,1,1,0,0
ChIJv2sS1fnvqDsRRGchSFeYLRo,Mrs_Home Bakers,SM Nagar,Mettupalayam,11.30117,76.929018,Bakery & Desserts,Not disclosed,4.9,160,1,5.081404364984463,76.0,34.27159658127537,3.258096538021482,1,0,0,1,0,0,0,0,0,0,0,0,0,0,0,0,0,0,0,0,1,0,0
ChIJJcPOvEHvqDsRUYI2Bm9DfQU,Aroma Bakery,Mettupalayam,Mettupalayam,11.312677,76.930379,Multi-cuisine / General,Mid,4.1,113,0,4.736198448394496,168.0,35.53008849533977,3.1780538303479458,1,0,0,1,0,0,1,0,1,0,0,0,1,1,0,0,0,1,1,1,1,1,0
ChIJv9HmuCzvqDsRBZe3qHpRVqo,Annai cakes & bakers,Mettupalayam,Karamadai,11.281036,76.946402,Bakery & Desserts,Not disclosed,4.9,168,1,5.1298987149230735,72.0,31.892234063012676,2.4849066497880004,1,0,0,1,0,0,1,0,1,0,0,0,0,0,0,0,0,1,0,0,1,0,0
ChIJp9QwaOzvqDsRHvfPG9vU6fU,Vahi's Cakes...,Vasantham Nagar,Mettupalayam,11.297308,76.930199,Bakery & Desserts,Not disclosed,4.8,177,1,5.181783550292085,168.0,33.83127435327683,2.8903717578961645,1,0,0,1,0,0,1,0,1,0,0,0,0,0,0,0,0,1,1,1,1,0,0
ChIJlTwVngPvqDsR2hYY3YOkiDc,Aroma sweets and cakes,Mettupalayam,Mettupalayam,11.302541,76.938398,Bakery & Desserts,Not disclosed,4.6,20,1,3.044522437723423,123.66666666666667,34.33330759537553,3.9318256327243257,1,0,0,1,0,0,0,0,0,0,0,0,0,0,0,0,0,0,1,1,1,0,0
ChIJk_jZ2HfvqDsRtQOYKoB-4qw,Paradise Bakery,Mahadevapuram,Mettupalayam,11.302761,76.938271,Bakery & Desserts,Not disclosed,4.6,10,1,2.3978952727983707,119.0,34.358719770345274,3.912023005428146,1,0,0,0,0,0,0,0,0,0,0,0,0,0,0,0,0,0,0,1,1,0,0
ChIJp2oDh7_vqDsRPq6nlShQgKw,KRS Sweets And Bakery,Matheena Nagar,Mettupalayam,11.310101,76.93179,Bakery & Desserts,Not disclosed,4.1,44,0,3.8066624897703196,126.0,35.230517156757244,3.4011973816621555,0,0,0,0,0,0,0,0,0,0,0,0,0,0,0,0,0,0,0,1,1,0,0
ChIJVWuJSf7vqDsRDRmHbxhWzfM,Paradise Bakers,Katoor,Mettupalayam,11.300332,76.931866,Bakery & Desserts,Not disclosed,4.4,23,1,3.1780538303479458,119.0,34.148196819413954,3.9318256327243257,1,0,0,1,0,0,1,0,1,0,0,0,0,0,0,0,0,1,0,1,1,0,0
ChIJp3pyAADvqDsRSHHyYZJIC0w,Ragam Bakery,Dasampalayam,Mettupalayam,11.298346,76.939161,Bakery & Desserts,Budget,3.4,49,0,3.912023005428146,105.0,33.862045031332116,3.9318256327243257,1,0,0,1,0,0,1,0,0,0,0,0,0,0,0,0,0,0,0,1,1,1,0
ChIJtWC1XxHvqDsRo0AkNX4LOaw,Sha Bakes,Shanthi Nagar,Mettupalayam,11.293857,76.936238,Bakery & Desserts,Not disclosed,4.9,11,1,2.4849066497880004,65.0,33.388899117802865,3.7612001156935624,1,0,1,1,0,0,1,0,0,0,0,0,0,0,0,0,0,0,0,0,1,0,0
ChIJpYbDTeHvqDsR2MPSkAnF2ms,call for cake,Housing Unit,Mettupalayam,11.292171,76.940957,Bakery & Desserts,Not disclosed,3.8,49,0,3.912023005428146,84.0,33.16346614502855,3.5553480614894135,1,1,0,1,0,0,0,0,0,0,0,0,0,0,0,0,0,0,0,0,1,1,0
ChIJebKqobnuqDsR5ANbS-uVcw0,JAYAM BAKES,Mettupalayam,Mettupalayam,11.309203,76.937228,Bakery & Desserts,Not disclosed,4.4,22,1,3.1354942159291497,133.0,35.08151030930422,3.713572066704308,1,0,0,1,0,0,1,0,0,0,0,0,0,0,0,0,0,0,0,1,1,0,0
ChIJ1bTyBx7vqDsRbAvLUVKbEqE,Arafa Ooty Varkey Biscuit & Nannari Juice Shop,Mahadevapuram,Mettupalayam,11.301107,76.931915,Bakery & Desserts,Budget,4.8,80,1,4.394449154672439,102.0,34.23348625842124,3.9512437185814275,1,0,0,1,0,0,1,0,1,0,0,1,0,0,0,0,1,1,0,1,1,0,0
ChIJx_UoiNPvqDsRLXJ-LFASrDE,KRS BAKERY & FAMILY RESTAURANT,Mahadevapuram,Mettupalayam,11.303521,76.936485,Multi-cuisine / General,Budget,3.8,21,0,3.091042453358316,87.0,34.457822338800945,3.9512437185814275,1,0,0,0,0,0,1,1,0,0,0,0,1,1,0,0,1,1,0,0,0,0,0
ChIJewbEc27vqDsRa1HrIqDYklM,Sha Fast Food,Mettupalayam,Mettupalayam,11.300358,76.933178,Fast food & Quick bites,Not disclosed,4.7,13,1,2.639057329615259,84.0,34.13786795385073,3.9889840465642745,1,0,0,1,0,0,1,0,0,0,0,0,1,1,0,0,0,0,0,0,1,0,0
ChIJu5hFWwDrqDsRGLgv59CVNmo,Dindigul venu biriyani,Mettupalayam,Odanthurai,11.32247,76.915511,Multi-cuisine / General,Not disclosed,3.2,225,0,5.420534999272286,73.5,36.799585130313226,2.5649493574615367,0,0,0,0,0,0,0,0,0,0,0,0,0,0,0,0,0,0,0,0,1,1,0
ChIJT14tiSbrqDsR-0K6L9n_PI0,Food Land,Mettupalayam,Odanthurai,11.323223,76.91343,Multi-cuisine / General,Not disclosed,3.8,16,0,2.833213344056216,98.0,36.9140367629675,2.5649493574615367,1,0,0,1,0,0,0,0,0,0,0,0,0,0,0,0,0,0,0,0,1,0,0
ChIJCU3aF8vrqDsRpVQnuyzpCng,Nessto biriyani,Mettupalayam,Odanthurai,11.322733,76.915235,Biryani & Non-veg,Not disclosed,4.9,103,1,4.6443908991413725,72.0,36.83266234372541,2.5649493574615367,1,0,0,0,0,0,0,0,0,0,0,0,0,0,0,0,0,0,0,0,1,0,0
ChIJf67cz7vuqDsRaLONR26wPSg,SHA BIRIYANI MESS,Mettupalayam,Mettupalayam,11.308725,76.934729,Biryani & Non-veg,Mid,4.1,244,0,5.501258210544727,84.0,35.050088529949946,3.828641396489095,1,0,0,1,0,0,1,1,1,0,0,0,1,0,0,0,0,0,1,0,1,0,0
ChIJsU8xiCnvqDsRGd6p7Qjz-js,Paris Biriyani Hotel,Mahadevapuram,Mettupalayam,11.308438,76.932585,Biryani & Non-veg,Not disclosed,4.0,36,0,3.6109179126442243,98.0,35.038496143411166,3.828641396489095,0,0,0,1,0,0,1,1,1,0,0,0,1,0,0,0,0,0,0,0,1,0,0
ChIJDwAwcZXuqDsRsmnrtuGJZ2k,Zam Zam Biryani Center,Mettupalayam,Mettupalayam,11.30027,76.938889,Fast food & Quick bites,Not disclosed,3.3,55,0,4.02535169073515,112.0,34.07756278378754,3.912023005428146,0,0,0,1,0,0,1,0,0,0,0,0,0,0,0,0,0,0,0,1,1,0,0
ChIJl-xHTJfuqDsR8V9G0xpSWjM,Subbaiyan Mess,Vasantham Nagar,Mettupalayam,11.295266,76.930686,Multi-cuisine / General,Not disclosed,3.7,105,0,4.663439094112067,126.0,33.60003539646118,2.8903717578961645,0,0,0,0,0,0,1,0,0,0,0,0,0,0,0,0,0,0,0,1,1,0,0
ChIJvxymWGHvqDsReTf373RFnPY,Ansari Mess,Mahadevapuram,Mettupalayam,11.308805,76.931466,Multi-cuisine / General,Budget,4.5,11,1,2.4849066497880004,102.0,35.09029062069089,3.58351893845611,1,0,0,1,0,0,1,1,0,0,0,0,1,0,0,0,0,0,1,1,1,0,0
ChIJG5gU5fDrqDsRYDv7Hpw5WBs,NEW SRI AMMAN MESS,Coimbatore,Odanthurai,11.329164,76.904454,Multi-cuisine / General,Budget,4.2,997,1,6.905753276311464,112.0,37.71694951526548,0.6931471805599453,1,0,0,1,0,0,1,1,1,0,1,0,1,1,0,0,0,1,0,1,1,0,0
ChIJRZESxPLuqDsRYl4ty3p-7j0,Hotel Mani Mess,Chickadasampalayam,Chickadasampalayam,11.288231,76.942268,Vegetarian,Not disclosed,4.1,154,0,5.043425116919247,112.0,32.716928003636276,3.2188758248682006,0,0,0,1,0,0,1,0,0,0,0,0,0,0,0,0,0,0,0,1,1,0,0
ChIJmVXExl3vqDsRM3C2mh49c7o,Kaveri Mess,of,Mettupalayam,11.300473,76.938826,Multi-cuisine / General,Budget,3.8,17,0,2.8903717578961645,87.0,34.10057232463544,3.9318256327243257,0,0,0,0,0,0,1,1,0,0,0,0,1,0,0,0,0,0,0,0,0,0,0
ChIJDzW41PnvqDsR6ktTKYZ223g,AMMAN MESS,Chickadasampalayam,Chickadasampalayam,11.287642,76.942508,Multi-cuisine / General,Not disclosed,4.2,13,1,2.639057329615259,14.0,32.649904645527805,3.2188758248682006,1,0,0,0,0,0,1,1,0,0,0,0,1,0,0,0,0,0,0,0,1,1,0
ChIJZ-9B9SXvqDsRzr77m8u4mm8,Sree Ganapathy Mess,Mettupalayam,Mettupalayam,11.297331,76.939557,Multi-cuisine / General,Not disclosed,4.3,15,1,2.772588722239781,168.0,33.746395250404866,3.912023005428146,0,0,0,0,0,0,0,0,0,0,0,0,0,0,0,0,0,0,1,1,1,0,0
ChIJ9RLUKJbuqDsReFeCRWPZw5o,SOFIA MESS,KATTOOR,Mettupalayam,11.300297,76.933193,Vegetarian,Budget,4.1,227,0,5.429345628954441,96.0,34.13096515813551,3.9889840465642745,0,0,0,1,0,0,1,1,0,0,0,0,1,0,0,0,0,0,0,1,1,0,1
ChIJrzuhVPzrqDsR1zD-ziQ_-Ig,New Sri Annapoorna (Veg),Mettupalayam,Odanthurai,11.322923,76.914747,Vegetarian,Not disclosed,4.0,2261,0,7.724004656676065,108.5,36.86090373826189,2.5649493574615367,1,0,0,1,0,0,1,0,0,0,0,0,0,0,0,1,0,0,0,1,1,0,0
ChIJgcgt0n_rqDsRYafkWTFs4CA,Nagerkovil Arya Bhavan Mettupalayam,Mettupalayam,Odanthurai,11.322654,76.913881,Multi-cuisine / General,Mid,4.1,468,0,6.150602768446279,117.25,36.84445300168112,2.5649493574615367,1,1,0,1,0,0,1,1,0,0,1,0,1,1,0,1,1,1,0,1,1,0,1
ChIJJwduIBPvqDsRH-L3yVMVVdM,Sri Seetharamavilas Hotel (Veg),Mettupalayam,Mettupalayam,11.307341,76.933738,Vegetarian,Not disclosed,3.9,112,0,4.727387818712341,96.0,34.9059096408794,3.912023005428146,0,0,0,0,0,0,1,0,0,0,0,0,0,0,0,0,0,0,0,1,1,0,0
ChIJ38Y0L6hZqDsRVsfLitY6_h8,Sri Amutha Surabhi,R.S. Puram,Coimbatore,11.003425,76.956134,Vegetarian,Budget,3.9,1424,0,7.261927092702751,105.0,1.1372470926123621,5.497168225293202,1,0,0,1,0,1,1,1,1,1,1,0,1,1,0,0,1,1,0,1,1,0,1
ChIJT2n3BnY5qDsRq-I6HG64_ig,The Biriyani Bliss,Venkatasa Colony,Pollachi,10.665533,77.005327,Multi-cuisine / General,Not disclosed,4.5,93,1,4.543294782270004,63.0,36.903742059672325,4.418840607796598,1,0,0,1,0,0,0,0,0,0,0,0,0,0,0,0,0,0,0,0,1,0,0
ChIJt1V0eNo5qDsRsT2yqzw4QMc,Star Biriyani,Vinayagar Kovil,Pollachi,10.656919,77.003631,Biryani & Non-veg,Mid,4.3,225,1,5.420534999272286,123.0,37.83063096503034,3.9889840465642745,1,0,0,1,1,0,1,1,1,1,1,1,1,1,0,0,1,1,1,1,1,0,0
ChIJc7L8pl85qDsRKIheb8cMJwE,BHR biriyani House,Arumugam Nagar,Pollachi,10.667979,77.010377,Biryani & Non-veg,Not disclosed,3.7,619,0,6.429719478039138,89.86666666666666,36.71037985741508,4.382026634673881,1,0,0,1,0,0,1,0,0,0,0,0,0,0,0,0,0,0,1,0,1,0,0
ChIJ93l-XgA5qDsRRTKrmAJ7qGI,KCS 11 STAR BIRIYANI,Vinayagar Kovil,Pollachi,10.65981,77.005729,Multi-cuisine / General,Mid,4.6,145,1,4.983606621708336,80.5,37.54044436159697,4.330733340286331,1,0,0,1,0,0,1,1,1,0,0,0,1,1,0,0,0,1,0,0,1,0,0
ChIJXXVles85qDsRVqL8P6JTCRk,POLLACHI PHAVAN MESS🦚,Pollachi,Pollachi,10.663306,77.008025,Biryani & Non-veg,Not disclosed,4.0,423,0,6.049733455231958,84.0,37.188488582463805,4.59511985013459,1,1,0,1,0,0,0,0,0,0,0,0,0,0,0,0,0,0,0,0,1,0,0
ChIJG8HTHSo4qDsRXl-WvIp61qI,Arafah Briyani Restaurant,Pollachi,Pollachi,10.667476,77.009334,Multi-cuisine / General,Mid,4.0,2082,0,7.641564441260972,84.0,36.74931580829844,4.406719247264253,1,0,0,1,0,0,1,1,1,0,1,0,1,1,0,0,1,1,0,0,1,0,0
ChIJX31hO6g5qDsRAPnb_qvt-VE,ASHIQ BIRIYANI,Vinayagar Kovil,Pollachi,10.660593,77.001409,Multi-cuisine / General,Not disclosed,4.1,120,0,4.795790545596741,79.0,37.39604627477606,4.02535169073515,1,0,0,1,0,0,1,0,0,0,0,0,0,0,0,0,0,0,1,0,1,0,0
ChIJNTA1sVo5qDsRjo7m_-RGd0g,SNS Biriyani Fast Food,Venkatasa Colony,Pollachi,10.668852,77.007023,Biryani & Non-veg,Budget,4.0,387,0,5.961005339623274,84.0,36.562627247843956,4.31748811353631,1,0,0,1,0,0,1,1,1,0,1,0,1,1,0,0,1,1,0,0,1,0,0
ChIJwx8tOZw5qDsRqFMWMMrnwLs,MHR BIRIYANI,Puliampatti,Pollachi,10.657889,77.008868,Biryani & Non-veg,Not disclosed,4.7,30,1,3.4339872044851463,56.0,37.79777210994381,4.189654742026425,1,0,0,1,0,0,0,0,0,0,0,0,0,0,0,0,0,0,0,0,1,0,0
ChIJf-QanaI6qDsRe8yQVsc-IQ4,Taj Biryani,Pollachi,Angalakurichi,10.55287,77.001301,Biryani & Non-veg,Mid,3.9,3586,0,8.185071477532283,71.0,49.31113779530813,0.6931471805599453,1,0,0,1,0,0,1,1,1,0,0,0,1,1,0,0,1,0,0,0,1,0,0
ChIJM4uLI4c3qDsRvuUT373S2C0,Dindigul Venu Biriyani,Pollachi,Pollachi,10.668774,77.012508,Biryani & Non-veg,Not disclosed,3.4,1565,0,7.356279876550748,73.5,36.65763957800273,4.23410650459726,0,0,0,0,0,0,1,0,0,0,0,0,0,0,0,0,0,0,0,0,1,1,0
ChIJnSQE9wk5qDsRb-B7IGZDjow,Bismillah briyani,Vinayagar Kovil,Pollachi,10.660088,77.006633,Multi-cuisine / General,Not disclosed,4.6,36,1,3.6109179126442243,87.0,37.52266115580143,4.442651256490317,1,0,0,1,0,0,1,0,1,0,0,0,1,1,0,0,0,0,0,0,0,0,0
ChIJ3zDMXBM3qDsRUFGIsuBoW3w,Bai kadai biriyani,Marapettai,Pollachi,10.657244,77.011477,Fast food & Quick bites,Not disclosed,3.8,289,0,5.66988092298052,77.5,37.90887680896127,4.04305126783455,1,0,0,1,0,0,1,0,0,0,0,0,0,0,0,0,0,0,0,0,1,0,0
ChIJj1Zg9yk4qDsR_kX5ZtNFees,New Hyderabad Biryani,Arumugam Nagar,Pollachi,10.667905,77.009593,Biryani & Non-veg,Not disclosed,3.3,420,0,6.042632833682381,77.25,36.70614511945361,4.406719247264253,0,0,0,1,0,0,0,0,0,0,0,0,0,0,0,0,0,0,0,0,1,0,0
ChIJv-RxVgA3qDsRTeYTgtdk7ho,GRILL HOUSE,Marapettai,Pollachi,10.657217,77.010949,Multi-cuisine / General,Mid,4.7,231,1,5.44673737166631,77.0,37.903571716605434,4.04305126783455,0,0,0,0,0,0,1,0,0,0,0,0,1,1,0,0,0,1,0,0,1,0,0
ChIJ_blaIR85qDsRYHDpA21s_LE,Flavours by sk,Pollachi,Pollachi,10.663085,77.013386,Biryani & Non-veg,Not disclosed,4.6,208,1,5.342334251964811,70.0,37.29746017579334,4.51085950651685,1,1,0,1,0,0,0,0,0,0,0,0,0,0,0,0,0,0,0,0,1,0,0
ChIJy_8_j9E5qDsRKVFaIpXPHH4,Thaadi Biriyani,Vinayagar Kovil,Pollachi,10.655773,77.000962,Biryani & Non-veg,Premium,3.8,272,0,5.60947179518496,19.5,37.92279687543431,3.5263605246161616,1,0,0,1,0,0,1,1,1,0,0,0,1,1,0,0,0,1,0,0,1,0,0
ChIJ59ywO3k3qDsRlIj72gRhbXI,BIRZZA BIRIYANI,Indra Nagar,Pollachi,10.667749,77.015477,Cafe & Beverages,Not disclosed,4.8,83,1,4.430816798843313,73.5,36.82090758920696,4.110873864173311,1,0,0,1,0,0,0,0,0,0,0,0,0,0,0,0,0,0,0,0,1,0,0
ChIJUYgreB_vqDsR9c-U-oRwIqk,Hotel haji thangappa rowther,Mahadevapuram,Mettupalayam,11.304368,76.936069,Multi-cuisine / General,Mid,3.4,146,0,4.990432586778736,84.0,34.55531135004961,3.9318256327243257,1,0,0,1,0,0,1,1,1,0,1,0,1,1,0,0,1,1,0,0,1,0,0
ChIJzfn_Nyr3qDsRIamnoNHU4Kg,Hotel Sri Amuthaas,Narasimhanaickenpalayam,Narasimhanaickenpalayam,11.113078,76.935568,South Indian & Regional,Not disclosed,3.9,1814,0,7.503840746698951,108.5,13.472401445305037,3.367295829986474,1,0,0,1,0,1,1,0,0,1,0,0,0,0,0,0,0,0,0,1,1,0,0
ChIJ94RstHXvqDsRWgEJ0Wq1Ze4,HOMEMADE TN 43 Restaurant,Odanthurai,Odanthurai,11.317182,76.923041,North Indian & Global,Not disclosed,3.3,710,0,6.566672429803241,91.0,36.11276287290114,2.1972245773362196,0,0,0,1,0,0,1,0,0,0,0,0,0,0,0,0,0,0,0,0,1,0,0
ChIJp8XoJ5DrqDsRHCRagTh8w5s,Grand Anjappar By G Cube Hotels,Odanthurai,Mettupalayam,11.322689,76.915232,Multi-cuisine / General,Not disclosed,4.5,667,1,6.504288173536645,84.0,36.827860534425284,2.5649493574615367,1,1,0,1,1,0,1,1,1,1,1,0,1,1,0,0,1,1,0,0,1,0,0
ChIJgaZeAH6VqDsRYVd4qZXJ8ZI,My Momo House,Wellington,Wellington,11.367762,76.784804,North Indian & Global,Budget,4.8,830,1,6.7226297948554485,70.0,45.74738842704211,0.0,1,0,0,1,0,0,1,0,1,0,0,0,1,1,0,0,1,1,0,0,1,0,0
ChIJiyvfChLvqDsR6GxHMSpqDSA,Zwarma Mettupalayam,Dasampalayam,Mettupalayam,11.297913,76.939235,Fast food & Quick bites,Not disclosed,3.7,64,0,4.174387269895637,87.0,33.81344337341234,3.9318256327243257,1,0,0,0,0,0,0,0,0,0,0,0,0,0,0,0,0,0,0,0,0,0,0
ChIJ85D3w7bvqDsRFSNUrDaIlO0,Pepper Pinch,Chickadasampalayam,Chickadasampalayam,11.288111,76.942347,Multi-cuisine / General,Not disclosed,4.8,22,1,3.1354942159291497,87.0,32.70306287427429,3.2188758248682006,1,0,0,1,0,0,1,0,1,0,0,0,0,0,0,0,0,1,0,0,0,0,0
ChIJ1bwDjJ3rqDsRyquC-WIiiQ8,Ice Bowl,Mettupalayam,Odanthurai,11.323091,76.913551,Bakery & Desserts,Not disclosed,4.1,23,0,3.1780538303479458,91.0,36.8976377360546,2.5649493574615367,1,0,0,0,0,0,1,0,0,0,0,0,0,0,0,1,0,0,0,0,1,0,0
ChIJf2-25IjtqDsR6JjYozQ_2Vw,Boomerang,Coimbatore,Odanthurai,11.321608,76.916191,Bakery & Desserts,Not disclosed,4.1,99,0,4.605170185988092,80.5,36.69458522104521,2.639057329615259,0,0,0,1,0,0,0,0,0,0,0,0,0,0,0,0,0,0,0,0,1,1,0
ChIJUfNN2hFZqDsRHiCPF5NmRuo,Dairy Day Ice Cream,Veerapandi Pirivu,Coimbatore,10.99853,76.952301,Bakery & Desserts,Not disclosed,4.0,12,0,2.5649493574615367,87.5,1.0850726052144701,5.247024072160486,0,0,0,1,0,0,0,0,0,0,0,0,0,0,0,0,0,0,0,0,1,0,0
ChIJNSTKHQDvqDsR8fXO3NrRQXU,Baskin Robbins Mettupalayam,Mettupalayam,Odanthurai,11.320492,76.918944,Bakery & Desserts,Not disclosed,4.8,60,1,4.110873864173311,84.0,36.53233242228312,2.772588722239781,1,0,0,1,0,0,1,0,0,0,0,0,0,1,0,0,0,1,0,0,1,0,0
ChIJVQ0vw9fvqDsRxNdiOLt3Bgg,Zaihu Mandi Restaurant,Mahadevapuram,Mettupalayam,11.306715,76.933055,Multi-cuisine / General,Mid,4.7,169,1,5.135798437050262,82.0,34.84309694071294,3.912023005428146,1,0,0,0,0,0,1,0,0,0,0,0,1,0,0,0,0,0,1,0,1,0,0
ChIJIVblmW7vqDsR30yGwoK7-lw,Hotel MAAS,Mettupalayam,Mettupalayam,11.312626,76.930686,Multi-cuisine / General,Not disclosed,3.7,406,0,6.008813185442595,87.5,35.521268412466384,3.1780538303479458,0,0,0,0,0,0,1,0,0,0,0,0,0,0,0,0,0,0,1,0,1,0,0
ChIJaRr3Rv_rqDsRKhuG_nTlvtU,Breeze Land - A Tea Point,Mettupalayam,Odanthurai,11.323187,76.913383,Cafe & Beverages,Not disclosed,4.3,116,1,4.762173934797756,115.5,36.910801538777946,2.5649493574615367,0,0,0,1,0,0,1,0,0,0,0,0,0,0,0,0,0,0,0,1,1,0,0
ChIJpz_R7RbvqDsRKV9YZDTZFmg,Tea Zone Coffee Shop,Mettuppalayam,Mettupalayam,11.30927,76.945565,Multi-cuisine / General,Not disclosed,4.3,11,1,2.4849066497880004,133.75,35.03232746473277,1.3862943611198906,1,0,0,1,0,0,1,0,0,0,0,0,1,1,0,0,0,0,1,1,1,0,0
ChIJz5ymg6vvqDsR026iCoyz9HY,HOTEL Tea point Tea Stall,Mettupalayam,Mettupalayam,11.313417,76.930889,Multi-cuisine / General,Not disclosed,4.5,44,1,3.8066624897703196,133.0,35.606754852873834,3.1780538303479458,1,0,0,1,0,0,0,0,0,0,0,0,0,0,0,0,0,0,1,1,1,0,0
ChIJ8_fAbQD7qDsRNZNq3BVEkeY,SRI SAKTHI BAKES & CAFE POINT,Kariyampalayam Pirivu,Coimbatore,11.201473,77.07774,Bakery & Desserts,Budget,4.3,27,1,3.332204510175204,120.75,26.273533505302822,1.3862943611198906,0,0,0,0,0,0,1,0,0,0,0,0,0,0,0,0,0,0,0,1,1,0,0
ChIJ6U0HgOT9qDsRvA8uxo1O2rc,One More Bite (Homemade),Annur,Annur,11.231955,77.10214,Bakery & Desserts,Premium,4.9,73,1,4.304065093204169,63.0,30.534946660232247,3.5553480614894135,1,0,0,1,0,0,1,0,1,0,0,0,0,0,0,0,0,0,0,0,1,0,0
ChIJd5MJNfX9qDsRj5dT-osk46M,"ராகம் பேக்கரி, Ragam bakery,",Annur,Annur,11.23237,77.111276,Bakery & Desserts,Not disclosed,4.0,592,0,6.385194398997726,119.86666666666666,31.087440170912583,3.4965075614664802,1,0,0,0,0,0,0,0,0,0,0,0,0,0,0,0,0,0,1,1,1,0,0
ChIJocXreQD9qDsR80yTCM6kIKM,Tun tun cafe,Annur,Annur,11.237496,77.106932,Bakery & Desserts,Not disclosed,5.0,11,1,2.4849066497880004,84.0,31.33068516074793,3.58351893845611,0,0,0,0,0,0,0,0,0,0,0,0,0,0,0,0,0,0,0,0,1,0,0
ChIJITxHvzb7qDsRb2_IWCIt6mU,Annur Baniyan Tea Kadai ☕,mailkal,Karegoundanpalayam,11.214759,77.084676,Bakery & Desserts,Not disclosed,4.3,469,1,6.152732694704104,106.75,27.932554392022197,2.1972245773362196,0,0,0,0,0,0,0,0,0,0,0,0,0,0,0,0,0,0,0,1,1,0,0
ChIJeX2tIpP9qDsRLTXBdgdxyXs,Vaigai bakes,pirivu,Annur,11.229046,77.119801,Bakery & Desserts,Budget,3.8,650,0,6.478509642208569,119.0,31.277973115891662,2.639057329615259,0,0,0,1,0,0,1,0,0,0,0,0,1,0,0,0,0,0,0,1,1,0,0
ChIJHbqmjUD_qDsRdCzpztvvxtc,Ganesh Bakery Annur Road,Coimbatore,Arasur,11.085825,77.122379,Cafe & Beverages,Not disclosed,3.9,229,0,5.438079308923196,108.5,20.286879780057568,0.6931471805599453,0,0,0,1,0,0,0,0,0,0,0,0,0,0,0,0,0,0,0,1,1,0,0
ChIJZ0rjwXH9qDsRKq2k5qQ79Q8,Daksha Home Cakes,Annur,Annur,11.231126,77.105433,Bakery & Desserts,Not disclosed,5.0,20,1,3.044522437723423,84.0,30.638053493552977,3.5553480614894135,1,0,0,1,0,0,0,0,0,0,0,0,0,0,0,0,0,0,0,0,1,0,0
ChIJNXo9la_8qDsRfwBjJdtZ3H8,Maharaja bakery,Annur,Annur,11.23217,77.11248,Bakery & Desserts,Not disclosed,3.7,63,0,4.1588830833596715,168.0,31.137877741448367,3.367295829986474,0,0,0,0,0,0,0,0,0,0,0,0,0,0,0,0,0,0,1,1,1,0,0
ChIJeTrj0mH7qDsRntAR9pon4-k,No.1 Bakery,Komarapalayam,Annur,11.216395,77.101921,Cafe & Beverages,Not disclosed,4.0,23,0,3.1780538303479458,94.5,29.040092739640336,0.0,0,0,0,1,0,0,1,0,0,0,0,0,1,1,1,0,0,0,0,1,1,0,0
ChIJH8AT4af8qDsRiKaX_eKDC3k,Nellai Prabhu Lala Sweets,Am Colony,Annur,11.230317,77.103646,Bakery & Desserts,Not disclosed,4.4,739,1,6.606650186198215,108.5,30.46107230874351,3.5263605246161616,1,0,0,1,0,0,1,0,1,0,0,0,0,0,0,0,1,1,0,1,1,0,0
ChIJPXGVJEj7qDsR1kAQcyZHPR0,Thanvi Bakes And Hotel,Annur,Odderpalayam,11.233803,77.09335,Bakery & Desserts,Not disclosed,4.8,13,1,2.639057329615259,87.0,30.244589246203436,2.5649493574615367,1,0,0,1,0,0,0,0,0,0,0,0,0,0,0,0,0,0,0,0,0,0,0
ChIJ5U8qLmT7qDsRPZ89Yk8tS_U,Sri Dharsana bakes,Karegoundanpalayam,Karegoundanpalayam,11.202056,77.078062,Bakery & Desserts,Not disclosed,4.0,37,0,3.6375861597263857,122.5,26.347261060951485,1.3862943611198906,1,0,1,1,0,0,1,0,0,0,0,0,0,0,0,1,0,0,0,1,1,0,0
ChIJS2SEOZvkqDsRvpoe3IPgncA,Sanjana's Cakes n Bakes,Annur,Vadakkalur,11.267208,77.094285,Bakery & Desserts,Not disclosed,4.6,11,1,2.4849066497880004,77.0,33.60137024047703,0.0,1,0,0,1,0,0,1,0,1,0,0,0,0,0,0,0,0,0,0,1,1,0,0
ChIJ9avR2Dj9qDsRLYR-pn7MsMs,Mr bakery,Chennappachettipudhur,Paduvampalli,11.160828,77.114406,Bakery & Desserts,Budget,4.4,18,1,2.9444389791664403,87.0,24.908231308429727,0.0,0,0,0,0,0,0,1,0,1,0,0,0,1,0,0,0,0,1,0,0,0,0,0
ChIJfahWcVH9qDsRQBuDF66lcFw,RSR Cafe,Annur,Annur,11.212801,77.126745,Multi-cuisine / General,Not disclosed,4.6,16,1,2.833213344056216,105.0,30.235336178071847,0.0,1,0,0,1,0,0,0,0,0,0,0,0,0,0,0,0,0,0,0,1,1,0,0
ChIJKeCKx_X9qDsRpNDECdC1GwI,TEAFFEE CAFE,Kunnathuranpalayam,Annur,11.225383,77.125079,Cafe & Beverages,Not disclosed,4.5,62,1,4.143134726391533,105.0,31.264724971588638,2.0794415416798357,1,0,0,1,0,0,0,0,0,0,0,0,0,0,0,0,0,0,0,1,1,0,0
ChIJ80SGKlb7qDsRYpGkO-e6m1A,Lalithas Hotel Veg A/C,Annur,Annur,11.233111,77.100546,Vegetarian,Not disclosed,4.0,2390,0,7.779466967458324,115.5,30.559326351096715,3.4965075614664802,0,0,0,1,0,0,1,0,0,0,0,0,0,0,0,0,0,0,0,1,1,0,0
ChIJ6S2qBBT9qDsRtOxLWCstC20,Casa Food Lounge,Annur,Annur,11.232166,77.112469,Multi-cuisine / General,Budget,4.0,102,0,4.634728988229636,84.0,31.13686508634409,3.367295829986474,1,0,0,1,0,0,1,1,1,1,1,1,1,1,0,0,0,1,0,0,1,0,0
ChIJTUfLJnT9qDsReLfM0hBeYQM,AL-Habiba,Sathy Road Pirivu,Annur,11.233688,77.105771,North Indian & Global,Mid,4.6,122,1,4.812184355372417,73.5,30.90169631586226,3.5263605246161616,1,0,0,1,0,0,1,1,1,0,1,0,1,1,0,0,1,1,0,0,1,0,0
ChIJaR-jCwD7qDsRliFc7TQkgEs,KUKU BHAVANAM – Best Veg Restaurant in Annur | South Indian Meals | Breakfast | Lunch | Dinner | Snacks,Annur,Annur,11.224985,77.093576,Vegetarian,Not disclosed,3.8,179,0,5.19295685089021,109.5,29.39819118173834,2.4849066497880004,1,0,0,1,0,0,0,0,0,0,0,0,0,0,0,0,0,0,0,1,1,0,0
ChIJA-Ki60L7qDsRZsq7LvA8ubA,"New Delhi Dhaba Restaurant, உணவகம்",Annur,Odderpalayam,11.220556,77.089159,Multi-cuisine / General,Premium,3.9,649,0,6.476972362889683,84.0,28.73321948432097,2.302585092994046,1,0,0,0,0,0,1,1,1,0,1,0,1,1,1,0,1,1,0,0,1,0,0
ChIJx5wrx_P7qDsRX0C9h8rEwZs,Marudham Family Restaurant,Mailkal,Karegoundanpalayam,11.212122,77.083292,Multi-cuisine / General,Not disclosed,4.2,70,1,4.2626798770413155,84.0,27.602880550215467,1.9459101490553132,1,0,0,1,0,0,0,0,0,0,0,0,0,0,0,0,0,0,0,0,1,0,0
ChIJrV-cNjD9qDsRtv4xqOv2wxk,Annur Fast Food,Annur,Annur,11.229563,77.105696,Fast food & Quick bites,Not disclosed,5.0,44,1,3.8066624897703196,132.5,30.503814389411957,3.4657359027997265,1,0,0,0,0,0,0,0,0,0,0,0,0,0,0,0,0,0,1,1,1,0,0
ChIJQ9_AlD_5qDsRdN6bn3cmPbs,Junior Kuppanna Restaurant Annur,Teachers Colony,Annur,11.228807,77.097773,Biryani & Non-veg,Mid,3.4,933,0,6.839476438228843,77.0,29.99373347689276,3.091042453358316,1,0,0,1,0,0,1,1,0,1,1,0,1,1,0,0,1,1,0,0,1,0,0
ChIJRwJSK2j7qDsR-m7SdMe058M,Nila Restaurant,Annur,Odderpalayam,11.218329,77.088259,Multi-cuisine / General,Premium,3.9,607,0,6.410174881966167,84.0,28.4690876674314,2.302585092994046,0,0,0,1,0,0,1,1,1,1,1,0,1,1,1,0,1,1,0,0,1,0,0
ChIJv0Ndfbr9qDsRO4bsZEPqEks,Nayakkar Mess,Coimbatore,Annur,11.244289,77.107848,Multi-cuisine / General,Mid,4.0,131,0,4.882801922586371,105.0,32.03376982906818,1.9459101490553132,0,0,0,0,0,0,1,1,0,0,0,0,1,0,0,0,0,0,0,1,1,0,0
ChIJ-2mNUqf9qDsRFrgLJZQdSog,BBQ MAFIA ANNUR,Coimbatore,Annur,11.232172,77.112481,Biryani & Non-veg,Mid,4.4,15,1,2.772588722239781,70.5,31.138124143581145,3.367295829986474,1,0,0,0,0,0,1,1,1,1,1,0,1,1,0,0,0,1,0,0,1,0,0
ChIJsytJ0Kj8qDsRweEp63vRUmw,Iyarkai Biriyani,Annur,Coimbatore,11.232856,77.107672,Biryani & Non-veg,Not disclosed,4.2,169,1,5.135798437050262,75.0,30.928670467651777,3.4965075614664802,0,0,0,1,0,0,0,0,0,0,0,0,0,0,0,0,0,0,1,0,1,0,0
ChIJDRv83Gv7qDsR_KL1D-yxNIk,G.S.Sabarish catering and hotel,Coimbatore,Karegoundanpalayam,11.215133,77.084529,South Indian & Regional,Budget,4.3,266,1,5.58724865840025,103.5,27.96129456139888,2.1972245773362196,1,0,0,1,0,0,1,1,1,0,0,0,1,1,0,0,1,0,0,1,1,0,0
ChIJDfw2l077qDsRAagI31sOLqg,Apple Restaurant Annur,Annur,Odderpalayam,11.233337,77.09511,Multi-cuisine / General,Not disclosed,3.8,392,0,5.973809611869261,84.0,30.291054662357304,2.772588722239781,1,0,0,0,0,0,0,0,0,0,0,0,0,0,0,0,0,0,0,0,1,0,0
ChIJ1-XK4n77qDsRdjkJoucxRLE,Masala Cafe and Restaurant Annur,Kariyambalayam,Karegoundanpalayam,11.206573,77.080502,Multi-cuisine / General,Budget,4.4,537,1,6.2878585601617845,87.0,26.91560268466422,1.6094379124341003,1,0,1,0,0,0,1,0,1,0,0,0,1,1,1,0,0,0,0,0,0,0,0
ChIJOwNRdwDlqDsRb3-WItbwv18,NALLAMMAL GRAMIYA VIRUNTHU,Annur,Odderpalayam,11.244813,77.063812,Multi-cuisine / General,Not disclosed,4.2,214,1,5.3706380281276624,92.0,29.982374987859554,0.6931471805599453,1,0,0,0,0,0,0,0,0,0,0,0,0,0,0,0,0,0,0,1,1,0,0
ChIJS43SGgDlqDsRMVxGTF9rOIk,HOTEL APOORVAA - Pure Veg Restaurant,Annur,Odderpalayam,11.244528,77.063985,Multi-cuisine / General,Not disclosed,4.1,669,0,6.507277712385012,115.5,29.960018442592983,0.6931471805599453,1,0,0,0,0,0,1,0,0,0,0,0,0,0,0,0,0,0,0,1,1,0,0
ChIJcX-3rVL7qDsRs_Y1lDAQeKU,Aalan Beef biriyani hotel,Annur,Annur,11.233094,77.102283,Biryani & Non-veg,Budget,4.8,43,1,3.784189633918261,168.0,30.652289241408027,3.5553480614894135,0,0,0,1,0,0,1,1,0,0,0,0,1,1,0,0,0,0,1,1,1,0,0
ChIJCdhSLX39qDsRLq0FUrrSdDg,Veetumuraipadi Samayal - VMS FOOD,Annur,Annur,11.239616,77.10625,Multi-cuisine / General,Not disclosed,4.7,15,1,2.772588722239781,60.0,31.496693659381137,3.295836866004329,1,0,0,1,0,0,0,0,0,0,0,0,0,0,0,0,0,0,0,1,1,0,0
ChIJC0ckowz7qDsRIruUSpeSk7Q,SRI SAKTHI ANNA POORNA HOTEL,COIMBATORE,Karegoundanpalayam,11.202423,77.078482,Biryani & Non-veg,Budget,3.7,877,0,6.777646593635117,112.0,26.40513640895872,1.3862943611198906,1,0,0,1,0,0,1,1,1,0,1,0,1,1,0,0,0,0,0,1,1,0,0
ChIJE_LZ1vf9qDsRynvr7KpfLNA,Hotel Suriya's,Annur,Annur,11.232748,77.106072,Multi-cuisine / General,Budget,3.9,43,0,3.784189633918261,87.0,30.82863497203454,3.5263605246161616,0,0,0,0,0,0,1,1,0,0,1,0,1,1,0,0,0,0,0,0,0,0,0
ChIJq8Tfyqn8qDsRrenYoIa0se0,HOTEL KASTHURI BHAVAN,Annur,Annur,11.23334,77.103687,Multi-cuisine / General,Not disclosed,4.0,153,0,5.0369526024136295,108.5,30.753003573510465,3.6375861597263857,1,0,0,1,0,0,1,0,0,0,0,0,0,0,0,0,0,0,0,1,1,0,0
ChIJcS_9Tij7qDsRRXGQp9buROM,Dharani Mess,Kurukkiliyampalayam,Kurukkiliyampalayam,11.239168,77.078024,Multi-cuisine / General,Not disclosed,3.9,259,0,5.560681631015528,51.0,30.024484053079135,0.6931471805599453,0,0,0,1,0,0,1,0,0,0,0,0,0,0,0,0,0,0,0,0,1,0,0
ChIJxx95EAD9qDsRRsR_fZ2bubk,Mohan Mes,Annur,Annur,11.231926,77.113232,Multi-cuisine / General,Premium,4.2,19,1,2.995732273553991,87.0,31.15841412065884,3.332204510175204,0,0,0,0,0,0,1,1,1,0,0,0,1,1,0,0,0,0,0,0,0,0,0
ChIJIy5CJohZqDsRBGCOop7IuaQ,BALUR,Ram Nagar,Coimbatore,11.007496,76.965527,Multi-cuisine / General,Budget,4.4,14,1,2.70805020110221,87.0,1.5030606191114517,4.941642422609304,1,0,0,1,0,0,1,0,0,0,0,0,0,1,0,0,0,0,0,0,0,0,0
ChIJ7-shALpZqDsRwDyDJKINb1U,KONGUMASALA CATERING,R.S. Puram,Coimbatore,11.011073,76.956247,Biryani & Non-veg,Not disclosed,3.8,359,0,5.886104031450156,84.0,1.9161240843193486,5.438079308923196,1,0,0,1,0,0,1,0,0,0,0,0,0,0,0,0,0,0,0,0,1,0,0
ChIJPQS8a6hZqDsR0AYBTigMG-4,Dass Lodge Canteen,Ram Nagar,Coimbatore,11.003976,76.965882,Multi-cuisine / General,Budget,3.9,274,0,5.616771097666572,90.0,1.1516403116112723,4.962844630259907,1,0,0,1,0,0,1,0,0,0,0,0,1,0,0,0,0,0,0,0,1,0,0
ChIJefCfJQRZqDsROvR2woL87xE,Akka Kadai,R.S. Puram,Coimbatore,11.006062,76.957873,South Indian & Regional,Budget,4.2,681,1,6.525029657843462,67.0,1.3313903053424683,5.442417710521793,1,0,0,1,0,0,1,1,0,0,0,0,1,1,0,0,0,1,0,0,1,1,0
ChIJ8VSrCgRZqDsRYUgEXrZNibY,Mahe's Kitchen (OG Akka Kadai),R.S. Puram,Coimbatore,11.008009,76.95706,Multi-cuisine / General,Not disclosed,4.2,431,1,6.068425588244111,31.5,1.5644575029414847,5.3981627015177525,1,0,0,1,0,0,1,0,0,0,0,0,0,0,0,0,0,0,1,0,1,0,0
ChIJqaEWuAZVqDsRs7e4v_76Yuw,NEW ROWTHER BIRYANI & RESTAURANT,Coimbatore,Kodangipalayam,11.026811,77.186195,Biryani & Non-veg,Not disclosed,4.2,26,1,3.295836866004329,66.0,24.795969170509682,0.0,1,0,0,0,0,0,1,0,0,0,0,0,0,0,0,0,0,0,0,0,1,0,0
ChIJD02SJTb7qDsRNtCTdicslsg,Arafa biriyani,Annur,Annur,11.233046,77.099587,Biryani & Non-veg,Premium,3.7,26,0,3.295836866004329,87.0,30.501195166539123,3.4339872044851463,0,0,0,1,0,0,1,1,1,0,0,0,1,1,0,0,0,0,0,0,0,0,0
ChIJxwtkcQ75qDsRZDko_XMaZ2s,GeeDee Biriyani A Family Restaurant,Kovilpalayam,Sarcarsamakulam,11.126798,77.030767,Multi-cuisine / General,Not disclosed,3.8,539,0,6.29156913955832,84.0,16.534422866099256,0.6931471805599453,1,1,0,1,0,0,1,0,0,0,0,0,0,0,0,0,0,0,0,0,1,0,0
ChIJ5bPIL8H5qDsR_zk-T0QUcp8,New Anandhaa Vegetarian Restaurant,Sarcarsamakulam,Sarcarsamakulam,11.122443,77.029838,South Indian & Regional,Not disclosed,3.8,3502,0,8.161375023197486,108.5,16.058051658940876,0.6931471805599453,0,0,0,1,0,0,1,0,0,0,0,0,0,0,0,0,0,0,0,1,1,0,0
ChIJ3cXdf3_9qDsRE5_vfkUbcrw,Kathirmathi Karaikudi Chettinad Hotel,Kanjapalli,Kumaragoundanpudur,11.221348,77.141041,Multi-cuisine / General,Budget,3.6,16,0,2.833213344056216,87.0,31.935928144393884,0.6931471805599453,0,0,0,0,0,0,1,1,0,0,0,0,1,0,0,0,0,0,0,0,0,0,0
ChIJM8hIcwD7qDsRsxI4BNRFWTo,Sri Hotel Annur,Annur,Annur,11.220775,77.089674,South Indian & Regional,Not disclosed,3.9,22,0,3.1354942159291497,87.0,28.781796979798646,2.302585092994046,0,0,0,1,0,0,0,0,0,0,0,0,0,0,0,0,0,0,0,0,0,0,0
ChIJ1_S0q-D8qDsRwtLJg2VNmlo,NV Hotel,Kumaragoundanpudur,Kumaragoundanpudur,11.220925,77.143017,South Indian & Regional,Mid,4.1,74,0,4.31748811353631,69.0,32.03175069948912,0.6931471805599453,1,0,0,0,0,0,1,1,1,0,0,0,1,1,0,0,0,0,0,0,1,0,0
ChIJxSLbdwD9qDsRdGI8CjiKeKg,Healthy Krunch,Annur,Annur,11.232262,77.11186,Bakery & Desserts,Not disclosed,4.9,11,1,2.4849066497880004,108.5,31.110805955193772,3.4339872044851463,1,0,0,1,0,0,0,0,0,0,0,0,0,0,0,0,0,0,0,1,1,0,0
ChIJU9WUNWr_qDsRx3uPwjFBiMI,Saaral bakes &cakes,Coimbatore,Arasur,11.094705,77.126772,Bakery & Desserts,Budget,4.0,322,0,5.777652323222656,109.5,21.204501536467575,1.0986122886681096,1,0,0,1,0,0,1,0,1,0,0,0,1,0,0,0,1,1,0,1,1,0,0
ChIJI_N-TTL9qDsRU8hg7k2M8_g,Madurai Famous Jigarthanda,Annur,Annur,11.232914,77.106442,Cafe & Beverages,Not disclosed,4.5,59,1,4.0943445622221,73.5,30.865168936866077,3.5263605246161616,1,1,0,1,0,0,0,0,0,0,0,0,0,0,0,0,0,0,0,0,1,1,0
ChIJffjRowb9qDsRMk5dife1nQw,Black pekoe tea,Annur,Annur,11.232635,77.106769,Cafe & Beverages,Not disclosed,4.4,38,1,3.6635616461296463,113.0,30.85686636440553,3.4965075614664802,1,0,0,1,0,0,1,0,1,0,0,0,0,0,0,0,0,1,0,1,1,1,0
ChIJEwrWHdo5qDsRcDT8-3kT6eM,Anna oru Tea,Pollachi,Pollachi,10.665078,76.995264,Cafe & Beverages,Not disclosed,4.5,103,1,4.6443908991413725,119.0,36.82735519821787,2.302585092994046,0,0,0,0,0,0,0,0,0,0,0,0,0,0,0,0,0,0,0,1,1,0,0
ChIJ9xPdrdo3qDsRl3BSB6CA2CY,CAFE JUNCTION - MULTI CUISINE RESTAURANT,Pollachi,Pollachi,10.667366,77.012327,Multi-cuisine / General,Not disclosed,3.9,309,0,5.736572297479192,80.5,36.80939404850439,4.330733340286331,1,0,0,1,0,0,1,0,0,0,0,0,0,0,0,0,0,0,0,0,1,0,0
ChIJXVp5_qQ3qDsR2CvL37YhFwQ,Sakthi Cafe,Pollachi,Pollachi,10.668107,77.013822,Multi-cuisine / General,Not disclosed,3.9,318,0,5.765191102784844,108.5,36.75302571334484,4.204692619390966,1,0,0,1,0,0,1,0,0,0,0,0,0,0,0,0,0,0,0,1,1,0,0
ChIJxa4rFgA5qDsRyql4BqjZf0w,Becafe,Palaghat,Pollachi,10.662482,77.004034,Cafe & Beverages,Mid,4.5,28,1,3.367295829986474,84.0,37.22221951727858,4.330733340286331,1,0,0,0,0,0,1,0,1,0,0,0,1,1,0,0,0,0,0,0,1,0,0
ChIJz6tWrHg3qDsR4P3tyj59UPc,Cafe de Amore,Annamalai Nagar,Makkinampatti,10.656093,77.032543,Cafe & Beverages,Not disclosed,5.0,21,1,3.091042453358316,91.0,38.43385725501263,2.0794415416798357,1,0,0,1,0,0,0,0,0,0,0,0,0,0,0,0,0,0,0,0,1,0,0
ChIJPUZyJBU5qDsRs20Kj8JXFZo,Kappitell Restaurant,Venkatasa Colony,Pollachi,10.663814,77.000847,Multi-cuisine / General,Not disclosed,4.5,1599,1,7.3777589082278725,84.0,37.03317115354148,4.02535169073515,1,1,0,1,0,0,1,0,0,0,0,0,0,0,0,1,0,0,0,0,1,0,0
ChIJXSTZkvw3qDsR6VCaguIAQ3M,The Tea Planet Pollachi,Mahalingapuram,Pollachi,10.667725,77.011318,Cafe & Beverages,Not disclosed,4.4,108,1,4.6913478822291435,84.0,36.75342611688397,4.3694478524670215,1,0,1,1,0,0,0,0,0,0,0,0,0,0,0,0,0,0,1,0,1,0,0
ChIJK6wu0Y03qDsRIDbBCBXnsW8,The London shakes,Pollachi,Pollachi,10.667493,77.011692,Cafe & Beverages,Mid,4.1,179,0,5.19295685089021,80.5,36.7850152461736,4.343805421853684,1,0,0,1,0,0,1,1,1,0,0,0,1,1,0,0,1,1,0,0,1,0,0
ChIJUU1uQZ45qDsRVy3eofCwpQI,Nivi's cafe,Venkatasa Colony,Pollachi,10.664956,77.004457,Cafe & Beverages,Not disclosed,4.3,154,1,5.043425116919247,78.0,36.95514789756762,4.356708826689592,1,0,0,1,0,0,1,0,0,0,0,0,0,0,0,0,0,0,0,1,1,0,0
ChIJ18sTUrc3qDsRmNk3T__EnYg,Madgrill & Pizzeria,Indra Nagar,Pollachi,10.667749,77.015477,South Indian & Regional,Not disclosed,4.2,1828,1,7.511524648390866,73.5,36.82090758920696,4.110873864173311,1,0,0,1,0,0,1,0,0,0,0,0,0,0,0,0,0,0,0,0,1,0,0
ChIJf210sNn9qDsRASvNA0paQ1I,Saaral Bakes & CakesAnnur,Annur,Annur,11.230124,77.11775,Bakery & Desserts,Budget,4.0,91,0,4.5217885770490405,87.0,31.255227877006384,2.772588722239781,1,0,0,0,0,0,1,0,1,0,0,0,0,0,0,0,1,1,0,0,0,0,0
ChIJlTziAgA5qDsRntU_9Ki-AsE,AS cafe,Backside,Pollachi,10.664926,77.008994,Bakery & Desserts,Not disclosed,3.9,179,0,5.19295685089021,84.0,37.024764912111216,4.543294782270004,1,1,0,1,0,0,0,0,0,0,0,0,0,0,0,0,0,0,0,0,1,0,0
ChIJ3dpaZa05qDsROJurqs2oJ-I,Cafe Hut,Pollachi,Pollachi,10.664604,77.007936,Biryani & Non-veg,Budget,4.1,74,0,4.31748811353631,77.0,37.044185947139574,4.574710978503383,0,0,0,1,0,0,1,1,1,0,0,0,1,1,0,0,1,1,0,0,1,0,0
ChIJ_4n9C6_8qDsRm3qHaZ2mhNc,Punjabi Restaurant,Annur,Annur,11.232604,77.110817,North Indian & Global,Mid,3.6,388,0,5.963579343618446,84.0,31.0832722183169,3.5263605246161616,1,0,0,0,0,0,1,1,1,0,1,0,1,1,1,0,1,0,0,0,1,0,0
ChIJWQBrcyE5qDsRw1rbCKfYcKw,ZAN Café -Pollachi,Suleeshwaranpatti,Suleeshwaranpatti,10.642042,77.007025,Cafe & Beverages,Not disclosed,4.0,16,0,2.833213344056216,81.0,39.51809524215841,1.3862943611198906,1,0,0,0,0,0,0,0,0,0,0,0,0,0,0,0,0,0,0,0,1,0,0
ChIJ6YzXJ4jeqTsR6CmIdVfKJKQ,Hotel Gowri KKrishna (New Scheme Road),Pollachi,Pollachi,10.66211,77.008511,Vegetarian,Not disclosed,4.1,8978,0,9.102643796520809,87.0,37.327510216775764,4.61512051684126,1,0,0,1,0,0,1,1,1,0,1,0,1,1,0,0,1,1,0,0,0,1,1
ChIJodkqa1A3qDsR0fAuLd5_5ZU,Cafe-41 Restaurant,Pollachi,Pollachi,10.667804,77.011623,Fast food & Quick bites,Not disclosed,4.2,309,1,5.736572297479192,71.0,36.74969573985449,4.31748811353631,1,0,0,1,0,1,0,0,0,1,0,0,0,0,0,0,0,0,0,0,1,0,0
ChIJPfI_caI5qDsRIfyeS6fENis,Madhava Multi-Cuisine Veg Restaurant,Venkatasa Colony,Pollachi,10.663203,77.007658,Vegetarian,Not disclosed,4.1,3091,0,8.036573409707312,115.5,37.19436849621685,4.59511985013459,1,0,0,1,0,0,1,0,0,0,0,0,0,0,0,0,0,0,0,1,1,0,0
ChIJM3XJdGI3qDsRofApL7Xk9ts,Swiss Cafe Pvt Ltd,Unjavelampatti,Pollachi,10.658741,77.058719,Multi-cuisine / General,Mid,3.2,114,0,4.74493212836325,98.0,38.828857399749275,1.0986122886681096,1,1,0,1,1,0,1,1,1,1,1,1,1,1,0,1,1,1,0,0,1,0,1
ChIJzeH-5io4qDsRsbb_SOkH0B4,Amutha Surabhi,Pollachi,Pollachi,10.663611,77.008056,Vegetarian,Budget,4.1,8138,0,9.004422601327041,115.5,37.15535766504516,4.584967478670572,1,0,0,1,0,0,1,1,1,1,1,0,1,1,0,0,1,1,0,1,1,1,1
ChIJqXUbUZhZqDsRKj068JRXgGg,Pollachi Suryaa Hotel,Kuppakonam Pudur,Coimbatore,11.03424,76.950479,Multi-cuisine / General,Not disclosed,4.5,2365,1,7.768956044538332,59.5,4.566097855023505,3.8918202981106265,1,0,0,1,0,0,0,0,0,0,0,0,0,0,0,0,0,0,0,0,1,0,0
ChIJg0ibIR45qDsReJgFTD3iGCQ,AK Food Connect,Bodi Palayam,Bodi Palayam,10.640403,76.957814,Multi-cuisine / General,Mid,4.4,1169,1,7.064759027791802,84.0,39.38685678605649,0.0,1,0,1,1,0,0,1,1,1,1,1,0,1,1,1,1,1,1,0,0,1,0,0
ChIJV4XEICo4qDsRKvsg1BP8cz8,The Slaves,Pollachi,Pollachi,10.664311,77.0081,Multi-cuisine / General,Not disclosed,4.0,2370,0,7.771067086065406,80.5,37.07891806867663,4.574710978503383,1,0,0,1,0,0,1,0,0,0,0,0,0,0,0,0,0,0,0,0,1,0,0
ChIJ9zQWuyE5qDsRjlnuUasnriI,Aqua Multi Cuisine Restaurant Pollachi,Ambarampalayam,Pollachi,10.636551,76.919562,Multi-cuisine / General,Not disclosed,4.7,76,1,4.343805421853684,108.5,40.07460574504303,0.6931471805599453,1,1,0,1,0,0,1,0,0,0,0,0,0,0,0,1,0,0,0,1,1,0,0
ChIJFdr-nLI3qDsRy7PZqbWNSyw,Clove Fine Dine Restaurant,Indra Nagar,Pollachi,10.668077,77.014882,Multi-cuisine / General,Not disclosed,3.9,184,0,5.220355825078325,56.0,36.77453061785561,4.174387269895637,1,0,0,1,0,0,1,1,0,1,1,0,1,1,0,0,1,1,0,0,1,0,0
ChIJz6VOISk4qDsRw9f7XyPe-4U,Ruchii Restaurant,Venkatasa Colony,Pollachi,10.670124,77.005806,South Indian & Regional,Mid,4.0,462,0,6.137727054086234,80.5,36.404565962546485,4.007333185232471,1,0,0,1,0,0,1,1,1,1,1,0,1,1,1,0,1,1,0,0,1,0,0
ChIJ6ZLnfUw5qDsRlZNV2kFOM2o,The Palm - Multi cuisine restaurant,Pollachi,Marchinaickenpalayam,10.630399,76.921102,Multi-cuisine / General,Not disclosed,4.5,706,1,6.561030665896573,35.0,40.73577867906131,0.6931471805599453,1,0,0,1,0,0,1,0,0,0,0,0,0,0,0,1,0,0,0,0,1,0,0
ChIJnVccKfI3qDsRgCFdPofAdQY,Hari Krishna Pure veg Healthy veg pollachi,Marapettai,Pollachi,10.658409,77.012372,Multi-cuisine / General,Budget,4.7,129,1,4.867534450455582,105.0,37.794966952191814,4.060443010546419,1,0,0,1,0,1,1,1,1,1,0,0,1,1,0,0,0,0,0,1,1,0,0
ChIJPbyHoAY3qDsRkYcH4nBlgxQ,Amutha Surabhi,Vadivu Nagar,Solapalayam,10.658038,77.046588,Vegetarian,Not disclosed,4.2,10436,1,9.253112463820052,112.0,38.56315056890218,1.0986122886681096,1,1,0,1,0,0,1,0,0,0,0,0,0,0,0,1,0,0,0,1,1,1,0
ChIJ894z-BA5qDsR5QRXNinsP6M,Food Khalifa Restaurant,Pollachi,Pollachi,10.664832,77.008554,Multi-cuisine / General,Not disclosed,3.8,725,0,6.587550014824796,73.5,37.02839991140903,4.553876891600541,1,1,0,1,0,0,1,0,0,0,0,0,0,0,0,0,0,0,0,0,1,0,0
ChIJ3ehzJQA3qDsRKEbjG-VwTFo,PVS Mango Baker's,Marapettai,Pollachi,10.655692,77.016941,Bakery & Desserts,Budget,4.2,63,1,4.1588830833596715,91.0,38.169934431307766,3.044522437723423,0,0,0,0,0,0,1,0,0,0,0,0,1,0,0,0,0,1,0,0,1,0,0
ChIJLUEB6NQ5qDsRdQmYpAZD69w,Sri Gowri Krishna Bakers,Pollachi,Pollachi,10.662172,77.008255,Bakery & Desserts,Mid,4.1,488,0,6.192362489474872,105.0,37.3168375809471,4.584967478670572,1,1,0,1,1,1,1,0,1,1,1,0,1,0,0,0,1,1,0,1,1,0,0
ChIJq17yJCs4qDsRNRqe7lMw4hU,Shree Krishna Sweets and bakes,Venkatasa Colony,Pollachi,10.657337,77.01084,Bakery & Desserts,Not disclosed,4.2,230,1,5.442417710521793,136.5,37.88866653289614,4.07753744390572,1,0,0,1,0,0,0,0,0,0,0,0,0,0,0,0,0,0,1,1,1,0,0
ChIJnYtCdQY3qDsRGMwZO3m7-iI,Celebrations Bakery (Sweets & Snacks),Vadivu Nagar,Solapalayam,10.658221,77.046505,Bakery & Desserts,Not disclosed,4.3,590,1,6.3818160174060985,98.0,38.54121549370182,1.0986122886681096,0,0,1,1,0,0,0,0,0,0,0,0,0,0,0,0,0,0,0,1,1,0,0
ChIJo9rWGQA3qDsRzcPhzT15hMQ,High on cakes (homemade cakes),pillachi,Pollachi,10.663016,77.013502,Bakery & Desserts,Premium,4.8,112,1,4.727387818712341,63.0,37.30697356964678,4.499809670330265,1,0,0,1,0,0,1,0,1,0,0,0,0,0,0,0,0,1,0,0,1,0,0
ChIJo1ly5CE4qDsRFl5_JYhWF-E,Lakshmi Narasimma Ayyangar Bakery,Jeeva Nagar,Sangampalayam,10.683643,77.005576,Bakery & Desserts,Not disclosed,3.8,2018,0,7.610357618312838,133.0,34.911799607441026,0.6931471805599453,1,0,0,1,0,0,1,0,0,0,0,0,0,0,0,0,0,0,0,1,1,0,0
ChIJna8CP3M3qDsRAKjTTyKmQfU,Tasty Bakery,Annamalai Nagar,Makkinampatti,10.656029,77.032222,Bakery & Desserts,Budget,4.0,946,0,6.853299093186078,56.0,38.43375606237276,2.0794415416798357,1,0,0,0,0,0,1,0,1,0,0,0,1,0,0,0,1,0,0,1,1,0,0
ChIJu1PM5Sc3qDsRx9hR1mOFDmM,Chives,Vjayapuram,Pollachi,10.673621,77.021072,Bakery & Desserts,Premium,4.8,91,1,4.5217885770490405,87.0,36.2813302160666,2.4849066497880004,1,0,0,1,0,0,1,0,1,0,0,0,0,0,0,0,0,1,0,0,0,0,0
ChIJ2cj3xYg3qDsRfltgKhmGhGY,Ray's Cake House,Annantha Nagar,Z.Kottampatti,10.62402,77.018709,Bakery & Desserts,Not disclosed,4.9,191,1,5.2574953720277815,87.5,41.67931329478029,0.6931471805599453,1,0,0,1,0,0,1,0,0,0,0,0,0,0,0,1,0,0,0,1,1,0,0
ChIJE80Miwc5qDsRD3aeyufPqWQ,Ps Bakes,Palaghat,Pollachi,10.660234,77.006197,Bakery & Desserts,Premium,5.0,41,1,3.7376696182833684,168.0,37.500325700454496,4.430816798843313,1,0,0,1,0,0,1,0,1,0,0,0,0,0,0,0,0,0,1,1,1,0,0
ChIJgc4yjIM3qDsR7YCHvJrxV5g,Sree Ayyappa Bakery & Restaurant,Mahalakshmi Nagar,Pollachi,10.667451,77.018021,Bakery & Desserts,Not disclosed,3.7,706,0,6.561030665896573,91.0,36.899159832087,3.7612001156935624,1,0,0,1,0,1,1,0,0,0,0,0,0,0,0,0,0,0,0,0,1,0,0
ChIJXbLvnLY5qDsR3SCi9923rnY,The Little Whisk,Arumugam Nagar,Pollachi,10.667921,77.010564,Bakery & Desserts,Not disclosed,4.3,125,1,4.836281906951478,84.0,36.71974123810783,4.382026634673881,1,0,1,1,0,0,0,0,0,0,0,0,0,0,0,0,0,0,0,0,1,0,0
ChIJlUW8yBc3qDsRTUOwGU5YBnk,Evy's Delight | Pollachi Home Baker,Mahalakshmi Nagar,Pollachi,10.672991,77.020404,Bakery & Desserts,Not disclosed,5.0,36,1,3.6109179126442243,69.0,36.33723854503945,2.833213344056216,1,0,1,1,0,0,1,0,1,0,0,0,0,0,0,0,0,1,0,0,1,0,0
ChIJFyFZkNQ5qDsROdkSYXgVgTY,NEW ROHIT IYYANGAR BAKERY,Vinayagar Kovil,COIMBATORE,10.660047,77.005463,Bakery & Desserts,Budget,4.2,71,1,4.276666119016055,112.0,37.51057300247985,4.356708826689592,0,0,0,1,0,0,1,0,1,0,0,0,0,0,0,0,0,0,0,1,1,0,0
ChIJxQ4fcDc3qDsRNXkVxKetQz4,MDS Bakery,Achipatti,Okkilipalayam,10.703454,77.014979,Bakery & Desserts,Not disclosed,3.9,1326,0,7.190676034332207,168.0,32.898479483549906,0.0,1,0,0,1,0,0,1,0,0,0,0,0,0,0,0,0,0,0,1,1,1,1,0
ChIJ13e0oZI5qDsRmRfSj9Vc_NA,Lordofdessert,Pollachi,Pollachi,10.663085,77.013381,Bakery & Desserts,Not disclosed,4.4,38,1,3.6635616461296463,84.0,37.29737705324733,4.51085950651685,1,0,0,1,0,0,0,0,0,0,0,0,0,0,0,0,0,0,0,0,1,0,0
ChIJaWpSNhg4qDsRAAAAMDeNfCU,Cake Palace Bakes & Sweets,Sangampalym,Sangampalayam,10.686039,77.000075,Bakery & Desserts,Budget,4.2,57,1,4.060443010546419,101.5,34.569416424572985,0.6931471805599453,0,0,0,1,0,0,1,0,1,0,0,0,0,0,0,0,0,1,0,1,1,0,0
ChIJyyB0KAA3qDsRTqrgruFEODY,Meat & Eat Family Restaurant Pollachi,Tagore Lane,Pollachi,10.667309,77.011594,Multi-cuisine / General,Not disclosed,3.7,645,0,6.470799503782602,84.0,36.803650403339525,4.382026634673881,1,0,0,0,0,0,1,0,0,0,0,0,0,0,0,1,0,0,0,0,1,0,0
ChIJj9r75wM3qDsRjocVZC_ZsWA,Heatsquare Restaurant Pollachi,Mahalakshmi Nagar,Pollachi,10.667887,77.017866,North Indian & Global,Premium,3.9,578,0,6.361302477572996,73.5,36.848527810713044,3.7612001156935624,1,1,0,1,1,1,1,0,1,1,0,0,1,1,0,0,1,1,0,0,1,0,0
ChIJW1rLQE03qDsROFY1ijqPfRo,Food Khalifa,Annamalai Nagar,Makkinampatti,10.65602,77.032008,Fast food & Quick bites,Mid,3.6,391,0,5.971261839790462,71.5,38.43003958439063,2.0794415416798357,1,1,0,1,1,0,1,1,1,0,1,0,1,1,0,0,1,1,0,0,1,0,0
ChIJacaKbgA3qDsRs0IFGvySdF4,MMVK Chaat & Fast Food,Marapettai,Pollachi,10.659059,77.012983,Fast food & Quick bites,Not disclosed,4.9,18,1,2.9444389791664403,42.0,37.7333844848699,4.127134385045092,1,1,0,1,0,0,1,0,0,0,0,0,0,0,0,1,0,0,0,0,1,0,0
ChIJFT6L_t45qDsRqSqHh8xSzPw,Selvam Canteen,Suleeshwaranpatti,Pollachi,10.642998,77.007336,Multi-cuisine / General,Not disclosed,3.9,1291,0,7.163946684342547,108.5,39.416951642855764,1.3862943611198906,0,1,0,1,0,0,1,0,0,0,0,0,0,0,0,0,0,0,0,1,1,0,0
ChIJD2C6QIc3qDsRYk1LQWVVGb8,Dolo Chicken Pollachi,Pollachi,Pollachi,10.667897,77.014161,Biryani & Non-veg,Not disclosed,4.0,163,0,5.099866427824199,63.0,36.7818739849012,4.219507705176107,1,0,0,0,0,0,1,0,0,0,0,0,0,0,0,0,0,0,0,0,1,0,0
ChIJFXrX1io4qDsRKxshUL-VH5w,S.P. Hotel,Venkatasa Colony,Pollachi,10.662667,77.007816,Multi-cuisine / General,Mid,3.7,1936,0,7.5688956634069955,84.0,37.25576216683622,4.584967478670572,0,0,0,1,0,0,1,1,1,0,1,0,1,1,0,0,1,1,0,0,1,0,0
ChIJTTDY9WVPqDsREh7kNRco8TY,Adengappa Hotel,Kinathukadavu,Kinathukadavu,10.823785,77.021765,South Indian & Regional,Budget,3.3,121,0,4.804021044733257,98.0,20.10482407263556,3.332204510175204,0,0,0,0,0,0,1,1,0,0,1,0,1,1,0,0,0,0,0,1,1,0,0
ChIJV9cSg4NPqDsRyI1C7vDoeCI,SRI AMBAL CHETTINAD MESS,Kinathukadavu,Kinathukadavu,10.797632,77.016301,Multi-cuisine / General,Budget,3.9,166,0,5.117993812416755,112.0,22.707411437051398,1.6094379124341003,0,0,0,0,0,0,1,1,0,0,0,0,1,1,0,0,0,1,0,1,1,0,0
ChIJedvT3HM3qDsRhLLNXaiEDF4,HOTEL GOWRI KKRISHNA,Annamalai Nagar,Makkinampatti,10.655677,77.028293,Vegetarian,Budget,4.0,2216,0,7.7039102096163115,112.0,38.388125568398536,2.0794415416798357,1,1,0,1,0,0,1,1,1,0,1,0,1,1,0,0,1,1,0,1,1,1,1
ChIJA7UCTEJPqDsRgWVP_57AQw8,Selvam Chettinadu Mess,Coimbatore,Kinathukadavu,10.823736,77.021618,Multi-cuisine / General,Not disclosed,4.1,17,0,2.8903717578961645,87.0,20.104717074398256,3.332204510175204,1,0,0,1,0,0,0,0,0,0,0,0,0,0,0,0,0,0,0,0,0,0,0
ChIJj2JyVu05qDsR2afeiWK8N1Y,Hotel Gowri KKrishna,Palaghat,Pollachi,10.664168,76.998134,Vegetarian,Not disclosed,4.2,699,1,6.551080335043404,115.5,36.9607411654957,3.2188758248682006,0,1,0,0,0,0,1,0,0,0,0,0,0,0,0,0,0,0,0,1,1,1,0
ChIJFbxF9WlPqDsRD94GOWN1oI8,SIVAMANI MESS ( veg ),Anna Nagar,Kinathukadavu,10.815473,77.017479,Multi-cuisine / General,Not disclosed,4.6,31,1,3.4657359027997265,90.0,20.83793521828495,2.9444389791664403,1,0,0,1,0,0,0,0,0,0,0,0,0,0,0,0,0,0,0,1,1,0,0
ChIJzyImBtY5qDsRt2OQPvdS-3k,Gowri KKrishna (Bazzar Street),Puliampatti,Pollachi,10.656456,77.009661,Vegetarian,Budget,4.1,531,0,6.2766434893416445,115.5,37.96754304104101,4.07753744390572,1,1,0,1,0,0,1,1,1,0,1,0,1,1,0,0,1,1,0,1,1,1,1
ChIJ_ws6-3g5qDsR03MDwYQhpWY,Amman mess,Pollachi,Zamin Uthukuli,10.648081,76.97873,Multi-cuisine / General,Not disclosed,4.5,34,1,3.5553480614894135,168.0,38.57761455729122,1.0986122886681096,0,0,0,0,0,0,0,0,0,0,0,0,0,0,0,0,0,0,1,1,1,1,0
ChIJURZeOilJqDsRGXAjfilPkag,Amutha Surabhi - Self service,SantheGounden Palayam,SantheGounden Palayam,10.729423,77.018245,Vegetarian,Budget,4.2,1463,1,7.288927694521257,112.0,30.132684363386666,0.6931471805599453,1,0,0,1,0,0,1,0,1,0,1,0,1,1,1,0,1,1,0,1,1,1,1
ChIJJ-V4_8g5qDsRKlY5BxypI5E,Jothi Mess,Venkatasa Colony,Pollachi,10.663664,77.007678,South Indian & Regional,Not disclosed,3.7,159,0,5.075173815233827,80.0,37.14387998546021,4.59511985013459,1,0,0,1,0,0,0,0,0,0,0,0,0,0,0,0,0,0,1,0,1,0,0
ChIJF2oDdwBJqDsRj3qQ_GMNfTE,Vaagai Mess A/C,SantheGounden Palayam,Pollachi,10.722864,77.01753,Multi-cuisine / General,Mid,4.0,72,0,4.290459441148391,112.0,30.83112902229619,0.6931471805599453,1,0,0,1,0,0,1,0,1,0,0,0,1,1,0,0,0,0,0,1,1,0,0
ChIJtw01KtQ5qDsRcx3gyKMaNSk,Murugan Mess - M² -,Vinayagar Kovil,Pollachi,10.657947,77.008194,Multi-cuisine / General,Not disclosed,4.5,66,1,4.204692619390966,94.5,37.78135600737292,4.204692619390966,1,0,0,0,0,0,0,0,0,0,0,0,0,0,0,0,0,0,0,0,1,0,0
ChIJTV1nc6U3qDsRmrI8Hx5S9fk,Madurai mess,Marapettai,Pollachi,10.65983,77.013118,Multi-cuisine / General,Not disclosed,3.9,16,0,2.833213344056216,87.0,37.650824286421,4.382026634673881,0,0,0,0,0,0,0,0,0,0,0,0,0,0,0,0,0,0,0,0,0,0,0
ChIJNf3hZpg6qDsRW1JgVOub_q4,The Chozha Mess - Sungam,Angalakurichi,Angalakurichi,10.551571,77.002531,Multi-cuisine / General,Budget,4.5,944,1,6.851184927493743,30.0,49.46703952169522,0.6931471805599453,1,0,0,1,0,0,1,1,0,0,1,0,1,1,0,0,1,1,0,0,1,0,0
ChIJN8GqFH43qDsRieisHa-Gh64,Santhi Mess,Marapettai,Pollachi,10.657631,77.011851,Multi-cuisine / General,Budget,3.9,264,0,5.579729825986222,28.0,37.87221580637778,4.02535169073515,0,0,0,0,0,0,1,1,0,0,0,0,1,1,0,0,0,0,0,0,1,0,0
ChIJNQKLcKQ5qDsRA2l6qTvTlcI,Annalashimi mess,Periyapodhu,Pollachi,10.655083,77.003406,Multi-cuisine / General,Not disclosed,4.3,11,1,2.4849066497880004,60.5,38.03029947907453,3.6888794541139363,1,0,0,1,0,0,0,0,0,0,0,0,0,0,0,0,0,0,0,1,1,0,0
ChIJVYZPyww3qDsRW9HuHXs4YgA,Mother Mess,Annamalai Nagar,Makkinampatti,10.655994,77.033455,Multi-cuisine / General,Not disclosed,4.7,16,1,2.833213344056216,101.5,38.46489318402139,2.0794415416798357,1,0,0,0,0,0,0,0,0,0,0,0,0,0,0,0,0,0,0,1,1,0,0
ChIJjwq7P-k5qDsRJq_K-azrubs,Meesak Kaarar Mess,Zamin Uthukuli,Zamin Uthukuli,10.648412,76.979325,Multi-cuisine / General,Budget,4.1,13,0,2.639057329615259,86.0,38.54409937435907,1.0986122886681096,1,0,0,0,0,0,1,0,0,0,0,0,1,1,0,0,0,0,0,0,1,0,0
ChIJW7HqSAA5qDsRhEthkr8Dl74,Vijayam Mess,Vinayagar Kovil,Pollachi,10.659432,77.003318,Multi-cuisine / General,Not disclosed,4.3,18,1,2.9444389791664403,33.0,37.549112595474746,4.1588830833596715,1,0,0,1,0,0,0,0,0,0,0,0,0,0,0,0,0,0,1,0,1,0,0
ChIJdU0wOyo4qDsRjT7fRbPkK9o,Golden Mess,Pollachi,Pollachi,10.666935,77.008959,South Indian & Regional,Premium,3.4,204,0,5.3230099791384085,84.0,36.803057979068896,4.454347296253507,1,0,0,1,0,0,1,1,1,1,1,0,1,1,0,0,0,0,0,0,1,0,0
ChIJaUDkVQc5qDsRWoawnIkowTE,SVR NALA BAAHAM RESTAURANT,Vinayagar Kovil,Pollachi,10.660223,77.002932,Multi-cuisine / General,Not disclosed,4.1,65,0,4.189654742026425,105.0,37.45668588481702,4.1588830833596715,0,0,0,1,0,0,0,0,0,0,0,0,0,0,0,0,0,0,0,0,1,0,0
ChIJEVRpA4A3qDsRVKvwxwqnJ7c,Chicken Sampoorna,Pollachi,Pollachi,10.662572,77.010796,Biryani & Non-veg,Not disclosed,4.0,907,0,6.811244378601294,70.0,37.311893006977286,4.564348191467836,1,1,0,1,0,0,1,0,0,0,0,0,0,0,0,0,0,0,0,0,1,0,0
ChIJrRv4EtU5qDsRLx3r2nRhTUE,Hotel Ashok,Pollachi,Pollachi,10.660044,77.0083,Biryani & Non-veg,Mid,3.8,1589,0,7.371489295214277,66.5,37.55191156435095,4.465908118654584,0,0,0,1,0,0,1,1,1,0,1,0,1,1,0,1,1,1,0,0,1,0,0
ChIJJYQoZtc5qDsRHXmRLch0CQQ,Nivis Unavagam ( Hotel Nivis ),Venkatasa Colony,Pollachi,10.664299,77.005112,Multi-cuisine / General,Not disclosed,4.7,62,1,4.143134726391533,87.0,37.036763780900394,4.394449154672439,1,0,0,1,0,0,0,0,0,0,0,0,0,0,0,0,0,0,0,0,0,0,0
ChIJUWnlyPE3qDsRBTMip39CVUQ,THE GRAND Dhaba and Family Restaurant,Unjavelampatti,Unjavelampatti,10.660031,77.050589,Multi-cuisine / General,Premium,3.3,72,0,4.290459441148391,84.0,38.45646738180153,1.6094379124341003,0,0,0,0,0,0,1,1,0,0,1,0,1,1,0,0,0,0,0,0,1,0,0
ChIJL3AtsbQ5qDsRaYTJnRlkbLk,Hotel Arunavi Veg&Non-Veg,Palaghat,Pollachi,10.662592,77.003598,South Indian & Regional,Not disclosed,3.7,109,0,4.700480365792417,84.0,37.20415546825167,4.276666119016055,0,0,0,1,0,0,0,0,0,0,0,0,0,0,0,0,0,0,0,0,1,0,0
ChIJKdKHRNE5qDsRdsYR324_dlI,Alagappa chettinadu hotel,Vinayagar Kovil,Pollachi,10.655602,77.003616,South Indian & Regional,Not disclosed,4.1,13,0,2.639057329615259,110.25,37.975788698130856,3.784189633918261,1,0,0,1,0,0,1,1,1,0,0,0,1,1,0,0,0,0,0,1,1,0,0
ChIJFfL9Mio4qDsR3Bo1OXxCUY8,Suryaa Hotels,Pollachi,Pollachi,10.666485,77.007732,South Indian & Regional,Not disclosed,3.2,988,0,6.8966943316227125,71.5,36.83394785164953,4.477336814478207,1,1,0,1,0,0,1,0,0,0,0,0,0,0,0,0,0,0,0,0,1,0,0
ChIJB401JtM5qDsRLJ7ALpKr_5k,அழகப்பா செட்டிநாடு மெஸ்,Zamin Uthukuli,Zamin Uthukuli,10.648117,76.978809,South Indian & Regional,Budget,3.7,93,0,4.543294782270004,110.25,38.574040687350774,1.0986122886681096,1,0,0,1,0,0,1,1,1,0,1,0,1,1,0,0,0,1,0,1,1,0,0
ChIJ_ZJfWV45qDsR_cR_-jzizwk,INDIA HOTEL,Palaghat,Pollachi,10.66101,77.005913,Multi-cuisine / General,Not disclosed,4.4,31,1,3.4657359027997265,108.5,37.41073354164553,4.499809670330265,1,1,0,1,0,0,0,0,0,0,0,0,0,0,0,0,0,0,0,1,1,0,0
ChIJce1yNNU5qDsR7lnsh4ROMgw,ANNAI RESTAURANT,Pollachi,Pollachi,10.661822,77.008523,South Indian & Regional,Not disclosed,3.9,1279,0,7.154615356913663,84.0,37.359409788721294,4.584967478670572,1,0,1,1,0,0,1,0,0,0,0,0,0,0,0,0,0,0,0,0,1,0,0
ChIJAxj6a6w5qDsRuoY4XfRcydo,Sachu’s tiffin house,Arumugam Nagar,Pollachi,10.66913,77.009828,Multi-cuisine / General,Budget,4.8,134,1,4.90527477843843,27.0,36.575045173319126,4.304065093204169,1,0,0,1,0,0,1,1,0,1,1,0,1,1,0,0,0,1,0,0,1,0,1
ChIJQV8Ub1k3qDsRQBE7W-aqEZE,Madgrill & Pizzeria,Indra Nagar,Pollachi,10.667871,77.015489,Fast food & Quick bites,Not disclosed,4.4,619,1,6.429719478039138,73.5,36.807727631719715,4.07753744390572,1,0,0,1,0,0,1,0,0,0,0,0,0,0,0,0,0,0,0,0,1,0,0
ChIJgwD-Zag3qDsRERAWfZeSphw,Woodfire Pizza,Mahalakshmi Nagar,Pollachi,10.668931,77.017376,Multi-cuisine / General,Mid,3.6,24,0,3.2188758248682006,84.0,36.72513484658525,3.7376696182833684,1,0,0,1,0,0,1,1,1,0,0,0,1,1,0,0,0,0,1,0,1,0,0
ChIJk4j0kXA3qDsR79j0hgSJl6g,Pissa Land,Pollachi,Pollachi,10.667294,77.011599,Fast food & Quick bites,Mid,4.3,349,1,5.857933154483459,84.0,36.80538107949548,4.382026634673881,1,0,0,1,0,1,1,1,1,1,0,0,1,1,0,0,1,1,0,0,1,0,0
ChIJR8NjSDQ3qDsR1TmchTIVOjQ,THE HANGOVER BBQ,Indra Nagar,Pollachi,10.667469,77.014719,Biryani & Non-veg,Budget,4.8,43,1,3.784189633918261,87.0,36.838463218753546,4.204692619390966,1,0,0,1,0,0,1,0,1,0,0,0,1,1,0,0,0,1,0,0,0,0,0
ChIJsxqZTQA5qDsRhaXkCz8-03A,Skandha Grill & Cafe,Suleeshwaranpatti,Suleeshwaranpatti,10.641409,77.00727,Fast food & Quick bites,Not disclosed,4.3,18,1,2.9444389791664403,91.0,39.59129857077838,1.3862943611198906,1,0,0,1,0,0,0,0,0,0,0,0,0,0,0,0,0,0,0,0,1,0,0
ChIJ_3imSpU5qDsRZiKFPPsOd7w,"ANGRY KOZHI - SHAWARMA,BBQ",Pollachi,Pollachi,10.667203,77.007543,Biryani & Non-veg,Not disclosed,3.9,11,0,2.4849066497880004,31.5,36.752031595906146,4.430816798843313,1,0,0,1,0,0,1,0,1,0,0,0,1,1,0,0,0,1,0,0,1,0,0
ChIJ6dtQ7kM3qDsREyJhYWVPgcU,Fraango,Raju Nagar,Makkinampatti,10.656003,77.027567,Fast food & Quick bites,Not disclosed,4.5,66,1,4.204692619390966,45.5,38.33751331013671,2.0794415416798357,1,0,1,1,0,0,0,0,0,0,0,0,0,0,0,0,0,0,0,0,1,0,0
ChIJpZWq-TFJqDsRKwojRlwJbu8,ZWARMA KOVILPALAYAM,Pollachi,Mettupalayam,10.74458,77.020758,Multi-cuisine / General,Budget,4.1,64,0,4.174387269895637,24.5,28.546593117049422,0.0,1,0,0,1,0,0,1,1,1,0,1,0,1,1,0,0,0,1,0,0,1,0,0
ChIJFRcqQ505qDsRS23Tn9R4di0,Zwarma Pollachi,Vinayagar Kovil,Pollachi,10.657538,77.003583,Multi-cuisine / General,Mid,4.2,61,1,4.127134385045092,87.0,37.76167518689985,4.07753744390572,1,0,0,0,0,0,1,0,0,0,0,0,0,0,0,0,0,1,0,0,0,0,0
ChIJZdu7EJtbqDsRUSZugotsYik,Meat and drink,Eachanari,Coimbatore,10.930378,76.981032,Multi-cuisine / General,Not disclosed,3.9,28,0,3.367295829986474,77.0,7.455819086082111,2.833213344056216,1,0,0,1,0,0,0,0,0,0,0,0,0,0,0,0,0,0,0,0,1,0,0
ChIJIafZfLk5qDsRevzyOoK9h70,Wrap nation,Palaghat,Pollachi,10.659372,77.008018,Multi-cuisine / General,Not disclosed,4.9,65,1,4.189654742026425,42.0,37.621757902448024,4.394449154672439,1,0,0,1,0,0,0,0,0,0,0,0,0,0,0,0,0,0,0,0,1,0,0
ChIJibGa9ik4qDsRdhUyZoc5_IU,Only Cane Fresh Juice,Arumugam Nagar,Pollachi,10.667614,77.009383,Cafe & Beverages,Budget,4.4,122,1,4.812184355372417,86.0,36.73489032936702,4.406719247264253,1,0,0,1,0,0,1,0,0,0,0,0,0,1,0,0,0,0,0,0,1,0,0
ChIJ0YbN04Y3qDsR1FS3B2Sv-x4,AVINI,Mahalingapuram,Pollachi,10.668114,77.013781,Cafe & Beverages,Not disclosed,4.5,316,1,5.75890177387728,77.5,36.75155956805975,4.204692619390966,1,0,0,1,0,0,0,0,0,0,0,0,0,0,0,0,0,0,0,0,1,0,0
ChIJUUvBwys4qDsR4R7ByMYJdcw,ibaco - Pollachi,Venkatasa Colony,Pollachi,10.666565,77.006149,Bakery & Desserts,Not disclosed,4.3,902,1,6.805722553416985,84.0,36.801778873656616,4.418840607796598,1,1,0,0,0,0,1,1,1,0,0,0,0,1,0,0,1,1,0,0,1,1,0
ChIJt-MrMgA5qDsRYPYyQVg2IZU,Amul ice cream parlour,Arumugam Nagar,Pollachi,10.667943,77.009474,Bakery & Desserts,Not disclosed,4.8,288,1,5.666426688112432,91.0,36.70010179965991,4.406719247264253,1,1,0,1,0,0,0,0,0,0,0,0,0,0,0,0,0,0,0,0,1,1,0
ChIJFYoUIAA3qDsRTq_Ip51DgT0,Velan Fresh juice & chats,Marapettai,Pollachi,10.65596,77.013848,Cafe & Beverages,Not disclosed,4.9,64,1,4.174387269895637,108.5,38.08824753434432,3.6375861597263857,0,0,0,0,0,0,0,0,0,0,0,0,0,0,0,0,0,0,0,1,1,0,0
ChIJZzWBdSk4qDsR07I6SPqQ4Pc,Boomerang Pollachi,Arumugam Nagar,Pollachi,10.668795,77.007419,Bakery & Desserts,Not disclosed,4.1,729,0,6.593044534142437,95.5,36.574824187869034,4.31748811353631,1,0,0,1,0,0,1,0,0,0,0,0,0,0,0,0,0,0,0,0,1,0,0
ChIJDdLHWrc3qDsR0c6H9Azj17M,AMUL ICECREAM PARLOUR,Annamalai Nagar,Pollachi,10.655408,77.033558,Bakery & Desserts,Not disclosed,4.9,54,1,4.007333185232471,86.0,38.530978244635605,2.0794415416798357,1,0,0,0,0,0,1,0,0,0,0,0,0,0,0,0,0,0,0,0,1,0,0
ChIJ3x52h743qDsRE224nJmllk8,FruitSticks_Pollachi,Rathinasabapathy Puram,Pollachi,10.66453,77.016406,Bakery & Desserts,Not disclosed,5.0,46,1,3.8501476017100584,84.0,37.19051326118053,4.189654742026425,1,0,0,1,0,0,1,0,0,0,0,0,0,1,0,0,0,0,0,0,1,0,0
ChIJ0ckOZAA3qDsRKjhBmCSwNsU,HAPPYHIVES,Pollachi,Pollachi,10.668124,77.013739,Bakery & Desserts,Not disclosed,4.9,17,1,2.8903717578961645,77.0,36.749747409758534,4.204692619390966,1,0,0,1,0,0,1,0,0,0,1,0,1,1,0,0,0,1,0,0,1,0,0
ChIJAXVI6R83qDsR4LZe3O3zvYk,Iceberg Organic Icecreams,Venkatasa Colony,Pollachi,10.667879,77.0114,Bakery & Desserts,Not disclosed,4.1,181,0,5.204006687076795,84.0,36.737821491793426,4.31748811353631,1,1,0,1,0,0,0,0,0,0,0,0,0,0,0,0,0,0,0,0,1,0,0
ChIJl2EV-yo4qDsRkpVWrUt34xU,Arun Icerams,Pollachi,Pollachi,10.664211,77.008041,Bakery & Desserts,Not disclosed,4.2,10,1,2.3978952727983707,69.5,37.08904648035081,4.574710978503383,0,0,0,0,0,0,1,0,0,0,0,0,0,0,0,0,0,0,0,0,1,0,0
ChIJ3U06A385qDsRlRpY5IS0HTY,Amul Ice Cream Parlour,Venkatasa Colony,Pollachi,10.66397,77.003049,Cafe & Beverages,Budget,4.1,19,0,2.995732273553991,94.5,37.044702526912424,4.248495242049359,1,1,0,1,0,0,1,0,1,0,0,0,1,1,0,0,1,1,0,0,1,1,0
ChIJ0crzDAA5qDsRsyLYjY3SOgE,Baskin Robbins,Venkatasa Colony,Pollachi,10.666597,77.007365,Bakery & Desserts,Not disclosed,4.0,59,0,4.0943445622221,84.0,36.81612531801237,4.465908118654584,1,1,0,1,0,0,1,0,0,0,0,0,0,1,0,0,1,1,0,0,1,1,0
ChIJRddYNq85qDsRoM49WhFpVEc,Madurai Famous Jigarthanda,Pollachi,Pollachi,10.662743,77.008095,Bakery & Desserts,Not disclosed,3.7,45,0,3.828641396489095,80.5,37.25154915530235,4.61512051684126,1,0,0,1,0,0,1,0,0,0,0,0,0,1,0,0,0,0,0,0,1,1,0
ChIJ2X7up_I3qDsRycCQB2PnVbw,Waffle Cart,Murugappa layout,Pollachi,10.663077,77.013279,Bakery & Desserts,Not disclosed,4.4,172,1,5.153291594497779,63.0,37.29656230395225,4.5217885770490405,1,0,1,1,0,0,0,0,0,0,0,0,0,0,0,0,0,0,0,0,1,0,0
ChIJP984QJ9FqDsRlZ31n-Ix6Bc,Ruchira Restaurant,aassasd,Ottakkalmandapam,10.882688,77.00881,Multi-cuisine / General,Budget,4.4,123,1,4.820281565605037,87.0,13.477571726496183,0.6931471805599453,1,0,1,1,1,0,1,1,1,1,1,0,1,1,0,0,1,1,0,0,0,0,0
ChIJZ6OLJOdPqDsR_qXZJWzWufc,EMBIRAN Restaurant,Kinathukadavu,Kinathukadavu,10.824576,77.018934,Multi-cuisine / General,Not disclosed,4.0,131,0,4.882801922586371,80.5,19.92213178041637,3.4011973816621555,1,0,0,1,0,0,0,0,0,0,0,0,0,0,0,0,0,0,0,0,1,0,0
ChIJI-WmMwBPqDsRC05WVHG8Iz8,Salt’n Pepper Food Court,Pollachi,Kinathukadavu,10.836931,77.016293,Multi-cuisine / General,Mid,3.9,194,0,5.272999558563747,84.5,18.528124748693287,2.1972245773362196,1,0,0,1,0,0,1,1,1,1,1,1,1,1,1,0,1,1,1,0,1,0,0
ChIJ9YTC0K1PqDsRaY5G8oU0zDs,Bhai bangalore biriyani,Kinathukadavu,Kinathukadavu,10.822188,77.019935,Biryani & Non-veg,Not disclosed,4.3,23,1,3.1780538303479458,64.0,20.208599908624855,3.367295829986474,1,0,0,1,0,0,0,0,0,0,0,0,0,0,0,0,0,0,0,0,1,0,0
ChIJwTF2vztPqDsRnjf1JMDcR18,HOTEL ANANDHAS,Solavampalayam,Solavampalayam,10.829715,77.017919,South Indian & Regional,Not disclosed,3.5,537,0,6.2878585601617845,108.5,19.34503618465478,3.332204510175204,0,0,0,0,0,0,1,0,0,0,0,0,0,0,0,0,0,0,0,1,1,0,0
ChIJuXK4EQBPqDsRC34hAVSzJ80,GRILL JUNCTION,Vadaputhur,Vadaputhur,10.82783,77.018261,Multi-cuisine / General,Mid,4.1,56,0,4.04305126783455,77.0,19.55563136515379,3.332204510175204,1,0,0,1,0,0,1,1,0,0,1,0,1,1,0,0,1,1,0,0,1,0,0
ChIJ3eY1HANPqDsRUZIo8-g3sFY,Amritham Mess,Bhagavathipalayam,Kinathukadavu,10.812309,77.014712,Multi-cuisine / General,Budget,4.6,11,1,2.4849066497880004,87.0,21.08910329767056,2.0794415416798357,0,0,0,0,0,0,1,0,0,0,0,0,1,1,0,0,0,0,0,0,0,0,0
ChIJvbPLVV9JqDsRvNztu-tWZC8,Cheran restaurant and Bakes,Thamaraikulam,Mulluppadi,10.76856,77.018017,Multi-cuisine / General,Not disclosed,3.8,355,0,5.87493073085203,112.0,25.883667704066067,0.0,1,0,0,1,0,0,1,0,0,0,0,0,0,0,0,0,0,0,0,1,1,0,0
ChIJffORAgBbqDsR2BcvGju5n-o,Grill House Restaurant & Cafe,Settipalayam,Malumichampatti,10.903704,76.997949,Multi-cuisine / General,Not disclosed,4.1,558,0,6.326149473155099,84.0,10.866265025582809,1.3862943611198906,0,0,0,1,0,0,0,0,0,0,0,0,0,0,0,0,0,0,0,0,1,0,0
ChIJ23PYkJVPqDsRNjepmq62TQo,BENZ HOTEL,Kinathukadavu,Kinathukadavu,10.824512,77.018975,Multi-cuisine / General,Not disclosed,2.9,14,0,2.70805020110221,78.5,19.930297087331084,3.4011973816621555,0,0,0,0,0,0,0,0,0,0,0,0,0,0,0,0,0,0,1,0,1,0,0
ChIJexWGWGhPqDsRaPa4Fqpukm0,Food Corner Hotel,Kondampatty,Coimbatore,10.823465,77.021265,Multi-cuisine / General,Budget,3.6,14,0,2.70805020110221,112.0,20.120643407784254,3.367295829986474,1,0,0,1,0,0,1,1,0,0,0,0,1,1,0,0,0,0,0,1,1,0,0
ChIJtQOA-4E3qDsRa4q0ZY_b17U,We chai,Vinayagar Kovil,Makkinampatti,10.655977,77.032943,Cafe & Beverages,Not disclosed,4.7,12,1,2.5649493574615367,87.0,38.45534264748679,2.0794415416798357,0,0,0,0,0,0,0,0,0,0,0,0,0,0,0,0,0,0,0,0,0,0,0
ChIJ8ZioQP43qDsRsExMtnh5vFg,Tea spot bakes&cafe,Annantha Nagar,Z.Kottampatti,10.628339,77.012734,Cafe & Beverages,Budget,3.7,19,0,2.995732273553991,87.0,41.11049076705384,0.6931471805599453,1,0,0,0,0,0,1,0,0,0,0,0,1,1,0,0,0,0,0,0,0,0,0
ChIJM5njNwA_qDsRqPldOWBGzBM,TEA CLUB,Marchinaickenpalayam,Marchinaickenpalayam,10.624446,76.859315,Cafe & Beverages,Not disclosed,4.7,13,1,2.639057329615259,168.0,42.64274584629571,0.0,1,0,0,1,0,0,0,0,0,0,0,0,0,0,0,0,0,0,1,1,1,0,0
ChIJTe-oT1xPqDsRvIOhYFvAUP4,Star Bakes,Kinathukadavu,Kinathukadavu,10.817701,77.017609,Cafe & Beverages,Mid,4.0,53,0,3.9889840465642745,112.0,20.605474945190167,3.2188758248682006,1,0,0,0,0,0,1,0,0,0,0,0,1,1,0,0,0,0,0,1,1,0,0
ChIJmRRxGE5PqDsRWEBZdlKFGT4,M.S bekary kinathukadavu,Solavampalayam,Solavampalayam,10.842598,77.015671,Cafe & Beverages,Budget,3.8,222,0,5.407171771460119,141.75,17.910418985418012,1.3862943611198906,0,0,0,0,0,0,1,1,0,0,1,0,1,1,1,0,0,1,1,1,1,0,0
ChIJ6StPGwBPqDsRotIizeYwQVU,PK PARADISE DHABHA & RESTAURANT,Solavampalayam,Solavampalayam,10.836743,77.016162,Multi-cuisine / General,Mid,4.7,10,1,2.3978952727983707,77.0,18.543290557299997,2.302585092994046,0,0,0,0,0,0,1,1,0,0,0,0,1,1,0,0,0,0,0,0,1,0,0
ChIJ9cGhPABPqDsRPQbUSaOtvXc,Fresh Bakes | Live Cake Shop,Kinathukadavu,Kinathukadavu,10.822329,77.019397,Bakery & Desserts,Premium,4.9,23,1,3.1780538303479458,160.0,20.175211816744156,3.4011973816621555,1,0,0,1,0,0,1,0,1,0,0,0,0,0,0,0,0,0,1,1,1,0,0
ChIJJ2nrWVFPqDsRZeerHVCD3Pk,Vel Bakes & Sweets,Coimbatore,Kinathukadavu,10.80066,77.016997,Bakery & Desserts,Not disclosed,4.3,229,1,5.438079308923196,84.0,22.40329934682165,1.791759469228055,0,0,0,1,0,0,0,0,0,0,0,0,0,0,0,0,0,0,0,1,1,0,0
ChIJpWmtEgBPqDsRW79RIDcupFg,Sri Aruthra bakers,Singarampalayam,Kinathukadavu,10.794919,77.016085,Bakery & Desserts,Not disclosed,4.9,12,1,2.5649493574615367,119.0,22.992389817443794,1.3862943611198906,0,0,0,0,0,0,1,0,0,0,0,0,1,0,0,0,0,0,0,1,1,0,0
ChIJy6TP1zdPqDsRgws4B2VafYw,KOVAI SRI MAHALAKSHMI BAKERY AND SWEETS,Solavampalayam,Solavampalayam,10.829661,77.017915,Bakery & Desserts,Not disclosed,4.8,44,1,3.8066624897703196,129.5,19.350588011691915,3.332204510175204,1,0,0,1,0,0,0,0,0,0,0,0,0,0,0,0,0,0,0,1,1,0,0
ChIJqzX7VWRPqDsR1Kx7DvtTaZ8,Star bakery,Vadaputhur,Vadaputhur,10.82513,77.018443,Bakery & Desserts,Budget,4.6,11,1,2.4849066497880004,112.0,19.84679117088855,3.4339872044851463,1,0,0,1,0,0,1,0,0,0,0,0,0,0,0,0,0,0,0,1,1,0,0
ChIJsXOm75pPqDsRoaw1EJlxkdU,Kallal's KRS Bakes,Kinathukadavu,Kinathukadavu,10.823918,77.022181,Bakery & Desserts,Not disclosed,4.9,11,1,2.4849066497880004,87.0,20.105799107332786,3.367295829986474,1,0,0,1,0,0,0,0,0,0,0,0,0,0,0,0,0,0,0,0,0,0,0
ChIJzRSsYiJPqDsRzGxSBCLx3W0,Mds Bakery,Ottakkalmandapam,Mayileripalayam,10.8559,77.013646,Bakery & Desserts,Budget,3.9,619,0,6.429719478039138,168.0,16.443801752696615,0.6931471805599453,0,0,0,0,0,0,1,0,1,0,1,0,1,0,0,0,1,1,1,1,1,1,0
ChIJVQI34KlPqDsR-swVHjcnfdE,SENTHUR BAKES,Coimbatore,Solavampalayam,10.837553,77.016154,Bakery & Desserts,Not disclosed,3.8,131,0,4.882801922586371,122.5,18.45777046558054,2.1972245773362196,1,0,0,1,0,0,0,0,0,0,0,0,0,0,0,0,0,0,0,1,1,0,0
ChIJdzuSeABPqDsRagkpa-nYghI,AKS BAKERY & FAST FOOD,Solavampalayam,Solavampalayam,10.829074,77.011757,Bakery & Desserts,Mid,4.3,24,1,3.2188758248682006,87.0,19.209326280103138,2.772588722239781,1,0,0,1,0,0,1,0,1,0,0,0,0,0,0,0,0,0,0,0,0,0,0
ChIJtx7xnNVPqDsRvKWsB9njFTg,LONDON BAKES CAFE,Kinathukadavu,Kinathukadavu,10.822732,77.019431,Bakery & Desserts,Not disclosed,3.5,15,0,2.772588722239781,116.0,20.133836333468047,3.4011973816621555,1,0,0,1,0,0,0,0,0,0,0,0,0,0,0,0,0,0,0,1,1,0,0
ChIJa6_zvSpPqDsR1_MkHupCehQ,Gokulam Sri Amman Bakery,Solavampalayam,Solavampalayam,10.832372,77.017403,Bakery & Desserts,Budget,4.4,14,1,2.70805020110221,119.0,19.04708957305313,2.833213344056216,1,0,0,1,0,0,1,0,0,0,0,0,1,0,0,0,0,0,0,1,1,0,0
ChIJ9frhvmtLqDsRudr0OBmW-Z0,JAI SRI DWARAKAA HOTEL (VEG/NON VEG),Pollachi,Vaikal Medu,10.756636,77.105566,Multi-cuisine / General,Premium,4.1,276,0,5.6240175061873385,77.0,30.789306985499746,0.0,1,0,0,1,0,0,1,1,1,0,1,0,1,1,0,0,1,1,0,0,1,0,0
ChIJ0XDeyrxaqDsRezqJOE92CPs,Shaji's Dhaba Restaurant,Settipalayam,Malumichampatti,10.900646,76.998785,Multi-cuisine / General,Mid,3.6,1807,0,7.4999765409521215,115.5,11.216137074368664,1.3862943611198906,1,0,0,1,0,0,1,1,1,0,1,0,1,1,0,0,1,1,1,0,1,0,0
ChIJ56u0HjBbqDsRQw7QlseQ-aI,saravana bhavan,Seerapalayam,Seerapalayam,10.917984,76.986624,Vegetarian,Budget,3.3,2175,0,7.685243607975833,108.5,8.953282895344282,2.0794415416798357,0,0,0,1,0,0,1,1,1,0,1,0,1,1,0,0,1,1,0,1,1,0,1
ChIJw6Tn7_T_qDsRVyB81xHlniU,Kovai Thottathu varuval,Thennampalayam,Arasur,11.088629,77.132825,Multi-cuisine / General,Not disclosed,4.3,1837,1,7.516433302915632,77.0,21.432099921360813,0.6931471805599453,1,1,0,1,0,0,1,0,0,0,0,0,0,0,0,0,0,0,0,0,1,0,0
ChIJ17vpyvhZqDsRZk0jxT-L9Co,Tawa Club,R.S. Puram,Coimbatore,11.009517,76.957384,Multi-cuisine / General,Not disclosed,3.3,39,0,3.6888794541139363,98.0,1.7156398129907107,5.402677381872279,0,0,0,0,0,0,0,0,0,0,0,0,0,0,0,0,0,0,0,0,1,0,0
ChIJnbqnzHxaqDsReZjeoJc8xGY,Arasan Restaurant,Malumichampatti,Malumichampatti,10.921233,77.00458,Multi-cuisine / General,Not disclosed,3.7,476,0,6.1675164908883415,87.5,9.421995399494127,0.0,0,0,0,1,0,0,0,0,0,0,0,0,0,0,0,0,0,0,1,0,1,0,0
ChIJSWrg11ZFqDsRaYXqzeYVGeA,Alagarsamy Vilas,Pushpa Nagar,Ottakkalmandapam,10.874484,77.005149,South Indian & Regional,Not disclosed,4.2,432,1,6.07073772800249,90.0,14.184637976098214,0.6931471805599453,0,0,0,1,0,0,1,0,0,0,0,0,0,0,0,0,0,0,0,1,1,0,0
ChIJC8Hz7k9bqDsRVGDNiQIDlg8,Food Land Family Restaurant/Dhaba,Seerapalayam,Seerapalayam,10.908838,76.976819,Multi-cuisine / General,Mid,4.1,119,0,4.787491742782046,84.0,9.683721713105204,1.0986122886681096,1,0,0,0,0,0,1,1,1,0,1,0,1,0,1,0,1,1,0,0,1,0,0
ChIJc8u4DADNqTsRsZ_JjTvbjlU,The South Indian Restaurant,Unjavelampatti,Unjavelampatti,10.659137,77.058314,Multi-cuisine / General,Not disclosed,3.9,46,0,3.8501476017100584,112.0,38.77440828152295,1.0986122886681096,1,0,0,1,0,0,0,0,0,0,0,0,0,0,0,0,0,0,0,1,1,0,0
ChIJT2rK6JhbqDsRCz4LbUTnEYg,Unique Multicuisine Restaurant,Coimbatore,Madukkarai,10.899515,76.968599,Multi-cuisine / General,Mid,3.7,403,0,6.0014148779611505,112.0,10.60213965838724,2.302585092994046,1,0,0,0,0,0,1,1,1,0,1,0,1,1,0,0,1,1,0,1,1,0,0
ChIJh9QImc9FqDsRN9FwBate6FE,taste of india,Mayileripalayam,Mayileripalayam,10.863053,77.011684,Multi-cuisine / General,Not disclosed,3.7,63,0,4.1588830833596715,105.0,15.623662194118676,1.0986122886681096,1,0,0,1,0,0,0,0,0,0,0,0,0,0,0,0,0,0,0,1,1,0,0
ChIJx5_z2dxPqDsRCArhifAEOvE,EMBIRAN Restaurant,Vadasithur,Vadasithur,10.834363,77.090976,Multi-cuisine / General,Budget,3.9,34,0,3.5553480614894135,73.5,22.7512231938765,0.0,1,0,1,1,0,0,1,1,1,0,0,0,1,1,0,0,0,0,0,0,1,0,0
ChIJ9Zc6Q6tFqDsRZFEEYsTOjdo,Dev Punjabi Dhaba,Myleripalayam pirivu,Mayileripalayam,10.866908,77.010623,Multi-cuisine / General,Not disclosed,4.3,97,1,4.584967478670572,84.0,15.181683191276289,0.6931471805599453,1,0,0,1,0,1,0,0,0,1,0,0,0,0,0,0,0,0,0,0,1,0,0
ChIJydKYCrBbqDsR0K0ZlbgLwnQ,Kovai restaurant,Gandhi Nagar,Madukkarai,10.914815,76.948306,Multi-cuisine / General,Not disclosed,3.5,81,0,4.406719247264253,98.0,8.986110131981086,2.639057329615259,0,0,0,0,0,0,0,0,0,0,0,0,0,0,0,0,0,0,0,0,1,0,0
ChIJ0zOgh-dbqDsRaleIqZsCNJA,Haryana Dhamaka Hotel pure Vegetarian,Madukkarai,Madukkarai,10.894231,76.938747,Multi-cuisine / General,Budget,4.0,238,0,5.476463551931511,87.0,11.431248057663122,2.0794415416798357,1,0,0,1,0,0,1,1,0,1,1,0,1,1,0,0,0,0,0,0,0,0,1
ChIJL3p37FlbqDsRtCD4mcR918E,Ramesh Hotel,Madukkarai,Madukkarai,10.891946,76.923539,South Indian & Regional,Not disclosed,4.8,48,1,3.8918202981106265,91.5,12.139939861093385,2.3978952727983707,1,0,0,0,0,0,1,0,0,0,0,0,0,0,0,0,0,0,0,1,1,0,0
ChIJwWc8YSJbqDsR6GmhJByiTnw,KL 70 Kerala restaurant,market,Coimbatore,10.904591,76.964864,Multi-cuisine / General,Premium,3.8,67,0,4.219507705176107,105.0,10.015686008822584,2.8903717578961645,1,0,0,1,0,0,1,1,1,0,0,0,1,1,0,0,0,0,0,0,1,0,0
ChIJGzYpQqpbqDsRhPXUao0RdsU,Hotel Tamil Nadu,Ettimadai R.f.,Madukkarai,10.895372,76.944885,Multi-cuisine / General,Not disclosed,3.8,15,0,2.772588722239781,87.0,11.179989860961646,2.0794415416798357,0,0,0,0,0,0,0,0,0,0,0,0,0,0,0,0,0,0,0,0,0,0,0
ChIJe_UudN5aqDsRXmM0JAW025A,Aarokya Restaurant,block,Madukkarai,10.901706,76.969863,Multi-cuisine / General,Premium,4.1,482,0,6.180016653652572,80.5,10.370579307483238,2.639057329615259,1,0,0,1,0,0,1,1,1,0,1,0,1,0,1,0,0,0,1,0,1,0,0
ChIJRfpgVBRbqDsRKyzJ6PNr8vA,Tikka Talk The shawarma and Grill Hub,Settipalayam,Malumichampatti,10.902188,76.998574,Multi-cuisine / General,Not disclosed,4.7,125,1,4.836281906951478,56.0,11.048119070289895,1.3862943611198906,1,0,0,1,0,0,0,0,0,0,0,0,0,0,0,0,0,0,0,0,1,0,0
ChIJuQMSRtpbqDsRNXtTdxszw2w,Crazy Kebabz,Coimbatore,Madukkarai,10.90914,76.967135,Fast food & Quick bites,Budget,4.5,27,1,3.332204510175204,87.0,9.523321075517952,2.70805020110221,0,0,0,1,0,0,1,0,0,0,0,0,1,1,0,0,0,1,0,0,0,0,0
ChIJw7jtbABJqDsR3PgETFEGr8M,Star Biryani & chinese,Thamaraikulam,Nallattipalayam,10.777477,77.015706,Multi-cuisine / General,Mid,3.2,52,0,3.970291913552122,84.0,24.860547058954573,0.6931471805599453,0,0,0,0,0,0,1,1,0,0,0,0,1,1,0,0,0,0,0,0,1,0,0
ChIJZYWKLXpaqDsRS1pn4Jo3SRI,Godwin's Foody Buddy Garden and Family Restaurant,Coimbatore,Malumichampatti,10.934611,77.003259,Biryani & Non-veg,Mid,3.8,3197,0,8.0702808933939,84.0,8.085536118763159,1.6094379124341003,1,0,0,1,0,0,1,1,1,1,1,1,1,1,1,0,1,1,0,0,1,0,1
ChIJcST0iCFPqDsRKqxhg35ZjJM,SK Agency (MBR ICECREAMS),Kinathukadavu,Kinathukadavu,10.806837,77.01677,Bakery & Desserts,Not disclosed,5.0,46,1,3.8501476017100584,168.0,21.736016806507372,1.791759469228055,1,1,0,1,0,0,1,0,1,0,0,0,0,1,0,0,0,0,1,1,1,0,0
ChIJ4fYuOQBbqDsRIga5PKUb5Z4,Scoopso,Eachanari,Coimbatore,10.930688,76.980615,Bakery & Desserts,Not disclosed,4.7,22,1,3.1354942159291497,66.0,7.40979455949526,2.995732273553991,0,0,0,0,0,0,0,0,0,0,0,0,0,0,0,0,0,0,0,0,1,0,0
ChIJVZ_qprtbqDsREihK_AiVo1M,Gowri Garden Restaurant,Madukkarai,Madukkarai,10.902084,76.970378,Multi-cuisine / General,Not disclosed,3.9,150,0,5.017279836814924,70.0,10.333896323252942,2.639057329615259,0,0,0,0,0,0,0,0,0,0,0,0,0,0,0,0,0,0,0,0,1,0,0
ChIJH6xqHcpdqDsR8jLCQh634f4,Rowther Briyani DRB,to,Coimbatore,10.889125,76.918678,Biryani & Non-veg,Not disclosed,4.5,51,1,3.9512437185814275,77.0,12.621670185809487,2.5649493574615367,1,0,0,1,0,0,0,0,0,0,0,0,0,0,0,0,0,0,0,0,1,0,0
ChIJz6HIe5BZqDsRnimPEV8JHIs,CHOICE FOOD COURT AL-BAARI RESTAURANT,Chettipalayam Pirivu,Madukkarai,10.894367,76.931868,Multi-cuisine / General,Budget,3.6,363,0,5.8971538676367405,112.0,11.602355925026089,2.302585092994046,1,0,0,1,0,0,1,1,1,0,1,0,1,1,0,0,1,1,1,0,1,0,0
ChIJLZU0cgBbqDsRfyCccOtCR3Q,Chickxy Restaurant,R.F,Madukkarai,10.893777,76.925871,Multi-cuisine / General,Mid,4.5,58,1,4.07753744390572,98.0,11.863038594635512,2.1972245773362196,1,0,0,1,0,0,1,1,0,0,0,0,1,1,0,0,0,0,1,0,1,0,0
ChIJR1FsE3lbqDsRdb-Ze9F0tko,Kovai Bun parotta,Eachanari,Coimbatore,10.924682,76.98201,Multi-cuisine / General,Mid,3.9,258,0,5.556828061699537,70.0,8.093543716238056,2.8903717578961645,1,0,0,0,0,0,1,1,0,0,0,0,1,0,0,0,0,1,0,0,1,0,0
ChIJgyaN2ZBbqDsR3JGWhlv8SGE,MK MADURAI BUN PAROTTA,Gandhi Nagar,Coimbatore,10.912164,76.948681,Multi-cuisine / General,Not disclosed,4.4,34,1,3.5553480614894135,87.0,9.271034226572352,2.639057329615259,1,0,0,1,0,0,0,0,0,0,0,0,0,0,0,0,0,0,0,0,0,0,0
ChIJH1ZD_MlbqDsReiUeaidsaOw,YUMMY DAY Restaurant & Bakes,Marapalam,Madukkarai,10.896748,76.935394,Multi-cuisine / General,Budget,4.4,14,1,2.70805020110221,168.0,11.24495892507021,1.791759469228055,0,0,0,1,0,0,1,1,1,1,1,0,1,1,0,0,0,1,1,1,1,0,0
ChIJxfcpclxbqDsRuVhFe5h87IU,Fathima Bakery,Gandhi Nagar,Madukkarai,10.918256,76.948328,Bakery & Desserts,Not disclosed,3.9,21,0,3.091042453358316,87.0,8.608175747587108,2.639057329615259,0,0,0,1,0,0,0,0,0,0,0,0,0,0,0,0,0,0,0,0,0,0,0
ChIJlRbHR_lbqDsRuYbNb__91lU,Jaya's bakery,Gandhi Nagar,Madukkarai,10.918253,76.948308,Fast food & Quick bites,Not disclosed,5.0,10,1,2.3978952727983707,87.0,8.608866926312725,2.639057329615259,1,0,0,1,0,0,1,0,1,0,0,0,1,1,0,0,0,0,0,0,0,0,0
ChIJnXQ8cx1bqDsRWau6AUVN2KU,UNIQUE BAKERS,Anbu Nagar,Madukkarai,10.896436,76.958613,Bakery & Desserts,Not disclosed,4.1,82,0,4.418840607796598,168.0,10.91957858042597,2.4849066497880004,1,0,0,0,0,0,0,0,0,0,0,0,0,0,0,0,0,0,1,1,1,0,0
ChIJc4SUFodbqDsRFNb2liok_eo,J R BAKES,Gandhi Nagar,Coimbatore,10.91807,76.948245,Bakery & Desserts,Budget,4.0,100,0,4.61512051684126,168.0,8.630075762680471,2.639057329615259,1,0,0,1,0,0,1,0,1,0,1,0,1,0,0,0,0,1,1,1,1,1,0
ChIJh-HXdlFbqDsR6F9GIolWFvI,Breeze Bake & Cafe,Ettimadai,Madukkarai,10.888985,76.919908,Bakery & Desserts,Not disclosed,4.1,2259,0,7.723120092266331,168.0,12.587190877596893,2.5649493574615367,1,0,0,1,0,0,1,0,0,0,0,0,0,0,0,0,0,0,1,1,1,0,0
ChIJi-8lpONaqDsRJhGb-E5pNk4,Sri Mahalakshmi Bakery,Madukkarai,Madukkarai,10.911248,76.968135,Bakery & Desserts,Budget,3.9,91,0,4.5217885770490405,122.5,9.297437688053199,2.302585092994046,0,0,0,0,0,0,1,0,1,0,0,0,0,0,0,0,0,1,0,1,1,1,0
ChIJtwpkZShbqDsRC_HN7iabyag,Paramount Restaurant & Bakes,Chettipalayam Pirivu,Madukkarai,10.895458,76.939935,Multi-cuisine / General,Not disclosed,3.9,122,0,4.812184355372417,168.0,11.270401259260113,2.302585092994046,1,0,0,1,0,0,0,0,0,0,0,0,0,0,0,0,0,0,1,1,1,0,0
ChIJC50uqHRbqDsRoO3ZmbHHUfc,City Cake Shop,sundarapuram,Madukkarai,10.902811,76.952268,Bakery & Desserts,Budget,4.1,85,0,4.454347296253507,133.0,10.255045558110723,2.639057329615259,1,0,0,1,0,0,1,0,1,0,0,0,0,0,0,0,0,1,0,1,1,1,0
ChIJtXKiiFxbqDsR8O_aFHRMw-0,MDS Bakes,Madukkarai,Seerapalayam,10.917288,76.98526,Bakery & Desserts,Not disclosed,4.1,1117,0,7.0192966537150445,168.0,8.98265172860547,2.0794415416798357,1,0,0,0,0,0,0,0,0,0,0,0,0,0,0,0,0,0,1,1,1,1,0
ChIJDdDsUMRbqDsRocBP4kJPXBg,SABARI BAKERY,Coimbatore,Madukkarai,10.895871,76.955606,Bakery & Desserts,Budget,4.0,388,0,5.963579343618446,133.0,10.996371869605571,2.5649493574615367,1,0,0,1,0,0,1,0,1,0,0,0,1,0,0,0,1,1,0,1,1,1,0
ChIJd86qkx9bqDsRGhYNkaf2_34,Kalaivani Bakery,Anbu Nagar,Madukkarai,10.903955,76.962678,Bakery & Desserts,Not disclosed,2.2,14,0,2.70805020110221,87.0,10.080229718887693,2.9444389791664403,0,0,0,0,0,0,0,0,0,0,0,0,0,0,0,0,0,0,0,0,0,1,0
ChIJW-BNMBVbqDsRfA10FUE2z9w,Madukkarai Bakery .tea. Coffee. Cool drinks.,Gandhi Nagar,Madukkarai,10.914754,76.948287,Cafe & Beverages,Not disclosed,4.3,10,1,2.3978952727983707,168.0,8.993136681229634,2.639057329615259,0,0,0,0,0,0,0,0,0,0,0,0,0,0,0,0,0,0,1,1,1,0,0
ChIJs5WwAgBbqDsR3ZPgXG5LTQM,PSK CAFETERIA,Mettankadu,Madukkarai,10.899888,76.952475,Cafe & Beverages,Premium,4.6,117,1,4.770684624465665,75.75,10.576470651517575,2.5649493574615367,1,0,0,1,0,0,1,1,1,0,1,0,1,1,0,0,0,1,0,0,1,0,0
ChIJKf8oDTZbqDsR2XVw-0nfR4s,Kaviin'z Enterprises,Madukkarai,Madukkarai,10.909631,76.967393,Multi-cuisine / General,Mid,4.7,37,1,3.6375861597263857,94.5,9.470747170028735,2.639057329615259,1,0,0,1,1,0,1,1,1,1,1,1,1,1,0,0,0,1,0,0,1,0,0
ChIJSQyXj7lbqDsRgksvjAbb2Q4,DHARANI FAST FOOD,Madukkarai,Coimbatore,10.914349,76.953032,Multi-cuisine / General,Budget,5.0,10,1,2.3978952727983707,39.0,8.970142215405673,2.639057329615259,1,0,0,1,0,0,1,0,0,0,0,0,0,1,0,0,0,0,0,0,1,0,0
ChIJR8UJq3FbqDsRpdzFYfXlri0,Thoufika Biriyani Hotel,Madukkarai,Madukkarai,10.903761,76.957832,Biryani & Non-veg,Not disclosed,4.5,13,1,2.639057329615259,87.0,10.108343753670937,2.639057329615259,0,0,0,0,0,0,0,0,0,0,0,0,0,0,0,0,0,0,0,0,0,0,0
ChIJLfCoGqdbqDsRHfkzODCSwAk,AMBUR BIRIYANI HUT,Eachanari,Coimbatore,10.928303,76.984825,Multi-cuisine / General,Not disclosed,4.6,44,1,3.8066624897703196,84.0,7.80282825286823,2.772588722239781,1,0,0,1,0,0,0,0,0,0,0,0,0,0,0,0,0,0,0,0,1,0,0
ChIJ73uxGgBbqDsRX7x3zMNslg8,Sree Ponnar Sankar Biryani And Catering,Madukkarai,Madukkarai,10.908389,76.966035,Biryani & Non-veg,Budget,5.0,20,1,3.044522437723423,6.0,9.599571026072763,2.70805020110221,1,0,0,1,0,0,1,0,1,0,0,0,1,1,0,0,0,1,0,0,1,0,0
ChIJ5bO5YGRbqDsRtu6EhZK3Bf8,Krishna Chettinadu Mess,Kurumbapalayam,Madukkarai,10.911425,76.968224,Multi-cuisine / General,Budget,3.7,25,0,3.258096538021482,168.0,9.27859297999291,2.302585092994046,0,0,0,1,0,0,1,1,0,0,0,0,1,0,0,0,0,0,1,1,1,0,0
ChIJO1qwoklbqDsRdTSGM573R1E,Hungry Wheelz Family Restaurant,Malumichampatti,Coimbatore,10.935593,77.003606,Multi-cuisine / General,Premium,4.6,231,1,5.44673737166631,84.0,8.017395426979366,1.791759469228055,1,0,0,1,0,0,1,1,1,1,1,1,1,1,0,0,1,1,0,0,1,0,0
ChIJPVJ5IUJbqDsRZXOQAMt95J0,NANDHA CHICKEN 1,Market,Coimbatore,10.909457,76.967033,Multi-cuisine / General,Not disclosed,4.8,10,1,2.3978952727983707,87.0,9.487420529743718,2.639057329615259,1,0,0,1,0,0,0,0,0,0,0,0,0,0,0,0,0,0,0,0,0,0,0
ChIJp24UkhdbqDsRsWzsZMvdCYM,Hotel Dmr,Madukkarai,Madukkarai,10.904376,76.959445,Multi-cuisine / General,Budget,3.6,14,0,2.70805020110221,168.0,10.034721024917486,2.70805020110221,1,0,0,1,0,0,1,1,0,0,0,0,1,0,0,0,0,0,1,1,1,0,0
ChIJ7ZJYWgBbqDsRYtLbgz59i4U,phoenix family restaurant,Eachanari,Coimbatore,10.917257,76.984895,Multi-cuisine / General,Mid,4.0,184,0,5.220355825078325,99.0,8.974481522919893,2.0794415416798357,1,0,0,1,0,0,1,1,1,1,1,1,1,1,1,0,1,1,1,1,1,0,0
ChIJo-oTH85bqDsR9kM3_2s1LNw,Tea Room,Mettankadu,Madukkarai,10.895957,76.948744,Cafe & Beverages,Mid,4.0,28,0,3.367295829986474,115.5,11.05528193844683,2.302585092994046,1,0,0,0,0,0,1,0,0,0,0,0,1,0,0,0,0,0,0,1,1,0,0
ChIJd6qIE6JZqDsRKXr6cAf4i0M,Haqsan Biriyani Hotel,mall,Coimbatore,11.010295,76.957662,Multi-cuisine / General,Not disclosed,4.9,28,1,3.367295829986474,28.0,1.7922632981070756,5.420534999272286,1,0,0,1,0,0,0,0,0,0,0,0,0,0,0,0,0,0,0,0,1,0,0
ChIJ_Qk1oItbqDsRhjHaBUAV1yQ,Venkadachalapathy,Madukkarai,Coimbatore,10.888247,76.953975,Cafe & Beverages,Not disclosed,4.6,18,1,2.9444389791664403,87.0,11.853663463375577,1.0986122886681096,1,0,0,1,0,0,0,0,0,0,0,0,0,0,0,0,0,0,0,0,0,0,0
ChIJR84A8QtbqDsRvbCSAwO-AVc,Shaaa bakery&hotel,Coimbatore,Madukkarai,10.893799,76.926598,Cafe & Beverages,Not disclosed,5.0,15,1,2.772588722239781,168.0,11.835008695387025,2.0794415416798357,1,0,0,0,0,0,0,0,0,0,0,0,0,0,0,0,0,0,1,1,1,0,0
ChIJYT0fkL9cqDsRea4GPYzXTs0,BRN Bhai's Cafe,Ettimadai,Ettimadai,10.898277,76.89642,Multi-cuisine / General,Not disclosed,4.2,33,1,3.5263605246161616,105.0,12.846871773668118,1.791759469228055,0,0,0,1,0,0,1,0,0,0,0,0,0,0,0,0,0,0,0,1,1,0,0
ChIJvQ4EUQBdqDsRv0_gglCWHyY,Ruchi World Hotel & Bakery,Ettimadai,Ettimadai,10.886336,76.913966,Multi-cuisine / General,Budget,4.2,21,1,3.091042453358316,119.0,13.104987624602243,2.772588722239781,0,0,0,1,0,0,1,1,0,0,0,0,1,1,0,0,0,0,1,1,1,0,0
ChIJcelDWwBbqDsR5D9c49HksMs,Velan Kaappi,BK Pudur,Kuniyamuthur,10.939375,76.951723,Cafe & Beverages,Budget,4.5,82,1,4.418840607796598,87.5,6.2309411579318414,4.060443010546419,1,0,0,1,0,0,1,0,1,0,0,0,1,1,0,0,0,0,0,1,1,1,0
ChIJoz9t4PldqDsReJB-0YtiEL8,Moorthi Anna mess,Ettimadai,Ettimadai,10.890536,76.907686,Multi-cuisine / General,Not disclosed,4.8,24,1,3.2188758248682006,87.0,12.972471841280056,2.4849066497880004,0,0,0,0,0,0,0,0,0,0,0,0,0,0,0,0,0,0,0,0,0,0,0
ChIJN-QtSEBdqDsR3ZhQ3V5sueI,CHAPPATHI COMPANY,Ettimadai,Ettimadai,10.886753,76.91465,Multi-cuisine / General,Budget,4.1,18,0,2.9444389791664403,94.5,13.032980195382128,2.772588722239781,1,0,1,1,0,0,1,0,0,0,0,0,1,1,0,0,0,1,0,0,1,0,0
ChIJkQW1JqhcqDsRZP92FpvScaA,Haryana Dhaba & Bakes,R.F,Ettimadai,10.888591,76.917662,Multi-cuisine / General,Not disclosed,3.9,3352,0,8.117610746466228,84.0,12.718094271755467,2.4849066497880004,1,0,0,1,0,0,1,0,0,0,0,0,0,0,0,0,0,0,0,0,1,0,0
ChIJIXdoCwBdqDsRkUgJVM0x8aY,Sri Krishna Hut,MATHA COLONY,Ettimadai,10.897754,76.899925,Multi-cuisine / General,Mid,2.8,27,0,3.332204510175204,87.0,12.688923033292541,1.791759469228055,0,0,0,1,0,0,1,1,0,0,0,0,1,1,0,0,0,0,0,0,0,0,0
ChIJCYJtLFhbqDsR5--sBLRcyE0,Namma Annachi Unavagam,Ettimadai,Ettimadai,10.890623,76.920832,Multi-cuisine / General,Mid,4.0,104,0,4.653960350157523,102.0,12.380982417776304,2.4849066497880004,0,0,0,0,0,0,1,1,0,0,0,0,1,1,0,0,0,0,0,0,1,0,0
ChIJCT1WPABbqDsRBhBybug16ac,A1 bai biriyani,R.F,Madukkarai,10.893153,76.92604,Multi-cuisine / General,Not disclosed,4.4,10,1,2.3978952727983707,168.0,11.922646839087708,2.1972245773362196,0,0,0,0,0,0,0,0,0,0,0,0,0,0,0,0,0,0,1,1,1,0,0
ChIJe7RjGgBDqDsRzdQ0yeFqJfw,Hotel Thangam Family Restaurant,Kandhe Gounden Chavadi,Ettimadai,10.871196,76.896347,Multi-cuisine / General,Budget,4.6,60,1,4.110873864173311,115.5,15.45097996280835,2.4849066497880004,0,0,0,1,0,0,1,1,0,0,1,0,1,1,0,0,0,0,0,1,1,0,0
ChIJ1eOddgBdqDsR7NEfX0Ng0HQ,Bawarchi Biryani,Ettimadai,Coimbatore,10.897797,76.901943,Biryani & Non-veg,Not disclosed,4.3,16,1,2.833213344056216,87.0,12.569694027924628,1.791759469228055,0,0,0,0,0,0,0,0,0,0,0,0,0,0,0,0,0,0,0,0,0,0,0
ChIJASHF-f9DqDsRf2Y7pVYFSiE,Luv bites cafe& restaurant,Kandhe Gounden Chavadi,Ettimadai,10.877591,76.899796,Multi-cuisine / General,Not disclosed,4.5,51,1,3.9512437185814275,70.0,14.64634660369297,2.5649493574615367,1,0,0,1,0,0,0,0,0,0,0,0,0,0,0,0,0,0,0,0,1,0,0
ChIJldVQagBDqDsRyyEI7qIR6F4,Hotel Amirthaas,Kandhe Gounden Chavadi,Ettimadai,10.870127,76.88754,Multi-cuisine / General,Budget,3.8,329,0,5.799092654460526,112.0,16.01848248800771,1.791759469228055,0,0,0,0,0,0,1,1,0,0,1,0,1,1,0,0,1,1,0,1,1,0,1
ChIJ54tJoPZtqDsRlfy9IjpbUpk,JS BAKES & MESS,JUNCTION,Ettimadai,10.88362,76.909514,Bakery & Desserts,Budget,3.5,10,0,2.3978952727983707,168.0,13.578430040181473,2.639057329615259,1,0,0,1,0,0,0,0,0,0,0,0,0,0,0,0,0,0,1,1,1,0,0
ChIJ0Rz8LvpdqDsRriG7UQsPDsI,Happy Bakes & Cakes,Ettimadai,Ettimadai,10.886059,76.909834,Bakery & Desserts,Not disclosed,4.3,155,1,5.049856007249537,91.0,13.317617227292953,2.70805020110221,1,0,0,1,0,0,0,0,0,0,0,0,0,0,0,0,0,0,0,0,1,0,0
ChIJ57M3DUxDqDsRjT8qhhFWzO0,Sona Bakery oven fresh,Kandhe Gounden Chavadi,Ettimadai,10.877542,76.898983,Cafe & Beverages,Budget,3.9,335,0,5.817111159963204,119.0,14.692144093068222,2.4849066497880004,1,0,0,1,0,0,1,1,1,0,0,0,1,1,0,0,0,1,0,1,1,0,0
ChIJ5bQzaTtdqDsR-hEBdC5X1gU,Harish Bakes,Thitumalayampalayam Pirivu,Thirumalayampalayam,10.887447,76.917199,Bakery & Desserts,Not disclosed,4.8,12,1,2.5649493574615367,115.5,12.854976659358352,2.639057329615259,1,0,0,0,0,0,0,0,0,0,0,0,0,0,0,0,0,0,0,1,1,0,0
ChIJpSIpjFZDqDsRukTDxbwJF8A,SAI BAKES,,,10.872077,76.897223,Bakery & Desserts,Not disclosed,4.4,60,1,4.110873864173311,87.0,15.320065429769645,2.3978952727983707,1,0,0,1,0,0,0,0,0,0,0,0,0,0,0,0,0,0,0,0,0,0,0
ChIJzXM2SABDqDsRrOK3tf9d9e4,BREEZE BAKE AND CAFE,Mavuthampathi,Mavuthampathi,10.864317,76.877063,Bakery & Desserts,Budget,4.2,179,1,5.19295685089021,168.0,17.165376597080833,0.6931471805599453,0,0,0,1,0,0,1,0,0,0,1,0,1,0,0,0,1,1,1,1,1,0,0
ChIJkcl9ODFDqDsROFrrVW0KqTE,Amirtha Bakers,Kandhe Gounden Chavadi,Ettimadai,10.870852,76.8885,Bakery & Desserts,Budget,3.7,309,0,5.736572297479192,168.0,15.89613774146977,1.9459101490553132,0,0,0,1,0,0,1,0,1,0,1,0,0,0,0,0,0,0,1,1,1,0,0
ChIJn_uYLABDqDsR_yYwpuKYUPs,Born juice cafe kg chavadi,Santhaipettai,Ettimadai,10.875128,76.894833,Cafe & Beverages,Not disclosed,4.9,11,1,2.4849066497880004,91.0,15.142640124037394,2.4849066497880004,1,0,0,0,0,0,0,0,0,0,0,0,0,0,0,0,0,0,0,0,1,0,0
ChIJZWyPe5BdqDsRnci9izYvM74,F5 Cafe,Ettimadai,Ettimadai,10.89825,76.896145,Cafe & Beverages,Budget,4.9,25,1,3.258096538021482,63.0,12.865974339257154,1.791759469228055,1,0,0,1,0,0,1,1,0,0,1,0,1,1,0,0,0,1,0,0,1,0,0
ChIJBT0AveddqDsRddl1Lufb79A,AB2 IT CANTEEN,Amrita University,Ettimadai,10.904918,76.898142,Multi-cuisine / General,Not disclosed,2.7,76,0,4.343805421853684,87.0,12.129963367373534,1.6094379124341003,1,0,0,1,0,0,0,0,0,0,0,0,0,0,0,0,0,0,0,0,0,0,0
ChIJ6YnN6hVZqDsRUf-pwDqmRHQ,Hotel Chinthamani veg & non veg,Gopalapuram,Coimbatore,10.998907,76.96826,South Indian & Regional,Mid,3.7,509,0,6.234410725718371,84.0,0.8888467739637482,4.8283137373023015,1,1,0,1,0,0,1,1,1,0,1,0,1,1,0,0,1,1,0,0,1,0,0
ChIJYX9A4IhYqDsR7O1GSgJ_s6w,Sri Balaji Hotel,Sanganoor,Coimbatore,11.044129,76.960092,Multi-cuisine / General,Not disclosed,3.9,310,0,5.739792912179234,114.0,5.509223531358635,3.6109179126442243,1,0,0,1,0,0,1,0,0,0,0,0,0,0,0,0,0,0,1,1,1,1,0
ChIJce27bt1CqDsRk1Hf1j2247g,Adyar Ananda Bhavan - A2B,Mavuthampathi,Mavuthampathi,10.855668,76.862387,Vegetarian,Mid,4.1,9825,0,9.192787212728593,112.0,18.855172421446774,0.6931471805599453,1,1,0,1,1,0,1,1,1,1,1,0,1,1,1,1,1,1,0,1,1,1,1
ChIJM6U_HMxDqDsREnvoyEYs8nE,Slice of spice,Navakkarai,Walayar,10.855245,76.861247,Multi-cuisine / General,Not disclosed,4.4,561,1,6.331501849893691,80.5,18.965221697164466,0.6931471805599453,1,0,0,1,0,0,0,0,0,0,0,0,0,0,0,0,0,0,1,0,1,0,0
ChIJV1eqDjFDqDsRR5tJhM8mbQw,Hotel Aryaas,Kandhe Gounden Chavadi,Ettimadai,10.870455,76.886881,South Indian & Regional,Not disclosed,3.8,3956,0,8.283241441385425,108.5,16.023387860556802,1.0986122886681096,1,0,0,1,0,0,1,0,0,0,0,0,0,0,0,0,0,0,0,1,1,1,0
ChIJUUjo5dRDqDsR3CSmci6Wi7U,Hotel Junior Kuppanna,Mavuthampathi,Mavuthampathi,10.862979,76.87265,South Indian & Regional,Mid,3.6,2807,0,7.940227765145702,114.33333333333333,17.552439445833958,0.6931471805599453,0,0,0,0,0,0,1,1,1,0,1,0,1,1,0,1,1,1,0,1,1,0,0
ChIJz7otlRZDqDsR7ZcFaK_w2CY,VILLAGE DHABA AND BAKES,Kandhe Gounden Chavadi,Ettimadai,10.871301,76.896376,Multi-cuisine / General,Budget,3.9,174,0,5.1647859739235145,117.0,15.439155346960911,2.4849066497880004,0,0,0,1,0,0,1,1,0,0,1,0,1,1,1,1,0,1,0,1,1,0,0
ChIJBXizZgBDqDsRuGocJvZbgRM,Rajasthan Tea Stall,Kandhe Gounden Chavadi,Ettimadai,10.876019,76.896101,Cafe & Beverages,Not disclosed,4.4,15,1,2.772588722239781,105.0,14.989458520221953,2.302585092994046,0,0,0,1,0,0,0,0,0,0,0,0,0,0,0,0,0,0,0,1,1,0,0
ChIJEQtoVwBZqDsREajRlCDQeWU,Hotel New Elite,Karumbukkadai,Coimbatore,10.978074,76.965909,Multi-cuisine / General,Not disclosed,4.5,29,1,3.4011973816621555,87.5,1.902380301078027,3.1780538303479458,1,0,0,1,0,0,0,0,0,0,0,0,0,0,0,0,0,0,1,0,1,0,0
ChIJF6BTg8tZqDsRBCzjnf66IiE,Haribhavanam Hotel - Brookefields,R.S. Puram,Coimbatore,11.009463,76.958874,South Indian & Regional,Premium,4.3,331,1,5.805134968916488,80.5,1.6755310108500654,5.365976015021851,1,1,0,1,1,1,1,1,1,1,1,0,1,1,0,0,1,1,0,0,1,1,0
ChIJuSjERUpnqDsRHfTuqza-Z6s,Tea Coffee Food,Poondi,Semmedu,10.959681,76.739761,Cafe & Beverages,Not disclosed,4.7,103,1,4.6443908991413725,108.5,24.5037919449924,0.0,0,0,0,0,0,0,1,1,1,0,0,0,1,1,0,0,0,0,0,1,1,0,0
ChIJ1XwIKgBdqDsRxG0jYXoxnK4,AVH Dhaba,Madukkarai,Ettimadai,10.884558,76.911074,Multi-cuisine / General,Not disclosed,3.3,38,0,3.6635616461296463,87.0,13.413046361471954,2.772588722239781,0,0,0,0,0,0,0,0,0,0,0,0,0,0,0,0,0,0,0,0,0,0,0
ChIJbzEAG4BZqDsRVdgnxC1H9zA,SS FOOD STALL,Sanganoor,Coimbatore,11.039979,76.960539,Multi-cuisine / General,Not disclosed,4.5,11,1,2.4849066497880004,52.0,5.046789581826198,3.4339872044851463,1,0,0,1,0,0,0,0,0,0,0,0,0,0,0,0,0,0,0,0,1,0,0
ChIJSRqxzUJZqDsRULsdPEpPRPw,The Sugar Diary - Baking Studio,Nallampalayam,Coimbatore,11.044622,76.95675,Bakery & Desserts,Not disclosed,4.9,11,1,2.4849066497880004,54.0,5.58529911029679,3.9318256327243257,1,0,1,0,0,0,0,0,0,0,0,0,0,0,0,0,0,0,0,0,1,0,0
ChIJy5WzFolYqDsR2aKkkoSq-Jo,Sabari Bakery,Sanganoor,Coimbatore,11.043112,76.960251,Bakery & Desserts,Not disclosed,4.1,264,0,5.579729825986222,115.5,5.395745835523323,3.5553480614894135,0,0,0,1,0,0,0,0,0,0,0,0,0,0,0,0,0,0,0,1,1,1,0
ChIJ0TXC3ndZqDsRmINsrFIXHhk,Sweet Spot Home Special,Nallampalayam,Coimbatore,11.045474,76.956385,Bakery & Desserts,Not disclosed,4.5,66,1,4.204692619390966,84.0,5.683350042486602,3.8918202981106265,1,0,0,1,0,1,1,0,1,1,0,0,1,0,0,0,1,1,0,0,1,0,0
ChIJgzzEOklZqDsRoF-9mxCT8as,Kishore Bakery,Ganapathy,Coimbatore,11.037413,76.960894,Cafe & Beverages,Not disclosed,3.5,13,0,2.639057329615259,119.0,4.760908734798723,3.4657359027997265,0,0,0,1,0,0,1,0,0,0,0,0,1,1,0,0,0,0,0,1,1,0,0
ChIJKY8a_y5ZqDsR6d4rOTG0axQ,கிக்ஷோர் பேக்கரி,Nallampalayam,Coimbatore,11.045309,76.960564,Bakery & Desserts,Not disclosed,4.0,50,0,3.9318256327243257,87.0,5.639321759494938,3.5263605246161616,1,0,0,1,0,0,0,0,0,0,0,0,0,0,0,0,0,0,0,0,0,0,0
ChIJa8sLfQBZqDsRYwDL7BSVjPA,Kalapriya's kitchen (Cookr Order Pickup),,,11.049329,76.952903,Multi-cuisine / General,Not disclosed,4.4,35,1,3.58351893845611,87.0,6.155845380089665,4.174387269895637,0,0,0,0,0,0,0,0,0,0,0,0,0,0,0,0,0,0,0,0,0,0,0
ChIJ19KWJrtZqDsR_xOQSoiOLKE,Talk Air Bar & Kitchen,Ram Nagar,Coimbatore,11.015267,76.965934,Multi-cuisine / General,Not disclosed,4.9,110,1,4.709530201312334,98.0,2.350748417785162,5.342334251964811,1,0,1,1,0,1,0,0,0,1,0,0,0,0,0,0,0,0,1,0,1,0,0
ChIJZ6ZG59JZqDsREDKSAJ-ivaU,Geetha Mami's Bhojanam,PO,Coimbatore,11.043172,76.955146,Multi-cuisine / General,Not disclosed,4.8,10,1,2.3978952727983707,87.0,5.443923336944476,4.204692619390966,1,0,0,0,0,0,1,0,0,0,0,0,1,1,0,0,0,0,0,0,0,0,0
ChIJjehTWo1YqDsRYi7vlohYxRc,Suppu Biryani Center,Sanganoor,Coimbatore,11.036324,76.953295,Multi-cuisine / General,Not disclosed,3.8,57,0,4.060443010546419,87.0,4.723082055721087,3.5553480614894135,0,0,0,0,0,0,1,0,0,0,0,0,0,0,0,0,0,0,0,0,0,0,0
ChIJzQZtAgBZqDsRW_u-MsWOrJ4,RK KITCHEN'S,Sanganoor,Coimbatore,11.037168,76.961005,Multi-cuisine / General,Budget,4.6,60,1,4.110873864173311,67.5,4.7335419748821,3.4657359027997265,1,1,0,1,1,0,1,1,1,0,0,0,1,1,1,0,0,0,0,0,1,0,0
ChIJPcFv7KJXqDsRN_O5s_99_vQ,Barack Biriyani,Srinivasa Garden,Singanallur,11.015105,77.023701,Biryani & Non-veg,Not disclosed,4.9,286,1,5.659482215759621,87.0,7.172229279901926,4.143134726391533,1,0,0,0,0,0,0,0,0,0,0,0,0,0,0,0,0,0,0,0,0,0,0
ChIJ_Zw4eUpXqDsRUMnuO8B0Pdw,Fuda - United Flavours Restaurant,G.V. Residency,Coimbatore,11.007905,77.013586,Multi-cuisine / General,Not disclosed,4.7,292,1,5.680172609017068,87.0,5.885170817219958,3.9512437185814275,1,1,0,1,0,0,1,0,0,0,0,0,0,0,0,0,0,0,0,0,0,0,0
ChIJORSUx-dXqDsRnkSiq3Dacqs,Mysore Filter Coffee,Coimbatore,Coimbatore,11.006135,77.024222,Multi-cuisine / General,Not disclosed,4.8,21,1,3.091042453358316,88.5,6.976063580608518,4.219507705176107,1,0,0,1,0,0,0,0,0,0,0,0,0,0,0,0,0,0,0,1,1,0,0
ChIJS_xmZgBXqDsR9TJ14b6Tiro,GV residency,G.V. Residency,Coimbatore,11.012638,77.01281,Multi-cuisine / General,Not disclosed,4.3,150,1,5.017279836814924,87.0,5.959123652028035,4.04305126783455,0,0,0,0,0,0,0,0,0,0,0,0,0,0,0,0,0,0,0,0,0,0,0
ChIJyU5nKwBXqDsRfvysLHALDAs,HMB Unavagam,Lakshmipuram,Coimbatore,11.021197,77.022109,Multi-cuisine / General,Not disclosed,5.0,27,1,3.332204510175204,77.0,7.256359449311269,4.927253685157205,0,0,0,0,0,0,0,0,0,0,0,0,0,0,0,0,0,0,0,0,1,0,0
ChIJqUNdn3xXqDsR0_ViPUfui4k,Kebab Centre,Co-Operative Colony,Coimbatore,11.005213,77.015118,Multi-cuisine / General,Mid,4.6,52,1,3.970291913552122,38.5,5.981006572637243,3.8712010109078907,1,0,0,1,0,0,1,0,1,0,1,0,1,1,0,0,1,0,0,0,1,0,0
ChIJKxFUYkZZqDsRxbz_bB9h0MY,Divine Treat,Sowri Palayam,Coimbatore,11.009582,77.005961,Multi-cuisine / General,Budget,4.8,30,1,3.4339872044851463,49.0,5.141272723653581,3.8712010109078907,1,0,0,1,0,0,1,1,0,0,0,0,1,1,0,0,1,1,0,0,1,0,0
ChIJkYwdeNpXqDsRhcH2u2BLtvE,Zen treat,Lakshmipuram,Coimbatore,11.017329,77.023379,Biryani & Non-veg,Not disclosed,4.7,53,1,3.9889840465642745,42.0,7.221677021048902,4.430816798843313,0,0,1,1,0,0,0,0,0,0,0,0,0,0,0,0,0,0,0,0,1,0,0
ChIJZ-zeGL5XqDsRcIECuoVl-_U,Paniyaram Fusion,G.V. Residency,Coimbatore,11.009199,77.013458,Multi-cuisine / General,Budget,4.9,42,1,3.7612001156935624,87.0,5.909532098450459,4.02535169073515,1,0,0,1,0,0,1,0,0,0,0,0,1,1,0,0,0,1,0,0,0,0,0
ChIJkVs1eQBXqDsRlde4bRuQqWs,Stories The millet cafe,G.V. Residency,Coimbatore,11.007859,77.013591,Fast food & Quick bites,Not disclosed,4.8,12,1,2.5649493574615367,49.0,5.884415848777534,3.9318256327243257,0,0,0,0,0,0,0,0,0,0,0,0,0,0,0,0,0,0,0,0,1,0,0
ChIJR1ZrbQBZqDsRCskAIXf9WKY,Tea & Fun PN Palayam,Pappanaickenpalayam,Coimbatore,11.014648,76.983456,Bakery & Desserts,Budget,5.0,25,1,3.258096538021482,122.0,3.2810293499218828,4.127134385045092,1,0,0,1,0,0,1,0,0,0,0,0,0,0,0,0,0,0,1,1,1,0,0
ChIJd1xRVgBXqDsRC22Vvnx-0yQ,Petit Gateau,Lakshmipuram,Coimbatore,11.021206,77.022194,Cafe & Beverages,Mid,5.0,30,1,3.4339872044851463,73.5,7.265239934788097,4.927253685157205,1,0,1,1,0,0,1,0,0,0,0,0,1,1,0,0,0,1,0,0,1,0,0
ChIJBwXnb4ZXqDsRyy5i8aSAOWI,Kites Cafe,Hope College,Coimbatore,11.026154,77.020235,Cafe & Beverages,Not disclosed,4.3,1142,1,7.04141166379481,87.0,7.317731660466804,5.062595033026967,1,1,0,1,0,0,1,0,0,0,0,0,0,0,0,0,0,0,0,0,0,0,0
ChIJQbFVDZdXqDsRc8JftODEzCI,Velan Kaappi & Bakes,G.V. Residency,Coimbatore,11.007859,77.013591,Cafe & Beverages,Budget,4.0,1008,0,6.9167150203536085,120.75,5.884415848777534,3.9318256327243257,0,0,0,0,0,0,1,0,0,0,0,0,1,1,1,0,1,1,0,1,1,0,0
ChIJTYC7RsBZqDsRLJ9FIi2OBDc,signal cafe,HUDCO Colony,Coimbatore,11.02235,77.007389,Cafe & Beverages,Budget,4.9,26,1,3.295836866004329,66.0,5.892209295917665,4.574710978503383,1,0,0,1,0,0,1,1,1,0,0,0,1,0,0,0,0,0,0,0,1,0,0
ChIJ--u9T2VZqDsRY72SZczD57c,Cz cake store,Sowri Palayam,Coimbatore,11.015397,77.008532,Bakery & Desserts,Not disclosed,4.8,176,1,5.176149732573829,72.0,5.6403237937350665,4.04305126783455,1,0,0,1,0,0,1,0,1,0,0,0,0,0,0,0,0,1,0,0,1,0,0
ChIJfXF70JxXqDsRKDcjLfXQpCA,Sai Cakes,Lakshmipuram,Coimbatore,11.019614,77.02252,Bakery & Desserts,Not disclosed,4.2,128,1,4.859812404361672,133.0,7.227818125730723,4.844187086458591,0,0,0,1,0,0,1,0,0,0,0,0,0,0,0,0,0,0,0,1,1,0,0
ChIJfxlfMHxXqDsREr5O1LmE5Fw,Lakshmi Bakes,G.V. Residency,Coimbatore,11.010575,77.019141,Bakery & Desserts,Not disclosed,4.9,36,1,3.6109179126442243,119.0,6.548033022916636,4.07753744390572,1,0,0,1,0,0,0,0,0,0,0,0,0,0,0,0,0,0,0,1,1,0,0
ChIJkdEjyJxXqDsR-csk9YwZIwI,A1 Bakery,Alamelu Nagar,Coimbatore,11.020464,77.022516,Bakery & Desserts,Not disclosed,3.8,44,0,3.8066624897703196,105.0,7.264303962331184,4.882801922586371,0,0,0,0,0,0,1,0,0,0,0,0,0,0,0,0,0,0,0,1,1,0,0
ChIJY-kOKHBXqDsRaj-JjBJS7s0,Cake Box,Alamelu Nagar,Coimbatore,11.019364,77.023029,Bakery & Desserts,Not disclosed,5.0,206,1,5.332718793265369,84.0,7.268553967881153,4.836281906951478,1,0,0,1,0,0,1,0,1,0,0,0,1,0,0,0,0,1,0,0,1,0,0
ChIJacdcTABXqDsR2-xvdt1oLj8,Pongalur Sri Annapoornis Sweets & Snacks,Alamelu Nagar,Coimbatore,11.019552,77.022779,Bakery & Desserts,Not disclosed,4.7,416,1,6.0330862217988015,98.0,7.251278914971376,4.852030263919617,1,0,0,1,0,0,1,0,1,0,0,0,1,0,0,0,1,1,0,0,1,0,0
ChIJ18-uoIdXqDsRSg5xXH4MZoI,STREET TREATS,G.V. Residency,Coimbatore,11.007835,77.013529,Multi-cuisine / General,Mid,4.4,20,1,3.044522437723423,84.0,5.877195965601592,3.9318256327243257,1,0,0,0,0,0,1,0,0,0,0,0,0,1,0,0,0,0,0,0,1,0,0
ChIJMfJxKmxXqDsRhePZBSk2qrk,MUTHUKAVITHA SWEETS,G.V. Residency,Coimbatore,11.007234,77.013978,Bakery & Desserts,Not disclosed,4.1,1091,0,6.9957661563048505,91.0,5.908416787664007,3.828641396489095,1,0,0,0,0,0,1,0,0,0,0,0,0,0,0,0,0,0,0,0,1,0,0
ChIJoc0kLwNXqDsRIWAC7uruUEk,ANNAI BRIYANI,Sri Vignesh Nagar,Coimbatore,11.00586,77.020038,Biryani & Non-veg,Budget,4.4,29,1,3.4011973816621555,154.0,6.521761500378581,4.127134385045092,0,0,0,1,0,0,1,1,1,0,0,0,1,0,0,0,0,0,0,1,1,0,0
ChIJ_26fOtZZqDsRYeqi7htCJ5E,Sri Raghavendra Mess,Krishna Colony Extension,Coimbatore,11.00839,77.007891,Multi-cuisine / General,Not disclosed,4.2,50,1,3.9318256327243257,106.0,5.3011685976456295,4.007333185232471,1,0,0,1,0,0,1,0,0,0,0,0,0,0,0,0,0,0,0,1,1,0,0
ChIJ6VMD2DlXqDsRdRjoqrr85pE,VASANTH MESS,Sowri Palayam,Coimbatore,11.007955,77.009523,Multi-cuisine / General,Budget,4.7,19,1,2.995732273553991,76.0,5.458578244675432,4.02535169073515,1,0,0,1,0,0,1,1,0,1,0,0,1,1,0,0,0,1,0,0,1,0,1
ChIJkQVca1JYqDsRmIkcwtOhh3w,Sri Balaji Mess,Coimbatore,Coimbatore,11.012652,77.001746,Vegetarian,Not disclosed,4.3,58,1,4.07753744390572,108.5,4.839689093915632,3.4965075614664802,0,0,0,1,0,0,0,0,0,0,0,0,0,0,0,0,0,0,0,1,1,0,0
ChIJD-GgcZtXqDsRlnXqkxXHHjE,Vijayalakshmi Mess,Sakthi Nagar,Coimbatore,11.022865,77.024231,Multi-cuisine / General,Not disclosed,4.2,39,1,3.6888794541139363,66.0,7.5438114650756125,4.859812404361672,0,0,0,0,0,0,1,1,0,0,0,0,1,0,0,0,0,0,0,0,1,0,0
ChIJl1AKNuVXqDsRXCfoECf-DCA,Vinayaga Mess,Ram Lakshman Nagar,Coimbatore,11.013587,77.012699,Multi-cuisine / General,Not disclosed,4.9,10,1,2.3978952727983707,87.0,5.984118047101235,4.07753744390572,0,0,0,0,0,0,1,0,0,0,1,0,0,0,0,0,0,0,0,0,0,1,0
ChIJXa_E2pxXqDsRZGmlt0jHN10,Udhayam Mess,Alamelu Nagar,Coimbatore,11.019666,77.02282,Multi-cuisine / General,Not disclosed,4.0,89,0,4.499809670330265,105.0,7.260269447259687,4.844187086458591,0,0,0,1,0,0,1,0,0,0,0,0,0,0,0,0,0,0,0,1,1,0,0
ChIJ61F7SbFZqDsRvUxpw54wMZE,Kovai Malabar Biriyani,Gandhimaa Nagar,Coimbatore,11.041233,77.003582,Multi-cuisine / General,Not disclosed,4.6,149,1,5.0106352940962555,80.5,6.93429202718754,2.3978952727983707,1,0,0,1,0,0,0,0,0,0,0,0,0,0,0,0,0,0,0,0,1,0,0
ChIJEcw1Vy1ZqDsRLZF8l8Blmpw,Shree Karpagambal Foods,Sowri Palayam,Coimbatore,11.014974,77.008156,Vegetarian,Budget,4.9,47,1,3.8712010109078907,82.0,5.583671153494743,4.110873864173311,1,1,0,1,1,0,1,1,1,1,0,0,1,1,0,1,0,1,0,1,1,0,1
ChIJ_SyCX49XqDsRPXH7ctvSMVM,The Good Bowl,G.V. Residency,Coimbatore,11.00922,77.014145,North Indian & Global,Mid,3.1,18,0,2.9444389791664403,87.0,5.982303716199031,3.9889840465642745,0,0,0,0,0,0,1,0,0,0,0,0,1,1,0,0,0,1,0,0,0,0,0
ChIJJ8qAy5ZXqDsRTWRJ9jgztCw,herbal juice and soup point,G.V. Residency,Coimbatore,11.00876,77.015208,Cafe & Beverages,Not disclosed,5.0,13,1,2.639057329615259,87.0,6.0806061996252865,3.828641396489095,1,0,0,1,0,0,0,0,0,0,0,0,0,0,0,0,0,0,0,0,0,0,0
ChIJj3lTYHxZqDsRxKVYQOpJryc,Chai n' Gupshup Tea Express,Puliakulam,Coimbatore,10.997656,76.987822,Cafe & Beverages,Budget,4.1,108,0,4.6913478822291435,94.5,2.904001094190768,4.6443908991413725,1,1,0,1,1,0,1,0,1,0,0,0,1,1,1,0,1,1,0,0,1,0,1
ChIJL6vFZhlZqDsR8JnvPwMprek,Inji Tea Stall,Puliakulam,Coimbatore,11.005021,76.992752,Cafe & Beverages,Not disclosed,4.2,176,1,5.176149732573829,112.0,3.612995274793428,4.430816798843313,0,0,0,1,0,0,1,0,0,0,0,0,0,0,0,0,0,0,0,1,1,0,0
ChIJK-ozyFNZqDsRFk4flD0fXJQ,Pakkuvam - THE HOME MADE FOOD,balathandayutham nagar,Coimbatore,11.015403,77.009026,Multi-cuisine / General,Not disclosed,4.8,344,1,5.84354441703136,24.0,5.689817742506149,4.110873864173311,1,1,0,1,0,0,0,0,0,0,0,0,0,0,0,0,0,0,0,0,1,0,0
ChIJKRnkQdtZqDsRfPFJHE97I-M,Chola hotel,Sowri Palayam,Coimbatore,11.010226,77.007185,North Indian & Global,Budget,3.0,79,0,4.382026634673881,87.0,5.2909205487552935,3.8918202981106265,0,0,0,1,0,1,1,1,1,1,0,0,1,0,0,0,1,1,0,0,0,1,0
ChIJ8cILDkxZqDsRAmDuURjwJLI,Lakshmi’s Kitchen,Pudur,Coimbatore,11.010335,76.989192,Multi-cuisine / General,Not disclosed,4.0,25,0,3.258096538021482,97.0,3.5019369397997377,4.48863636973214,1,0,0,1,0,0,0,0,0,0,0,0,0,0,0,0,0,0,0,0,1,0,0
ChIJk1kWrYZZqDsRu2BPQvKqL8M,Hungry Box,Puliakulam,Coimbatore,11.00448,76.993709,Cafe & Beverages,Budget,4.9,30,1,3.4339872044851463,118.0,3.693753651539132,4.48863636973214,1,0,0,1,1,0,1,0,1,0,1,0,1,1,1,1,0,1,0,1,1,0,0
ChIJM8VjAe5ZqDsRBE80E-1HZWc,Chola hotel,Puliakulam,Coimbatore,11.003734,76.993761,Fast food & Quick bites,Not disclosed,3.5,104,0,4.653960350157523,87.0,3.6753955215754788,4.532599493153256,0,0,0,1,0,0,0,0,0,0,0,0,0,0,0,0,0,0,0,0,0,1,0
ChIJOaY1DHVZqDsRsD655LZesoI,TEABOY,Puliakulam,Coimbatore,11.0039,76.993567,Cafe & Beverages,Not disclosed,4.4,10,1,2.3978952727983707,97.0,3.6602203900660664,4.48863636973214,0,0,0,0,0,0,1,0,0,0,0,0,1,1,0,0,0,1,0,1,1,1,0
ChIJq8elFc9ZqDsRKQ2JM9k1uJ0,ASR Hotels,Puliakulam,Coimbatore,11.005668,76.994626,South Indian & Regional,Budget,4.1,54,0,4.007333185232471,84.0,3.829811257926755,4.31748811353631,0,0,0,1,0,0,1,1,0,0,0,0,1,0,0,0,0,0,0,0,1,0,0
ChIJw_4TqG9ZqDsRAIDauZCrHsg,East Meats West,Dhamu Nagar,Coimbatore,11.007714,76.990766,Fast food & Quick bites,Not disclosed,4.2,20,1,3.044522437723423,84.0,3.521449557302088,4.3694478524670215,1,0,0,1,0,0,0,0,0,0,0,0,0,0,0,0,0,0,0,0,1,0,0
ChIJw3M3Gr5ZqDsRFDTr0Ki2xt4,Aachi Mess,Pappanaickenpalayam,Coimbatore,11.014214,76.985527,Multi-cuisine / General,Not disclosed,3.6,57,0,4.060443010546419,84.0,3.419331253205894,4.2626798770413155,1,0,0,1,0,0,0,0,0,0,0,0,0,0,0,0,0,0,0,0,1,1,0
ChIJkf__v8hZqDsRzO6K_ve8OTE,KR Bakes And Restaurant,Puliakulam,Coimbatore,11.002991,76.994144,Bakery & Desserts,Budget,4.2,2313,1,7.746732907753622,98.0,3.693866728004152,4.59511985013459,1,1,0,1,0,0,1,0,1,0,0,0,1,0,0,0,1,1,0,0,1,0,0
ChIJ6c-rDbtZqDsRlYTuoZTg2j4,KRIVA Patisserie,Puliakulam,Coimbatore,11.004584,76.988916,Bakery & Desserts,Not disclosed,5.0,12,1,2.5649493574615367,48.0,3.2020410454161192,4.574710978503383,1,0,0,0,0,0,0,0,0,0,0,0,0,0,0,0,0,0,0,0,1,0,0
ChIJ6W_Lr9xZqDsRlG2lpU6Uu54,Shri Balaaji and co Bakers,Puliakulam,Coimbatore,11.002903,76.992136,Bakery & Desserts,Not disclosed,4.5,39,1,3.6888794541139363,79.5,3.4796274524817217,4.59511985013459,1,0,0,1,0,0,0,0,0,0,0,0,0,0,0,0,0,0,0,0,1,1,0
ChIJSc1mkqpZqDsRjx45r7kAqos,Melt'n Crunch,Ram Nagar,Coimbatore,11.009451,76.958357,Bakery & Desserts,Not disclosed,4.9,40,1,3.713572066704308,52.5,1.6844280582925408,5.37989735354046,1,0,0,1,0,0,1,0,0,0,0,0,0,0,0,0,1,1,0,0,1,0,0
ChIJ28npgrVZqDsR5s-loW6Ys78,Spice It,Lakshmi Mills Junction,Coimbatore,11.011877,76.986569,Multi-cuisine / General,Not disclosed,4.1,49,0,3.912023005428146,108.5,3.352294011438006,4.31748811353631,1,1,0,1,0,1,1,0,0,1,0,0,0,0,0,1,0,0,0,1,1,0,0
ChIJXzCQYrhZqDsRTQafCSNMk-s,Hotel Milagu Rasam,Pudur,Coimbatore,11.012705,76.990224,South Indian & Regional,Not disclosed,3.3,24,0,3.2188758248682006,87.5,3.7351325689913,4.31748811353631,0,0,0,1,0,0,0,0,0,0,0,0,0,0,0,0,0,0,0,0,1,0,0
ChIJ4zrWHgBZqDsR_ZiAseGQU9U,Blenders Inc - Lakshmi mills Branch,whitefields,Coimbatore,11.009636,76.988403,Cafe & Beverages,Mid,4.8,345,1,5.846438775057724,80.5,3.388592767071366,4.532599493153256,1,0,1,1,0,0,1,0,1,0,0,0,1,1,0,0,1,1,0,0,1,0,0
ChIJo2zj2BVZqDsR2j-ZYMf2Slw,Nallameeran,Singanallur,Coimbatore,11.010275,77.007481,Multi-cuisine / General,Budget,4.6,27,1,3.332204510175204,87.0,5.323229103074959,3.9318256327243257,1,0,0,1,0,0,1,0,0,0,0,0,1,0,0,0,0,0,0,0,0,0,0
ChIJQ1E0fgBZqDsR71jIAPPWmwE,Sowripalayam bus stand main road,Sowri Palayam,Coimbatore,11.010194,77.007692,North Indian & Global,Not disclosed,4.6,17,1,2.8903717578961645,102.0,5.342066102607753,3.970291913552122,0,0,0,0,0,0,0,0,0,0,0,0,0,0,0,0,0,0,0,1,1,0,0
ChIJOVzhlwtZqDsRZ15LTP2wA-A,Shree Anandhaas Sweets and Snacks - Trichy Road,Sowripalayam Pirivu,Coimbatore,10.997392,76.999289,Bakery & Desserts,Not disclosed,4.1,213,0,5.365976015021851,101.5,4.147351037282311,4.51085950651685,1,1,0,1,0,1,0,0,0,1,0,0,0,0,0,0,0,0,0,0,1,1,0
ChIJvyFbewBZqDsRWD3OVmVSL-o,CZ cafe,Karunanithi Nagar,Coimbatore,11.015338,77.006788,Multi-cuisine / General,Not disclosed,4.6,14,1,2.70805020110221,84.0,5.464486866382562,4.04305126783455,0,0,0,0,0,0,1,1,0,0,1,0,1,1,0,0,1,1,0,0,1,0,0
ChIJz9rcIgBbqDsR6E5iQiABlR4,CAFE 1947,Thirumarai Nagar,Kurichi,10.968651,76.967642,North Indian & Global,Not disclosed,3.8,29,0,3.4011973816621555,84.0,2.964756382968954,3.4965075614664802,0,0,0,0,0,0,0,0,0,0,0,0,0,0,0,0,0,0,1,0,1,0,0
ChIJVUHpE3xZqDsRAV6hUwjpQ-w,Sri venkateswara backery,Coimbatore,Coimbatore,11.001749,77.00367,Bakery & Desserts,Not disclosed,4.4,57,1,4.060443010546419,133.0,4.681861283761415,4.060443010546419,1,0,0,1,0,0,1,0,0,0,0,0,0,0,0,0,0,0,0,1,1,0,0
ChIJQTjV1NhZqDsRfM0oNoVkeXY,Take The Cake,G.V. Residency,Coimbatore,11.010464,77.012364,Bakery & Desserts,Not disclosed,4.9,869,1,6.76849321164863,84.0,5.835762531155273,4.007333185232471,1,1,0,1,0,0,0,0,0,0,0,0,0,0,0,0,0,0,0,0,1,0,0
ChIJo8F6Hg1ZqDsRczpv3EX1FP8,Euphoria,New Dhamu Nagar,Coimbatore,11.010051,76.98809,Bakery & Desserts,Not disclosed,5.0,20,1,3.044522437723423,70.0,3.382123341798889,4.51085950651685,1,0,0,0,0,0,1,0,0,0,0,0,0,0,0,0,0,1,0,0,1,0,0
ChIJWbjmztNZqDsRQ4CXkmDXaFs,Aroma bakery,Sowri Palayam,Coimbatore,11.010419,77.007086,Bakery & Desserts,Not disclosed,3.7,15,0,2.772588722239781,87.0,5.287813648946009,3.8918202981106265,1,1,0,0,0,0,0,0,0,0,0,0,0,0,0,0,0,0,0,0,0,1,0
ChIJ67O-aENZqDsRsw5PGx1Ggl4,Waffi Caffi,Coimbatore,Coimbatore,11.023249,76.987718,Cafe & Beverages,Not disclosed,4.9,130,1,4.875197323201151,77.0,4.289508123813433,3.8712010109078907,1,0,0,1,0,1,0,0,0,1,0,0,0,0,0,0,0,0,0,0,1,0,0
ChIJaaFqoXlXqDsR7fo9FKTVuaI,Sri Sai Cafe,Mullai Nagar,Coimbatore,11.012285,77.019297,Cafe & Beverages,Not disclosed,4.0,63,0,4.1588830833596715,108.5,6.618390968531142,4.204692619390966,0,0,0,1,0,0,1,1,0,0,0,0,1,1,0,0,0,0,0,1,1,0,0
ChIJxwhZKCtYqDsRvVSjvWQExbs,Lakshmi Narasimha Bojanalayam,Karunanithi Nagar,Coimbatore,11.016275,77.00719,South Indian & Regional,Not disclosed,4.2,1187,1,7.080026499922591,18.0,5.548746559517566,4.356708826689592,1,0,0,1,0,0,1,0,0,0,0,0,0,0,0,1,0,0,0,0,1,0,0
ChIJhdfCk7VZqDsRrAYxP8RJEjo,S. R. Chettinadu mess,Sowri Palayam,Coimbatore,11.008613,77.003172,Multi-cuisine / General,Premium,3.6,10,0,2.3978952727983707,87.0,4.818369312052861,3.4657359027997265,0,0,0,1,0,0,1,0,0,0,0,0,1,0,0,0,0,0,0,0,0,0,0
ChIJu4MhdQBZqDsRE04Lg_Xhnz4,KOKI FISH STALL,Sowri Palayam,Coimbatore,11.01026,77.007582,Biryani & Non-veg,Not disclosed,4.8,43,1,3.784189633918261,110.0,5.333102171397803,3.970291913552122,1,0,0,1,0,0,0,0,0,0,0,0,0,0,0,0,0,0,1,1,1,0,0
ChIJzSxSUQDxqDsRtDZ_KzN5AqU,Kokarakko,Bharathi Nagar,Periyanaickenpalayam,11.14949,76.946765,Multi-cuisine / General,Not disclosed,3.5,153,0,5.0369526024136295,87.0,17.296868898445755,3.6375861597263857,0,0,0,0,0,0,0,0,0,0,0,0,0,0,0,0,0,0,0,0,0,0,0
ChIJTzMhfADxqDsRnTFnyVGIkuA,Hotel Pearl City,Jothipuram,Periyanaickenpalayam,11.167985,76.950848,Multi-cuisine / General,Mid,4.7,34,1,3.5553480614894135,80.5,19.313886457006365,2.8903717578961645,1,0,0,1,0,0,1,0,1,0,0,0,1,1,0,0,1,1,0,0,1,0,0
ChIJMUPsWQDxqDsRnBALxGkdP30,KFC,Periyanaickenpalayam,Periyanaickenpalayam,11.168402,76.951459,Multi-cuisine / General,Not disclosed,4.3,137,1,4.927253685157205,84.0,19.356321423468568,2.772588722239781,1,0,0,0,0,0,0,0,0,0,0,0,0,0,0,0,0,0,0,0,1,0,0
ChIJwZ4rNMjxqDsR3enV67Seh4c,Dhil Dhil Restaurant And Cafe,Veerapandi Pirivu,Periyanaickenpalayam,11.171358,76.952748,Multi-cuisine / General,Not disclosed,4.3,59,1,4.0943445622221,87.0,19.67725524475699,2.772588722239781,1,0,0,1,0,0,0,0,0,0,0,0,0,0,0,0,0,0,0,0,0,0,0
ChIJLdDhSLrxqDsRAtQVI0J29tE,Hotel Sri Krishna,Jothipuram,Periyanaickenpalayam,11.165698,76.949158,Vegetarian,Budget,3.7,1044,0,6.951772164398911,108.5,19.072071643794526,3.044522437723423,1,0,0,0,0,0,1,1,0,1,1,0,1,1,0,0,1,1,0,1,1,0,1
ChIJTSmKWDfxqDsRmuxkHHIwoYY,The Boxzilla - cafe,Bhagat Singh Nagar,Periyanaickenpalayam,11.154674,76.944023,Cafe & Beverages,Not disclosed,4.9,74,1,4.31748811353631,87.0,17.900139736649294,3.7612001156935624,1,0,0,1,0,0,0,0,0,0,0,0,0,0,0,0,0,0,0,0,0,0,0
ChIJ5SWpZQHxqDsR7ZAOoHRiGvs,New Kongu Restaurant,Shanthi Medu,Veerapandi,11.185923,76.96053,Multi-cuisine / General,Not disclosed,3.5,1202,0,7.0925737159746784,110.25,21.27435876201835,1.3862943611198906,0,0,0,1,0,0,1,0,0,0,0,0,0,0,0,0,0,0,0,1,1,0,0
ChIJr27PfjfxqDsRQ14XZgOh4tE,Sri Ram Sweets,Periyanaickenpalayam,Periyanaickenpalayam,11.156901,76.944364,Multi-cuisine / General,Budget,4.2,663,1,6.498282149476434,98.0,18.142544922823078,3.828641396489095,1,0,0,1,0,0,1,0,1,0,0,0,1,1,0,0,1,1,0,1,1,0,0
ChIJlS6_RwD3qDsRI1-Gz-DW_nw,Hotel Sree Saravana Bhavan,Therkkuppalayam,Gudalur,11.127091,76.934945,South Indian & Regional,Budget,3.5,506,0,6.2285110035911835,87.0,15.012538937540644,1.791759469228055,0,0,0,1,0,0,1,1,1,0,1,0,1,1,0,0,1,0,0,0,0,0,1
ChIJDXGfIzXxqDsREZAOx3bG73k,Hotel Annapoorna,Ramakrishna Nagar,Periyanaickenpalayam,11.153664,76.943926,Multi-cuisine / General,Not disclosed,4.2,24,1,3.2188758248682006,28.0,17.789600616577417,3.8066624897703196,0,0,0,0,0,0,0,0,0,0,0,0,0,0,0,0,0,0,0,1,1,1,0
ChIJqzBkyzXxqDsRFcJ-Gsgs4bs,Sri Vaishnavi Anandhas,Periyanaickenpalayam,Periyanaickenpalayam,11.150456,76.944051,South Indian & Regional,Not disclosed,3.8,3058,0,8.025843344150903,112.0,17.433498896604114,3.713572066704308,1,0,0,0,0,1,1,0,0,1,0,0,0,0,0,0,0,0,0,1,1,0,0
ChIJ_-GMso3xqDsRpxFDCf3wwVk,Mr.Bai Biriyani,Ramakrishna Nagar,Periyanaickenpalayam,11.152566,76.944514,Multi-cuisine / General,Budget,3.9,87,0,4.477336814478207,87.0,17.661407390365863,3.828641396489095,1,0,0,1,0,0,1,1,0,0,0,0,1,1,0,0,0,1,0,0,0,0,0
ChIJu12HB1DxqDsRYA_nQhPEBoc,Busy Bites Restaurant,Bhagat Singh Nagar,Periyanaickenpalayam,11.155647,76.944179,Multi-cuisine / General,Mid,4.8,37,1,3.6375861597263857,53.5,18.00594228835672,3.7612001156935624,1,0,0,1,0,0,1,1,1,0,0,0,1,1,0,0,0,1,0,0,1,0,0
ChIJyXBHsc7zqDsRYNzT_nEILyk,Let's Go Biryani,Vangimanagar,Gudalur,11.154143,76.940402,Biryani & Non-veg,Not disclosed,3.7,170,0,5.14166355650266,62.5,17.887741104571887,3.7376696182833684,1,0,0,1,0,0,1,0,0,0,0,0,0,0,0,0,0,0,0,0,1,0,0
ChIJkdOjnTfxqDsRbxGbxLtWW2M,Grill Inn,Bhagat Singh Nagar,Periyanaickenpalayam,11.156038,76.944039,Fast food & Quick bites,Mid,3.9,414,0,6.028278520230698,84.0,18.05077953296307,3.784189633918261,0,0,0,1,0,0,1,1,1,0,0,0,1,1,0,0,1,1,0,0,1,0,0
ChIJvZLC0j3xqDsRsJOPETtyKSM,Star biriyani & Chinese,Periyanaickenpalayam,Periyanaickenpalayam,11.149859,76.944038,Biryani & Non-veg,Not disclosed,3.5,91,0,4.5217885770490405,77.0,17.367664526392097,3.6888794541139363,1,0,0,1,0,0,1,0,0,0,0,0,0,0,0,0,0,0,0,0,1,0,0
ChIJ7Vc08vNbqDsR_1mGD9VpYi4,Mithran's Cafe,Housing Unit Phase - II,Coimbatore,10.937952,76.975854,Multi-cuisine / General,Not disclosed,3.7,11,0,2.4849066497880004,101.5,6.493587306753805,3.091042453358316,1,0,0,1,0,0,0,0,0,0,0,0,0,0,0,0,0,0,0,1,1,0,0
ChIJyVizNgDxqDsRMZyf4eAl8Uc,Pizza craft,Periyanaickenpalayam,Periyanaickenpalayam,11.158633,76.945254,Fast food & Quick bites,Mid,4.0,59,0,4.0943445622221,80.5,18.324537913457625,3.6888794541139363,1,1,0,1,0,0,1,1,1,1,0,0,1,1,0,0,1,1,0,0,1,0,0
ChIJITS6QD1bqDsR4A98r3Z7Kek,Karthi Neha Home baking,highways,Coimbatore,10.948877,76.977068,Bakery & Desserts,Budget,4.9,31,1,3.4657359027997265,20.0,5.364145792393405,4.189654742026425,1,0,0,1,0,0,1,0,0,0,0,0,0,0,0,0,0,0,0,0,1,0,0
ChIJ4070sUlbqDsRUXvO_c8XqfY,CAKE LIFE,Sundarapuram,Coimbatore,10.959019,76.971654,Bakery & Desserts,Not disclosed,4.7,73,1,4.304065093204169,108.5,4.111716991859891,4.394449154672439,1,0,0,1,0,0,0,0,0,0,0,0,0,0,0,0,0,0,1,0,1,0,0
ChIJbZcjf0ZaqDsRGxnbpKLjbug,Ananth Bakery,SIDCO Private Industrial Estate,Coimbatore,10.942544,76.978431,Cafe & Beverages,Budget,4.2,557,1,6.324358962381311,120.0,6.079608674602598,3.044522437723423,1,0,0,1,0,0,1,0,0,0,0,0,1,0,1,0,0,0,0,1,1,0,0
ChIJZ4hxglNYqDsRSU-YlMpG1gI,J M Cake Shop,Sundarapuram,Coimbatore,10.956741,76.971887,Bakery & Desserts,Not disclosed,4.2,23,1,3.1780538303479458,94.5,4.362604334005015,4.406719247264253,1,0,0,1,0,0,1,0,1,0,0,0,0,0,0,0,0,0,0,0,1,0,0
ChIJkfo79ehbqDsRpCxj7tpaaK8,I cakes bake shop,SUNDARAPURAM,Coimbatore,10.959407,76.971766,Bakery & Desserts,Not disclosed,4.0,27,0,3.332204510175204,101.5,4.073598706797965,4.382026634673881,1,0,0,1,0,0,0,0,0,0,0,0,0,0,0,0,0,0,0,0,1,0,0
ChIJLTpbk55bqDsRyOR1-vtBYJU,N.S bakery,Sundarapuram,Coimbatore,10.965353,76.985141,Bakery & Desserts,Budget,4.3,28,1,3.367295829986474,66.0,4.158415135999935,3.713572066704308,0,0,0,0,0,0,1,0,1,0,0,0,0,0,0,0,1,1,0,0,1,1,0
ChIJaTwF1y9aqDsRc0eR6Yl3Rqo,Sindhu Bakes,Sundarapuram,Kurichi,10.959072,76.973525,Bakery & Desserts,Not disclosed,4.0,53,0,3.9889840465642745,77.8,4.166359932352641,4.430816798843313,1,0,0,0,0,0,0,0,0,0,0,0,0,0,0,0,0,0,0,0,1,0,0
ChIJYyct_-lbqDsRgxlYJtePIuc,Chicking,Eachanari,Coimbatore,10.934043,76.980586,Fast food & Quick bites,Not disclosed,4.1,149,0,5.0106352940962555,84.0,7.0518421894315875,2.9444389791664403,1,1,0,1,0,0,0,0,0,0,0,0,0,0,0,0,0,0,0,0,1,0,0
ChIJxVrVPEpaqDsRrlAxkiJ5QrU,Selvam caterings,Kurichi,Coimbatore,10.946073,76.969344,Multi-cuisine / General,Not disclosed,4.2,26,1,3.295836866004329,112.0,5.465195549953043,3.58351893845611,0,0,0,1,0,0,0,0,0,0,0,0,0,0,0,0,0,0,0,1,1,0,0
ChIJqROtefVbqDsRMEznvHXQQ-A,The Bay Grill,Eachanari,Seerapalayam,10.918451,76.986371,Fast food & Quick bites,Mid,4.0,2618,0,7.870547844507712,84.0,8.895382556330798,2.1972245773362196,1,0,0,1,0,1,1,1,1,1,1,0,1,1,1,0,1,1,0,0,1,0,0
ChIJK08PvyRaqDsRjURJBT2LLfc,Road Side Crab Soup,Kurichi,Coimbatore,10.960179,76.980322,Multi-cuisine / General,Premium,4.5,22,1,3.1354942159291497,28.0,4.349220896336609,4.454347296253507,0,0,0,1,0,0,1,0,0,0,0,0,1,1,0,0,0,0,0,0,1,0,0
ChIJ92ckCldbqDsRNgJ2bD9EupM,Covai No.1 Recreation Club,SIDCO Private Industrial Estate,Coimbatore,10.943427,76.973553,Multi-cuisine / General,Not disclosed,4.0,128,0,4.859812404361672,84.0,5.842787022976949,3.367295829986474,1,0,0,0,0,0,0,0,0,0,0,0,0,0,0,0,0,0,0,0,1,0,0
ChIJCYv7MwBbqDsR6RmVWnlcuBU,Pensamayal hotel,SIDCO Private Industrial Estate,Coimbatore,10.938616,76.973606,Multi-cuisine / General,Not disclosed,4.7,24,1,3.2188758248682006,87.0,6.36614295854117,3.044522437723423,1,0,0,1,0,0,0,0,0,0,0,0,0,0,0,0,0,0,0,0,0,0,0
ChIJ3eCKIi5aqDsRbG-0Pknscmw,Kitchen Chicken Hotel South India Fish Stall,Sundarapuram,Kurichi,10.959299,76.971556,South Indian & Regional,Not disclosed,3.7,16,0,2.833213344056216,35.0,4.078846315477779,4.382026634673881,0,0,0,1,0,0,0,0,0,0,0,0,0,0,0,0,0,0,0,0,1,0,0
ChIJCxGBbABbqDsRpahsaC2ugys,SKYBELL (AH AGENCIES),Podanur,Coimbatore,10.969207,76.974234,Bakery & Desserts,Not disclosed,5.0,16,1,2.833213344056216,84.0,3.1520155893704196,3.6888794541139363,0,0,0,0,0,0,0,0,0,0,0,0,0,0,0,0,0,0,0,0,1,0,0
ChIJSURMOwBbqDsR-n8kvxJ7oU4,Chai & Chai,Thirumarai Nagar,Coimbatore,10.969939,76.971387,Cafe & Beverages,Not disclosed,4.5,24,1,3.2188758248682006,87.0,2.9509325499520225,3.58351893845611,0,0,0,0,0,0,0,0,0,0,0,0,0,0,0,0,0,0,0,0,0,1,0
ChIJ71rKbNFZqDsRhNGyOOxutDk,Chicken Dinner,Karumbukkadai,Coimbatore,10.975896,76.965948,Biryani & Non-veg,Not disclosed,4.5,119,1,4.787491742782046,52.5,2.1382204353560654,3.4657359027997265,1,1,0,1,0,0,1,0,0,0,0,0,0,0,0,0,0,0,1,0,1,0,0
ChIJwdng2j7xqDsRhhm6LLtRKTQ,A chill & blends Cafe,Periyanaickenpalayam,Periyanaickenpalayam,11.160873,76.945627,Cafe & Beverages,Not disclosed,4.5,37,1,3.6375861597263857,87.5,18.56865821656933,3.5263605246161616,1,0,0,0,0,0,0,0,0,0,0,0,0,0,0,0,0,0,1,0,1,0,0
ChIJz-cMFgBZqDsRXXewiK_Ie2U,Melbaan - Podanur,Thirumarai Nagar,Coimbatore,10.971184,76.968283,Bakery & Desserts,Not disclosed,4.0,42,0,3.7612001156935624,91.0,2.7099761357159986,3.5553480614894135,1,0,1,1,0,0,1,0,0,0,0,0,0,0,0,0,0,0,1,0,1,0,0
ChIJra3HXarxqDsRdqCNwJiG5ro,Crisp & Fluff The waffle shop,Veerapandi Pirivu,Periyanaickenpalayam,11.167478,76.950823,Cafe & Beverages,Budget,4.8,173,1,5.159055299214529,24.5,19.257774567540498,2.995732273553991,1,0,0,0,0,0,1,0,1,1,0,0,1,1,0,0,0,1,0,0,1,0,0
ChIJ1TBeqrPxqDsRCuuXTDsBkvI,Amudhavalam Karupatti Agham,Ramakrishna Nagar,Periyanaickenpalayam,11.152811,76.944974,Cafe & Beverages,Not disclosed,5.0,39,1,3.6888794541139363,83.0,17.683342849762358,3.8066624897703196,1,0,0,0,0,0,0,0,0,0,0,0,0,0,0,0,0,0,0,0,1,0,0
ChIJTcQQWQDxqDsRFTR6F_N5YEE,Dreamy Delights cafe,Bharathi Nagar,Periyanaickenpalayam,11.151161,76.944497,Bakery & Desserts,Not disclosed,5.0,21,1,3.091042453358316,112.0,17.506234581509943,3.7376696182833684,1,0,0,1,0,0,1,0,0,0,0,0,0,0,0,0,0,1,0,1,1,0,0
ChIJ04l2NwD3qDsRq5nD4w4t4MU,NAMEERA BAKERY,Athipalayam,Periyanaickenpalayam,11.143722,76.95719,Cafe & Beverages,Budget,4.3,15,1,2.772588722239781,108.5,16.58797315327173,0.6931471805599453,0,0,0,0,0,0,1,0,0,0,0,0,1,1,0,0,0,0,0,1,1,0,0
ChIJgWFsIxzxqDsRMg6F2CWh5xs,Mojo juice and burger,Coimbatore,Periyanaickenpalayam,11.164437,76.948685,Cafe & Beverages,Not disclosed,4.1,402,0,5.998936561946683,84.0,18.935913967756314,3.1354942159291497,1,0,0,0,0,0,0,0,0,0,0,0,0,0,0,0,0,0,0,0,1,0,0
ChIJT78wwpbxqDsRIkt0SOFa8iM,Panda's Crispy Corner,Veerapandi Pirivu,Periyanaickenpalayam,11.168144,76.951295,Multi-cuisine / General,Budget,4.8,37,1,3.6375861597263857,42.0,19.32869099401753,2.772588722239781,1,0,0,1,0,0,1,0,0,0,0,0,1,1,0,0,0,0,0,0,1,0,0
ChIJzZmk97tfqDsRqb6l5uXiNTg,Gracious Choco's & Cafe,Veerapandi Pirivu,Coimbatore,11.175027,76.954053,Cafe & Beverages,Not disclosed,3.1,10,0,2.3978952727983707,92.75,20.07857890130563,2.4849066497880004,0,1,0,0,0,0,0,0,0,0,0,0,0,0,0,0,0,0,0,0,1,0,0
ChIJofcipXr3qDsRlTlxEdJsXwM,FB Cakes Periyanaickenpalayam,Periyanaickenpalayam,Periyanaickenpalayam,11.158443,76.945045,Bakery & Desserts,Premium,4.7,509,1,6.234410725718371,105.0,18.305718404382606,3.6888794541139363,1,1,0,1,0,1,1,0,1,1,0,0,1,0,0,0,0,1,0,0,1,0,0
ChIJ93kjUDTxqDsRJXG4j9YRDK8,JB Sweets & Bakery,Sri Ramakrishna Mission Vidyalaya Campus,Periyanaickenpalayam,11.149303,76.944751,Bakery & Desserts,Not disclosed,4.3,370,1,5.916202062607435,101.5,17.297865527150105,3.6375861597263857,1,0,0,0,0,0,1,0,0,0,0,0,0,0,0,0,0,0,0,1,1,0,0
ChIJ8za-pOBZqDsRxEImsQdV12c,Tasty bakes,Coimbatore,Coimbatore,11.015443,76.984,Bakery & Desserts,Budget,4.4,195,1,5.278114659230518,122.5,3.384745225791214,4.219507705176107,0,0,0,1,0,0,1,0,1,0,0,0,1,0,0,0,1,1,0,1,1,0,0
ChIJt8LLAQD3qDsRp6paWcrwXsw,RVS Bakes,Periyanaickenpalayam,Periyanaickenpalayam,11.142098,76.962944,Bakery & Desserts,Budget,4.9,10,1,2.3978952727983707,107.0,16.4018947418797,0.6931471805599453,0,0,0,0,0,0,1,0,0,0,0,0,0,0,0,0,0,1,0,1,1,0,0
ChIJaz8t-01YqDsRI2AZabV5xjk,SabariBakery,Siddhapudur,Coimbatore,11.01938,76.976534,Bakery & Desserts,Not disclosed,4.0,804,0,6.690842277418564,108.5,3.212623397813491,4.143134726391533,1,0,0,1,0,0,1,0,0,0,0,0,0,0,0,0,0,0,0,1,1,0,0
ChIJUSeoaAD3qDsRhOrgEzcsah4,The Corner Cafe,K. Vadamadurai,Coimbatore,11.096913,76.933738,Cafe & Beverages,Not disclosed,4.8,13,1,2.639057329615259,87.0,11.770416396590237,3.1354942159291497,1,0,0,0,0,0,1,0,1,0,0,0,1,1,0,0,0,1,0,0,0,0,0
ChIJRVr8VrjxqDsR_ZQZvnbmWC4,SK Bakery,bustop,Periyanaickenpalayam,11.152435,76.944528,Bakery & Desserts,Not disclosed,4.8,19,1,2.995732273553991,133.0,17.646761001963647,3.828641396489095,1,0,0,1,0,0,1,0,1,0,0,0,0,0,0,0,0,0,1,1,1,0,0
ChIJTZfKNQT3qDsRvfjYOPh-Pi4,Sai Saptha Cakes,Dhamu Nagar,Gudalur,11.140663,76.940885,Bakery & Desserts,Not disclosed,4.9,67,1,4.219507705176107,168.0,16.395033164854375,1.3862943611198906,1,0,1,1,0,0,1,0,1,0,0,0,0,0,0,0,0,1,1,1,1,0,0
ChIJUzvvbjfxqDsRkc-kVCBJuvQ,HUNGRY BITES,Periyanaickenpalayam,Periyanaickenpalayam,11.154402,76.947774,Fast food & Quick bites,Budget,3.9,18,0,2.9444389791664403,79.0,17.831276271058194,3.7612001156935624,1,0,0,1,0,0,1,0,0,0,0,0,1,1,0,0,0,1,0,0,1,0,0
ChIJbZg17BfxqDsREVjHHfdHqSU,KOKKARAKKO BIRIYANI & FAST FOOD,Veerapandi Pirivu,Periyanaickenpalayam,11.16948,76.95187,Multi-cuisine / General,Budget,4.4,20,1,3.044522437723423,87.0,19.473555700770603,2.772588722239781,0,0,0,0,0,0,1,1,0,0,0,0,1,1,0,0,0,0,0,0,0,1,0
ChIJ2ZR72-VZqDsR53GBGSAdeHA,Cakes by Chocolates,Siddhapudur,Coimbatore,11.020211,76.977546,Bakery & Desserts,Not disclosed,4.8,1072,1,6.9782137426306985,105.0,3.3490033957557293,3.9512437185814275,1,0,0,1,0,0,1,0,0,0,0,0,0,0,0,0,0,0,0,0,1,0,0
ChIJE6eb7XXxqDsRDR4TNNbFS_g,Vanga fast food..,Veerapandi Pirivu,Periyanaickenpalayam,11.169292,76.952556,Fast food & Quick bites,Not disclosed,5.0,10,1,2.3978952727983707,87.0,19.448822759869415,2.772588722239781,1,0,0,1,0,0,1,0,1,0,0,0,1,1,0,0,0,1,0,0,0,0,0
ChIJYfmgSQDxqDsRT16lzHQQ244,PANDI RESTAURANT,Periyanayakanpalayam,Periyanaickenpalayam,11.159374,76.945703,Fast food & Quick bites,Not disclosed,3.5,17,0,2.8903717578961645,108.5,18.401927712682827,3.58351893845611,0,0,0,1,0,0,0,0,0,0,0,0,0,0,0,0,0,0,0,1,1,0,0
ChIJgaQWVQDxqDsRzVFQEPyfLWo,Lahna’s Snacktopia,Bharathi Nagar,Periyanaickenpalayam,11.149454,76.944736,Fast food & Quick bites,Budget,5.0,14,1,2.70805020110221,87.5,17.314734966295,3.6375861597263857,1,0,0,1,0,0,1,0,1,0,0,0,1,1,1,0,0,0,0,0,1,0,0
ChIJ_w6qKjfxqDsRxh7iMOvEa28,HOTEL AMIRTHA ஹோட்டல் அமிர்தா,Kuppichipalayam,Periyanaickenpalayam,11.15387,76.946434,Multi-cuisine / General,Budget,3.9,89,0,4.499809670330265,112.0,17.785158432902897,3.784189633918261,1,0,0,1,0,0,1,1,1,0,1,0,1,1,0,0,0,1,0,1,1,0,0
ChIJPVVVVVHxqDsRK5aN50Kymyc,Sri Nayaki Mess,Sri Ramakrishna Mission Vidyalaya Campus,Periyanaickenpalayam,11.149301,76.945139,Multi-cuisine / General,Not disclosed,3.9,73,0,4.304065093204169,108.5,17.293248466977946,3.6375861597263857,0,0,0,1,0,0,1,0,0,0,0,0,0,0,0,0,0,0,0,1,1,0,0
ChIJGRuoKADxqDsRBnHGr3eBRyA,Vignesh Catering Service,5W5W+J58Mettupalayam,Periyanaickenpalayam,11.159121,76.945568,Multi-cuisine / General,Budget,5.0,13,1,2.639057329615259,27.0,18.375297006018986,3.6109179126442243,0,0,0,1,0,0,1,0,0,0,0,0,1,1,0,0,0,0,0,0,1,0,1
ChIJMaQn0P3xqDsRlSF0swGrbVk,Bismi Biriyani,Coimbatore,Periyanaickenpalayam,11.16087,76.94568,Biryani & Non-veg,Budget,4.6,10,1,2.3978952727983707,51.0,18.567790856294202,3.5263605246161616,1,0,0,0,0,0,1,1,0,0,0,0,1,0,0,0,0,0,0,0,1,1,0
ChIJX-eXTTfxqDsRE1ITZ33QQ0U,Velan Briyani,Jothipuram,Periyanaickenpalayam,11.163786,76.94869,North Indian & Global,Budget,4.0,74,0,4.31748811353631,84.0,18.8636813905139,3.2188758248682006,1,0,0,1,0,0,1,1,1,0,0,0,1,1,0,0,1,1,0,0,1,0,0
ChIJX4sKQUxYqDsRFCpg8SFNeDU,Ponni Restaurant,G K D Nagar,Coimbatore,11.018307,76.979751,Multi-cuisine / General,Not disclosed,3.8,969,0,6.877296071497429,108.5,3.3107457595909637,3.828641396489095,1,1,0,1,0,1,1,0,0,1,0,0,0,0,0,0,0,0,1,0,1,0,0
ChIJUy1h7JDxqDsRN12VhwmX9B4,Makil Food Castle (MFC) Family Restaurant,Press Colony,Veerapandi,11.174716,76.954181,Multi-cuisine / General,Premium,3.6,241,0,5.488937726156687,84.0,20.043471120434805,2.4849066497880004,1,1,0,1,1,0,1,1,1,1,1,0,1,1,0,0,1,1,0,0,1,0,0
ChIJqwtrIQDxqDsRkvEfBIXoEQw,Saffron Kitchen,Press Colony,Veerapandi,11.181256,76.958839,Multi-cuisine / General,Budget,4.6,26,1,3.295836866004329,88.5,20.757081471465046,1.6094379124341003,0,0,0,0,0,0,1,1,0,0,0,0,1,1,0,0,0,1,0,0,1,0,0
ChIJp6qqqTfxqDsR_uBhB9kplYs,Walk Inn,Bhagat Singh Nagar,Periyanaickenpalayam,11.154672,76.943961,North Indian & Global,Not disclosed,4.2,13,1,2.639057329615259,87.0,17.90063659629769,3.7612001156935624,0,0,0,0,0,0,1,0,0,0,0,0,0,0,0,0,0,0,0,0,0,0,0
ChIJL71AZjDxqDsRU7DW4dKW-Jk,Om Para Sathi Hotel,Koundampalayam,Periyanaickenpalayam,11.15607,76.95053,South Indian & Regional,Not disclosed,3.9,16,0,2.833213344056216,58.25,17.99378465660758,3.7612001156935624,0,0,0,1,0,0,1,0,0,0,0,0,0,0,0,0,0,0,0,0,1,0,0
ChIJ0RQd7X73qDsRs49dbzWwji0,Sheikh's Biriyani,K. Vadamadurai,Kurudampalayam,11.094191,76.93856,Multi-cuisine / General,Not disclosed,4.5,26,1,3.295836866004329,77.5,11.351084084480096,3.4339872044851463,1,0,0,1,0,0,0,0,0,0,0,0,0,0,0,0,0,0,1,0,1,0,0
ChIJOclhOSbxqDsRQuO9dLCDrfQ,Pizzas Planet,Periyanaickenpalayam,Periyanaickenpalayam,11.160073,76.946145,Fast food & Quick bites,Not disclosed,4.8,12,1,2.5649493574615367,76.5,18.474908336712495,3.5553480614894135,1,0,0,0,0,0,1,0,1,0,0,0,1,1,0,0,0,1,0,0,1,0,0
ChIJ9aB7ok3xqDsRGUe6ku2NCYY,Ice bay periyanaikanpalayam,SRKV post,Coimbatore,11.154779,76.944314,Bakery & Desserts,Not disclosed,4.9,24,1,3.2188758248682006,91.0,17.908415553170624,3.7612001156935624,1,0,0,1,0,0,1,0,0,0,0,0,1,1,0,0,0,1,0,0,1,0,0
ChIJrSKocbrxqDsRDHcSVNt09FU,Madurai famous jigarthanda,Jothipuram,Periyanaickenpalayam,11.16103,76.944834,Bakery & Desserts,Not disclosed,4.1,18,0,2.9444389791664403,84.0,18.594254022529796,3.4965075614664802,1,0,0,0,0,0,0,0,0,0,0,0,0,0,0,0,0,0,0,0,1,1,0
ChIJD5EdRwX3qDsRZ0PAKZImbgI,Happy Treat,Ajantha Nagar,Coimbatore,11.110138,76.936411,Cafe & Beverages,Not disclosed,4.7,58,1,4.07753744390572,35.0,13.13349541092432,3.5553480614894135,1,0,0,1,0,0,0,0,0,0,0,0,0,0,0,0,0,0,0,0,1,0,0
ChIJ2-m3k_9YqDsRAAAAMMS44nE,Sri Vigneshwara Tea Stall,Ram Nagar,Coimbatore,11.012104,76.963355,Multi-cuisine / General,Not disclosed,4.8,135,1,4.912654885736052,90.0,1.9580185927849723,5.43372200355424,1,0,0,1,0,0,1,0,0,0,0,0,0,0,0,0,0,0,0,1,1,0,0
ChIJ4wsFYQBZqDsR1FuV0Dwywuo,Southside kaapi,Ram Nagar,Coimbatore,11.011732,76.961011,Cafe & Beverages,Budget,4.7,26,1,3.295836866004329,94.5,1.905464608392426,5.375278407684165,1,0,0,0,0,0,1,0,1,0,0,0,1,1,0,0,1,1,0,1,1,0,0
ChIJqSsM5_b3qDsRXzKh_dJzb9Q,Dhil Dhil Restaurant &:Cafe,Narasimhanaickenpalayam,Narasimhanaickenpalayam,11.115848,76.935844,Biryani & Non-veg,Mid,3.5,102,0,4.634728988229636,87.0,13.767607625810609,3.367295829986474,0,0,0,1,0,0,1,1,0,0,0,0,1,1,0,0,1,1,0,0,0,0,0
ChIJg_E-GgD3qDsRTgTV2kkZeJs,Aasai Restaurant,Narasimhanaickenpalayam,Coimbatore,11.10729,76.93732,Multi-cuisine / General,Not disclosed,4.3,30,1,3.4339872044851463,112.0,12.803156741958997,3.5263605246161616,0,0,0,1,0,0,0,0,0,0,0,0,0,0,0,0,0,0,0,1,1,0,0
ChIJYew9_Tv3qDsR_5ZB4xq7kJk,SS Cake Shop,CBE-31,Coimbatore,11.114853,76.93999,Multi-cuisine / General,Not disclosed,5.0,239,1,5.480638923341991,98.0,13.574126533046048,3.367295829986474,1,0,0,1,0,0,0,0,0,0,0,0,0,0,0,0,0,0,0,0,1,0,0
ChIJKdK3ceb3qDsRtxhfLlc2oI4,Ammakaivannam,Kurudampalayam,Kurudampalayam,11.10402,76.934957,Fast food & Quick bites,Not disclosed,4.9,125,1,4.836281906951478,87.0,12.504503485589279,3.1780538303479458,1,0,0,1,0,0,0,0,0,0,0,0,0,0,0,0,0,0,0,0,0,0,0
ChIJhTTpRAD3qDsRCNQkcqVmbd8,Magizh Unavagam,K. Vadamadurai,Kurudampalayam,11.099587,76.940961,Multi-cuisine / General,Budget,4.8,20,1,3.044522437723423,69.0,11.885215940006292,3.1354942159291497,0,0,0,0,0,0,1,0,0,0,0,0,1,1,0,0,0,0,1,0,1,0,0
ChIJaUeY4af3qDsR0MVOISYMIJY,Salem Settu Kadai,Angaalammanpuram,Narasimhanaickenpalayam,11.118033,76.935495,Cafe & Beverages,Not disclosed,5.0,28,1,3.367295829986474,42.0,14.013249569306808,3.332204510175204,1,0,0,1,0,0,1,0,0,0,0,0,0,0,0,0,0,0,0,0,1,0,0
ChIJpz3dRH73qDsR59N2ee9O9p8,Waffle Cart NSN Palayam,Angaalammanpuram,Narasimhanaickenpalayam,11.118047,76.935497,Bakery & Desserts,Not disclosed,4.6,11,1,2.4849066497880004,42.0,14.014730254413022,3.332204510175204,1,0,0,1,0,0,1,0,0,0,0,0,0,0,0,0,0,0,0,0,1,0,0
ChIJbaDJ9k73qDsRqFL2Lj_rWwk,Amuthaas coffee and juice,Town Hall,Narasimhanaickenpalayam,11.113029,76.935647,Cafe & Beverages,Premium,4.1,32,0,3.4965075614664802,87.0,13.4652715044467,3.367295829986474,0,0,0,0,0,0,1,0,0,0,0,0,1,1,0,0,0,0,0,0,0,0,0
ChIJi_NZ_o32qDsROoKFa9gn-6o,SB BAKERY,Padmalaya Nagar,Narasimhanaickenpalayam,11.111966,76.935711,Bakery & Desserts,Not disclosed,4.0,132,0,4.890349128221754,105.0,13.348229807862857,3.367295829986474,1,0,0,1,0,0,1,0,0,0,0,0,0,0,0,0,0,0,0,1,1,0,0
ChIJLxFrWQD3qDsRYlHxeA4qo50,Royal Kokkarako,K. Vadamadurai,Narasimhanaickenpalayam,11.115232,76.935843,Fast food & Quick bites,Premium,2.1,10,0,2.3978952727983707,105.0,13.7005615266174,3.367295829986474,0,0,0,0,0,0,1,1,0,0,0,0,1,1,0,0,0,0,0,0,1,0,0
ChIJbxd9Wz33qDsR2fvU1L4sfzE,ROYAL BIRYANI,Narasimhanaickenpalayam,Narasimhanaickenpalayam,11.115292,76.935892,Multi-cuisine / General,Not disclosed,2.5,12,0,2.5649493574615367,77.0,13.706006442525938,3.367295829986474,1,0,0,0,0,0,0,0,0,0,0,0,0,0,0,0,0,0,0,0,1,0,0
ChIJ0y0z8I32qDsRGIhhxFB1730,Sri Vidya Bakes,Narasimhanaickenpalayam,Narasimhanaickenpalayam,11.11072,76.93663,Bakery & Desserts,Not disclosed,4.1,566,0,6.340359303727752,108.5,13.191888421117353,3.5263605246161616,1,0,0,1,0,0,1,0,1,0,0,0,1,0,0,0,0,1,0,1,1,0,0
ChIJG-psoeH3qDsR5-SbTE72ch0,Fresh Delights,south,Coimbatore,11.11456,76.935878,Bakery & Desserts,Not disclosed,4.9,124,1,4.8283137373023015,91.0,13.626631175961872,3.367295829986474,1,0,0,1,0,0,0,0,0,0,0,0,0,0,0,0,0,0,0,0,1,0,0
ChIJIX0EbeP3qDsRTEOWOYnujkA,MILANO BAKES,Narasimhanaickenpalayam,Narasimhanaickenpalayam,11.114632,76.937394,Bakery & Desserts,Budget,4.2,117,1,4.770684624465665,136.5,13.601635515211665,3.367295829986474,0,0,0,0,0,0,1,0,1,0,0,0,0,0,0,0,1,1,1,1,1,1,0
ChIJuVjkPwD3qDsReRvZnsahf-Y,Honey bee Sweets and bakes,Ajantha Nagar,Narasimhanaickenpalayam,11.112049,76.935719,Bakery & Desserts,Not disclosed,4.2,26,1,3.295836866004329,168.0,13.357069976571646,3.367295829986474,1,0,0,1,0,0,0,0,0,0,0,0,0,0,0,0,0,0,1,1,1,0,0
ChIJrc55Rhf3qDsRN8NSdGxaieA,Jolly Jolly Cake & Choco House,Palayam,Kurudampalayam,11.096975,76.935489,Bakery & Desserts,Not disclosed,4.9,440,1,6.089044875446846,91.0,11.72954973525656,3.1780538303479458,1,0,0,1,0,0,0,0,0,0,0,0,0,0,0,0,0,0,0,0,1,0,0
ChIJFb8yjxX3qDsR83FdM-NN568,M CITY BAKES,Maniakarampalayam,Coimbatore,11.112183,76.953588,Bakery & Desserts,Budget,4.2,136,1,4.919980925828125,110.5,13.102398800950747,1.0986122886681096,0,0,0,0,0,0,1,0,0,0,0,0,1,0,0,0,0,0,0,1,1,0,0
ChIJETUjHaL3qDsReZaM7qnouqc,Akshaya Bakery,Sengalipalayam,Kurudampalayam,11.10401,76.954272,Bakery & Desserts,Budget,3.8,178,0,5.187385805840755,134.75,12.19068183798441,1.6094379124341003,1,0,0,1,0,0,1,0,0,0,0,0,1,0,0,0,0,1,0,1,1,0,0
ChIJl3SplKf3qDsRDk9PV3BQnUI,Pranav Bakes & Snacks,Narasimhanaickenpalayam,Coimbatore,11.113595,76.935959,Bakery & Desserts,Not disclosed,3.8,10,0,2.3978952727983707,115.5,13.519794123234828,3.367295829986474,1,0,0,1,0,0,0,0,0,0,0,0,0,0,0,0,0,0,0,1,1,0,0
ChIJMWxhWWH3qDsRZVSXgP4R1Ro,Penny Quick Restaurant & A/c Bar,Maniakarampalayam,Coimbatore,11.112976,76.958491,North Indian & Global,Not disclosed,3.8,249,0,5.521460917862246,84.0,13.166638440541927,1.0986122886681096,1,0,0,1,0,0,0,0,0,0,0,0,0,0,0,0,0,0,0,0,1,0,0
ChIJmX6po1D2qDsRVyuXFHoK7XQ,Hotel My FOOD Family Restuarant,Teachers Colony,Kurudampalayam,11.095802,76.953439,Multi-cuisine / General,Not disclosed,3.6,251,0,5.529429087511423,108.5,11.286638948597796,1.0986122886681096,1,0,0,0,0,0,1,0,0,0,0,0,0,0,0,0,0,0,0,1,1,0,0
ChIJU9qAYor2qDsRlEkpOm8h00M,Surya Hotel,Town Hall,Kurudampalayam,11.102129,76.938449,South Indian & Regional,Not disclosed,4.0,58,0,4.07753744390572,98.0,12.21621353968915,3.1354942159291497,0,0,0,0,0,0,0,0,0,0,0,0,0,0,0,0,0,0,0,0,1,0,0
ChIJceJ2WIr2qDsRpJ6VNVcoHcQ,Exxpress Chicken,K. Vadamadurai,Kurudampalayam,11.103113,76.938385,Biryani & Non-veg,Mid,3.7,272,0,5.60947179518496,84.0,12.324745884281418,3.1780538303479458,1,0,0,1,0,1,1,1,1,1,1,0,1,1,0,0,1,1,0,0,1,0,0
ChIJVVVV5d73qDsRH6Jx40mhRj4,Esa Fastfood,Chinnavedampatti,Coimbatore,11.062579,76.9833,Multi-cuisine / General,Budget,3.8,47,0,3.8712010109078907,49.0,7.9278184703461205,2.9444389791664403,0,0,0,1,0,0,1,0,0,0,0,0,1,0,0,0,0,1,0,0,1,0,0
ChIJGahdBQBZqDsRzBL_5-dv4-8,WOW Chicken,Saravanampatti,Coimbatore,11.055397,76.993819,Biryani & Non-veg,Not disclosed,4.2,162,1,5.093750200806762,84.0,7.630297729388416,4.1588830833596715,1,1,0,1,0,1,0,0,0,1,0,0,0,0,0,0,0,0,0,0,1,0,0
ChIJE_vKb6pZqDsRrgZs0sJ1mJE,Martram's The South Indian Coffee house - Anna Silai,Gopalapuram,Coimbatore,11.008387,76.975299,Cafe & Beverages,Budget,4.7,367,1,5.908082938168931,91.0,2.1568040854214696,4.418840607796598,1,1,0,1,0,0,1,0,1,0,0,0,1,0,0,0,1,1,0,1,1,1,0
ChIJvQGH16hZqDsRH_om2YbsE7M,The Parries Hotel,Gopalapuram,Coimbatore,11.005642,76.969633,Multi-cuisine / General,Not disclosed,4.1,296,0,5.6937321388027,75.0,1.5215439227630412,4.74493212836325,0,0,0,1,0,0,1,1,1,0,0,0,1,1,0,0,1,1,0,0,1,0,0
ChIJvyMt-GP3qDsRK0MyRZBQ-Hg,Sahara Restaurant,Saravanampatti,Keeranatham,11.101999,76.98884,Multi-cuisine / General,Not disclosed,4.0,152,0,5.030437921392435,85.0,12.311968412623257,4.007333185232471,1,0,0,1,0,0,0,0,0,0,0,0,0,0,0,0,0,0,1,0,1,0,0
ChIJK8z_cNxZqDsRDxRy1dYMT-A,NSK Biryani,Chinnavedampatti,Coimbatore,11.050037,76.983699,Fast food & Quick bites,Not disclosed,4.4,44,1,3.8066624897703196,87.0,6.627376165588994,3.5553480614894135,1,0,0,1,0,0,0,0,0,0,0,0,0,0,0,0,0,0,0,0,0,0,0
ChIJfetkoO33qDsRmbFMqZ1HIoU,Kailash cafe,Saravanampatti,Coimbatore,11.09693,76.99616,Multi-cuisine / General,Budget,4.9,47,1,3.8712010109078907,133.5,11.994285773669807,3.9318256327243257,1,0,0,1,0,0,1,0,0,0,0,0,1,1,0,0,0,0,1,1,1,0,0
ChIJKfYNJQD3qDsRly3hMBlpDYw,THE PIGGY BOWL,Saravanampatti,Keeranatham,11.096801,76.996169,Multi-cuisine / General,Budget,4.5,22,1,3.1354942159291497,72.0,11.980990129306344,3.912023005428146,1,0,0,1,0,0,1,0,1,0,0,0,1,1,0,0,0,1,0,0,1,0,0
ChIJayAfRzj3qDsRH-1I35roz5k,Sarah Home Bakes Keeranatham,Saravanampatti,Coimbatore,11.097907,77.00075,Bakery & Desserts,Not disclosed,5.0,56,1,4.04305126783455,84.0,12.263703543566164,3.367295829986474,1,0,1,1,0,0,0,0,0,0,0,0,0,0,0,0,0,0,0,0,1,0,0
ChIJhW3Midv3qDsRz9tFzxLZGlA,Atmcakes 2,Saravanampatti,Coimbatore,11.100418,76.988631,Bakery & Desserts,Not disclosed,4.6,69,1,4.248495242049359,64.5,12.135920389584049,4.02535169073515,1,0,0,1,0,0,0,0,0,0,0,0,0,0,0,0,0,0,0,0,1,0,0
ChIJp_CswZ_3qDsRlcYiwejZwPU,SBA BAKERY,Saravanampatti,Coimbatore,11.10222,76.988796,Bakery & Desserts,Budget,4.0,121,0,4.804021044733257,112.0,12.334640846604637,3.970291913552122,1,0,0,1,0,0,1,0,0,0,0,0,1,0,0,0,1,1,0,1,1,0,0
ChIJ4dltnd33qDsRte3CEPGRWT4,Cakes N Flakes,Saravanampatti,Keeranatham,11.09986,76.998929,Bakery & Desserts,Not disclosed,4.8,16,1,2.833213344056216,66.0,12.400293071648067,3.5553480614894135,1,0,1,0,0,0,0,0,0,0,0,0,0,0,0,0,0,0,0,0,1,0,0
ChIJc2yRV173qDsRHSW-gUyNcx8,Hotel Kudampuli,Chinnavedampatti,Coimbatore,11.06745,76.983905,Multi-cuisine / General,Budget,4.4,10,1,2.3978952727983707,87.0,8.464742400797787,2.833213344056216,0,0,0,0,0,0,1,1,0,0,0,0,1,0,0,0,0,0,0,0,0,0,0
ChIJK7DyDav3qDsR36jkMKryzOo,The Village Bakes And Cakes,Chinnavedampatti,Coimbatore,11.082442,76.986272,Bakery & Desserts,Not disclosed,4.4,24,1,3.2188758248682006,105.0,10.137754660690288,4.356708826689592,1,0,0,1,0,0,0,0,0,0,0,0,0,0,0,0,0,0,0,0,1,0,0
ChIJd96rqRj3qDsRjljlehpzb1Q,Urban Bakes,Saravanampatti,Keeranatham,11.102602,77.000052,Bakery & Desserts,Not disclosed,5.0,18,1,2.9444389791664403,70.0,12.728560567014409,3.5263605246161616,1,1,0,1,0,0,1,0,1,0,0,0,0,0,0,0,0,1,0,0,1,0,0
ChIJ5cPMVLj3qDsRxpcBU9eq3dI,Cake Monarch,Saravanampatti,Coimbatore,11.082184,76.987791,Bakery & Desserts,Not disclosed,4.7,112,1,4.727387818712341,91.0,10.155883180940176,4.356708826689592,1,0,0,1,0,0,1,0,0,0,0,0,0,0,0,0,0,0,0,0,1,0,0
ChIJmU1IQi74qDsRDTkt0tOMkGU,S.R bakery,Saravanampatti,Coimbatore,11.097765,77.020004,Bakery & Desserts,Budget,4.2,330,1,5.802118375377063,126.0,13.133888452348844,2.302585092994046,0,0,0,1,0,0,1,0,0,0,0,0,0,0,0,0,0,1,0,1,1,0,0
ChIJIQrC7lL3qDsRqgnZj_oLres,Cakes by Chocolates,Saravanampatti,Coimbatore,11.080886,76.993319,Bakery & Desserts,Not disclosed,4.5,150,1,5.017279836814924,105.0,10.207398081424294,4.48863636973214,1,0,0,1,0,0,0,0,0,0,0,0,0,0,0,0,0,0,0,0,1,0,0
ChIJT051OSz3qDsRE4rHh-Jbp4Y,B2 cafe,Saravanampatti,Coimbatore,11.081518,77.001673,Bakery & Desserts,Budget,5.0,10,1,2.3978952727983707,101.0,10.617338487843833,4.418840607796598,1,0,0,1,0,0,1,0,0,0,0,0,0,0,0,0,0,1,0,1,1,0,0
ChIJbbD9eo33qDsRq28w1zC6RgY,Ra - An Old School Café,Saravanampatti,Coimbatore,11.09208,76.997153,Cafe & Beverages,Not disclosed,4.2,55,1,4.02535169073515,77.0,11.520204709359547,2.639057329615259,1,0,0,0,0,1,0,0,0,1,0,0,0,0,0,0,0,0,0,0,1,0,0
ChIJqXVxcZ73qDsR3bdhZnnY2WA,MARIO,Saravanampatti,Keeranatham,11.101734,76.994096,Fast food & Quick bites,Budget,4.3,1726,1,7.454141078146678,98.0,12.435681579416885,4.060443010546419,0,0,0,0,0,0,1,1,1,0,0,0,1,1,1,0,1,1,0,0,1,0,0
ChIJr9RNOwD3qDsR15TrGE9-DLk,VICKI'S KITCHEN,Saravanampatti,Coimbatore,11.101047,76.988757,Multi-cuisine / General,Not disclosed,4.5,46,1,3.8501476017100584,93.0,12.207099648513815,4.02535169073515,1,0,0,0,0,0,0,0,0,0,0,0,0,0,0,0,0,0,0,1,1,0,0
ChIJtXgOwZ33qDsReT2oEaSnjrw,Subway Saravanampatti,Saravanampatti,Coimbatore,11.102006,76.994404,Fast food & Quick bites,Premium,4.2,1271,1,7.148345743900068,98.0,12.474321351529431,4.060443010546419,1,1,0,1,1,0,1,0,1,1,0,0,1,1,0,0,1,1,0,0,1,0,0
ChIJV9O4qa_3qDsRkTLqCm71qCo,Sakthi House Biriyani,Saravanampatti,Keeranatham,11.101827,76.992211,Biryani & Non-veg,Not disclosed,4.1,20,0,3.044522437723423,87.0,12.388174953004551,4.04305126783455,0,0,0,0,0,0,0,0,0,0,0,0,0,0,0,0,0,0,0,0,0,0,0
ChIJq6qqUZ73qDsRDOriDJoVY9Q,The Bamboo Hut,Saravanampatti,Keeranatham,11.101796,76.991972,Biryani & Non-veg,Mid,3.7,112,0,4.727387818712341,89.0,12.377801227608467,4.04305126783455,1,0,0,1,0,0,1,1,1,0,0,0,1,0,0,0,1,1,1,0,1,0,0
ChIJob_LZwD3qDsR5iocLAFhtnQ,Charminar biriyani house.,Saravanampatti,Keeranatham,11.099186,76.988447,Multi-cuisine / General,Budget,3.1,15,0,2.772588722239781,40.0,11.998191596644196,4.060443010546419,1,0,0,1,0,0,1,0,0,0,0,0,1,0,0,0,0,0,0,0,1,0,0
ChIJGZOYe0v3qDsRFMnBJpzdOH0,BIRIYANI HUT,Saravanampatti,Coimbatore,11.094036,77.014473,Bakery & Desserts,Not disclosed,4.2,34,1,3.5553480614894135,98.0,12.48204073252379,2.833213344056216,1,0,0,1,0,0,0,0,0,0,0,0,0,0,0,0,0,0,0,0,1,0,0
ChIJB-CXwfD3qDsRBXA1y07tyAg,SNR தம்பிரியாணி,Saravanampatti,Keeranatham,11.099649,76.996066,Multi-cuisine / General,Budget,4.8,14,1,2.70805020110221,57.0,12.278306659357316,4.07753744390572,0,0,0,1,0,0,1,0,0,0,0,0,1,0,0,0,0,0,0,0,1,0,0
ChIJrYrzxZ33qDsRjHYNEUj2kGA,Hotel Sri Balaji,Saravanampatti,Keeranatham,11.101789,76.994222,South Indian & Regional,Not disclosed,3.7,394,0,5.978885764901122,112.0,12.445490902419207,4.060443010546419,0,0,0,1,0,0,1,0,0,0,0,0,0,0,0,0,0,0,1,1,1,1,0
ChIJnQk_WB_3qDsRNL3mlTPI5uw,Guru’s Spice,Saravanampatti,Keeranatham,11.102892,76.988805,Multi-cuisine / General,Budget,4.9,12,1,2.5649493574615367,69.0,12.407384572132761,3.9318256327243257,1,0,0,1,0,0,1,0,0,0,0,0,1,1,0,0,0,0,1,0,1,0,0
ChIJbYhRnN73qDsRsi3GZOyrk0w,Trichy idli kadai,Saravanampatti,Keeranatham,11.10334,76.98896,Multi-cuisine / General,Not disclosed,4.7,15,1,2.772588722239781,69.0,12.45980875021364,3.9318256327243257,1,0,0,0,0,0,1,0,1,0,0,0,1,1,0,0,0,1,1,1,1,0,0
ChIJTfPA_e73qDsRzqPlOV0AIZQ,Simply kebab,Saravanampatti,Keeranatham,11.100759,76.989615,Fast food & Quick bites,Not disclosed,3.8,21,0,3.091042453358316,38.5,12.199348707222885,4.04305126783455,0,0,0,1,0,0,0,0,0,0,0,0,0,0,0,0,0,0,0,0,1,0,0
ChIJFazKKwD3qDsRrk8-A87B7TU,Malabari Restaurant,Saravanampatti,Keeranatham,11.101849,76.996284,South Indian & Regional,Budget,3.9,36,0,3.6109179126442243,87.0,12.518470746480489,4.04305126783455,1,0,0,0,0,0,1,1,0,0,0,0,1,1,0,0,0,1,0,0,0,0,0
ChIJM0BTt5_3qDsRUPw2eaSPdrM,Tharun Restaurant,Saravanampatti,Keeranatham,11.101829,76.989275,Cafe & Beverages,Not disclosed,3.8,216,0,5.37989735354046,77.0,12.305284322127353,4.007333185232471,1,0,0,1,0,0,1,0,0,0,0,0,0,0,0,0,0,0,0,0,1,0,0
ChIJZ1FhfwD3qDsRnXbhhnA4xTY,Jucotea,Saravanampatti,Keeranatham,11.102934,76.988685,Multi-cuisine / General,Mid,3.7,15,0,2.772588722239781,168.0,12.408767888861643,3.9318256327243257,1,0,0,1,0,0,1,1,1,0,0,0,1,1,0,0,0,1,1,1,1,0,0
ChIJg7yGN173qDsRaIJNCeJz0hw,The BIG Falooda,Saravanampatti,Keeranatham,11.101887,76.995588,Bakery & Desserts,Budget,4.1,36,0,3.6109179126442243,91.0,12.499613282347552,4.04305126783455,1,0,0,1,0,0,1,0,1,0,0,0,1,1,0,0,1,1,0,0,1,0,0
ChIJZQMR_xv4qDsRuq7HrZLwHM0,Muniyandi Vilas hotel,Saravanampatti,Coimbatore,11.0978,77.020063,South Indian & Regional,Not disclosed,4.0,304,0,5.720311776607412,87.0,13.140423539011229,2.302585092994046,0,0,0,1,0,0,0,0,0,0,0,0,0,0,0,0,0,0,0,0,0,0,0
ChIJa2x7OwD3qDsRcUZfHGlTAxg,E laban Coimbatore,Saravanampatti,Keeranatham,11.101675,76.995396,Bakery & Desserts,Not disclosed,4.8,90,1,4.51085950651685,80.5,12.470867184981362,4.060443010546419,1,0,0,1,0,0,1,0,0,0,0,0,0,0,0,0,1,1,1,0,1,0,0
ChIJOXYf1Ar3qDsRBRSFEDnvCZQ,Kovai kulfi Raja and Kovai chat junction,Saravanampatti,Coimbatore,11.101202,76.996261,Bakery & Desserts,Not disclosed,4.5,26,1,3.295836866004329,89.16666666666667,12.449188337113176,4.04305126783455,1,0,0,1,0,0,0,0,0,0,0,0,0,0,0,0,0,0,1,0,1,0,0
ChIJzfqQD533qDsRWA7vH1hzLXw,Tea and Snacks Shop,Saravanampatti,Keeranatham,11.101709,76.996482,Cafe & Beverages,Not disclosed,3.9,28,0,3.367295829986474,80.5,12.510238131695406,4.04305126783455,0,0,0,0,0,0,0,0,0,0,0,0,0,0,0,0,0,0,0,0,1,0,0
ChIJ-UwPkjX3qDsRlsUff_Se-UE,Keernatham Junction tea shop,Saravanampatti,Coimbatore,11.090761,77.008358,Cafe & Beverages,Not disclosed,4.4,13,1,2.639057329615259,115.5,11.85730733637696,2.772588722239781,0,0,0,0,0,0,0,0,0,0,0,0,0,0,0,0,0,0,1,1,1,0,0
ChIJ83ICMuL3qDsR9Mbqv6AV3Ac,Kovai Annai Virundhu,Saravanampatti,Coimbatore,11.062299,76.992013,Multi-cuisine / General,Not disclosed,4.9,11,1,2.4849066497880004,77.0,8.235946089779217,4.04305126783455,1,0,0,1,0,0,0,0,0,0,0,0,0,0,0,0,0,0,0,0,1,0,0
ChIJUXwOVuZZqDsRZUIEw56NHrQ,Vibe the taste cafe,Ganapathy,Coimbatore,11.05225,76.993239,Cafe & Beverages,Not disclosed,4.6,18,1,2.9444389791664403,77.0,7.291692631025791,4.0943445622221,0,0,0,1,0,0,0,0,0,0,0,0,0,0,0,0,0,0,0,0,1,0,0
ChIJn9KN8fxZqDsRJFbywkAYyRo,Coimbatore Boardgame House -Cafe_games,Saravanampatti,Coimbatore,11.054284,76.990832,Cafe & Beverages,Not disclosed,4.8,110,1,4.709530201312334,78.0,7.373108778070272,4.174387269895637,1,1,0,1,0,0,1,0,0,0,0,0,0,0,0,0,0,0,0,0,1,0,0
ChIJwRX2nwT3qDsR4W0RPOCVDHo,Toretto’s cafe,Saravanampatti,Coimbatore,11.082201,76.983982,Cafe & Beverages,Not disclosed,4.9,32,1,3.4965075614664802,83.5,10.047732190226238,4.276666119016055,1,0,0,1,0,0,0,0,0,0,0,0,0,0,0,0,0,0,1,0,1,0,0
ChIJnUbjA4T3qDsRnx_eRH0FF3c,KOVAI MIRAS,Chinnavedampatti,Coimbatore,11.082934,76.984162,Cafe & Beverages,Budget,4.3,64,1,4.174387269895637,98.0,10.131566005167437,4.2626798770413155,1,0,0,1,0,0,1,1,1,0,0,0,1,1,0,0,1,1,0,0,1,0,0
ChIJkVEPsN_3qDsR0SSkHXsJX1U,Udaya bakery,Chinnavedampatti,Coimbatore,11.062923,76.983513,Bakery & Desserts,Not disclosed,3.9,172,0,5.153291594497779,140.0,7.971305165586087,2.9444389791664403,0,0,0,1,0,0,1,0,0,0,0,0,0,0,0,0,0,0,1,1,1,0,0
ChIJPQKypO33qDsRzrAYnwrADFE,Kovan Kafe,Saravanampatti,Coimbatore,11.079951,76.998429,Cafe & Beverages,Budget,4.9,11,1,2.4849066497880004,91.0,10.315200559394345,4.51085950651685,1,0,0,1,0,0,1,0,0,0,0,0,1,1,0,0,0,0,0,0,1,0,0
ChIJqYFlPkj3qDsRfdFl6QK20cI,Velora Bakes,Chinnavedampatti,Coimbatore,11.081868,76.98097,Bakery & Desserts,Not disclosed,5.0,10,1,2.3978952727983707,168.0,9.936029852016208,3.9889840465642745,1,1,0,0,0,0,1,0,0,0,0,0,0,0,0,1,0,0,1,1,1,0,0
ChIJYSi10zD3qDsR6iKT_U14LyQ,Sri Pravanya Bakes,Chinnavedampatti,Coimbatore,11.059002,76.982621,Bakery & Desserts,Not disclosed,4.0,23,0,3.1780538303479458,98.0,7.526404792287723,2.3978952727983707,0,0,0,0,0,0,0,0,0,0,0,0,0,0,0,0,0,0,0,1,1,0,0
ChIJ_w86vXL3qDsRBy-q5RlwH2Y,Cake Ecstasy,Chinnavedampatti,Coimbatore,11.058763,76.967021,Bakery & Desserts,Not disclosed,4.7,14,1,2.70805020110221,77.5,7.160927680267854,1.9459101490553132,1,0,0,0,0,0,1,0,1,0,0,0,0,0,0,0,0,1,1,1,1,0,0
ChIJHUtKqXT3qDsRrW3k1fZ4SWE,Tg Bakery,Saravanampatti,Coimbatore,11.062555,76.992339,Bakery & Desserts,Not disclosed,4.4,16,1,2.833213344056216,87.0,8.276424426840427,4.007333185232471,1,0,0,1,0,0,1,0,0,0,0,0,0,0,0,0,0,0,0,0,0,0,0
ChIJYWTwT1j3qDsRZdr5R-tj-qU,Udhaya bakery,Saravanampatti,Coimbatore,11.062643,76.991632,Bakery & Desserts,Not disclosed,4.1,118,0,4.77912349311153,87.0,8.254211656237196,4.007333185232471,0,0,0,0,0,0,1,0,0,0,0,0,0,0,0,0,0,0,0,0,0,0,0
ChIJ4VRO0IH3qDsRLhkjzp1odXI,The Kitchen by Bakya,Chinnavedampatti,Coimbatore,11.075265,76.980227,Bakery & Desserts,Premium,5.0,10,1,2.3978952727983707,48.0,9.201883705384267,3.4011973816621555,1,0,0,1,1,0,1,0,1,0,0,0,1,0,0,0,0,1,0,0,1,0,0
ChIJ2eIPLgD3qDsRl1NGyEuHvzY,YOOTI CAKES homemade,,,11.087385,76.987496,Bakery & Desserts,Not disclosed,4.9,17,1,2.8903717578961645,87.0,10.703099705758097,4.290459441148391,1,0,0,0,0,0,1,0,1,0,0,0,0,0,0,0,0,0,0,0,0,0,0
ChIJvy1ytPv3qDsRBEJzVxV2DV8,B Bites,Chinnavedampatti,Coimbatore,11.079162,76.982201,Bakery & Desserts,Budget,5.0,36,1,3.6109179126442243,48.0,9.673035629069991,4.0943445622221,1,0,1,1,0,0,1,0,1,0,0,0,0,0,0,0,0,1,0,0,1,0,0
ChIJd2B4T41ZqDsRsE7AARhQX5c,Cake Minions Cake Shop,Vinayagapuram,Coimbatore,11.060014,77.007221,Bakery & Desserts,Budget,5.0,78,1,4.3694478524670215,65.0,8.82704158036742,3.7612001156935624,1,0,0,1,1,0,1,0,1,0,1,1,1,0,0,0,1,1,0,0,1,0,0
ChIJGxEPFQD3qDsRdeBshYc3yyY,TEA BOY,Subramaniyanagar,Coimbatore,11.062459,76.983225,Cafe & Beverages,Not disclosed,5.0,20,1,3.044522437723423,96.5,7.9126291103156925,2.8903717578961645,1,0,0,1,0,0,1,0,0,0,0,0,0,0,0,0,0,0,0,1,1,1,0
ChIJzaP9boBZqDsRcpWhw9EdNic,The Cakeberry,Chinnavedampatti,Coimbatore,11.081683,76.980648,Bakery & Desserts,Not disclosed,5.0,19,1,2.995732273553991,48.0,9.908430802685047,3.9512437185814275,1,1,0,1,0,0,0,0,0,0,0,0,0,0,0,0,0,0,0,0,1,0,0
ChIJRcCOExdZqDsR04oCLrNRDaM,Creamy Panda cafe,Ganapathy,Coimbatore,11.049193,76.985214,Cafe & Beverages,Not disclosed,4.9,10,1,2.3978952727983707,77.0,6.603493701171709,3.7612001156935624,1,0,0,1,0,0,0,0,0,0,0,0,0,0,0,0,0,0,0,0,1,0,0
ChIJk2BsFwBZqDsRynJnnzO6_S0,Kocosip,Chinnavedampatti,Coimbatore,11.049757,76.982673,Cafe & Beverages,Not disclosed,4.4,10,1,2.3978952727983707,75.0,6.557949598135864,3.5553480614894135,1,0,0,1,0,0,0,0,0,0,0,0,0,0,0,0,0,0,1,1,1,0,0
ChIJibUtMNz3qDsRJ1hgO3j4yZo,Dinesh Biriyani Centre,Saravanampatti,Coimbatore,11.065192,76.98391,Biryani & Non-veg,Budget,4.0,64,0,4.174387269895637,118.5,8.224955273558594,2.995732273553991,1,0,0,1,0,0,1,1,1,0,0,0,0,0,0,0,0,1,0,1,1,0,0
ChIJixXD2lz3qDsRG0R-hkjcaUw,FLAMES Food Court,Saravanampatti,Coimbatore,11.081435,76.990255,Multi-cuisine / General,Mid,3.9,513,0,6.2422232654551655,87.5,10.156186332163873,4.406719247264253,1,1,0,1,0,0,1,0,1,0,1,0,1,1,0,1,1,1,0,0,1,0,0
ChIJn4qoYqn3qDsRwV8FHRZ63lc,Elshadai millet dinning,Saravanampatti,Coimbatore,11.06254,76.991488,Multi-cuisine / General,Not disclosed,4.8,16,1,2.833213344056216,39.0,8.237437046044466,4.02535169073515,0,0,0,1,0,0,1,1,0,0,0,0,1,1,0,0,0,0,0,1,1,0,0
ChIJz75giSP3qDsRIe6z9hDzw1M,StrEat Express,Saravanampatti,Coimbatore,11.078947,77.002129,Multi-cuisine / General,Budget,5.0,50,1,3.9318256327243257,70.0,10.379004066829758,4.356708826689592,1,1,0,1,0,0,1,0,1,0,1,0,1,1,0,1,0,1,0,0,1,0,0
ChIJw5TD_9z3qDsRJg0qm3abcZU,HANZA'S FAST FOOD,Saravanampatti,Coimbatore,11.062624,76.994562,Fast food & Quick bites,Budget,4.2,16,1,2.833213344056216,35.0,8.385261013270897,3.9512437185814275,1,0,0,1,0,0,1,1,0,0,0,0,1,1,0,0,0,1,0,0,1,0,0
ChIJNVWiPwBZqDsRzh2ZCDpecuU,De Sip N Rollz,Chinnavedampatti,Coimbatore,11.083093,76.9827,Bakery & Desserts,Not disclosed,5.0,20,1,3.044522437723423,50.0,10.110834013445757,4.143134726391533,0,0,0,0,0,0,1,0,0,0,0,0,0,1,0,0,0,0,0,0,1,0,0
ChIJE-p7Ny9XqDsRYFA_113FiKc,Meenakshi Cafe,Cheran ma Nagar,Coimbatore,11.054128,77.015438,Multi-cuisine / General,Not disclosed,4.7,19,1,2.995732273553991,116.5,8.86559519651195,3.8066624897703196,1,0,0,1,0,0,1,0,0,0,0,0,0,0,0,0,0,0,1,1,1,0,0
ChIJZSZeeKdZqDsR0oGSllDfziA,Kovai Bun Parotta,Saravanampatti,Coimbatore,11.053262,76.996109,Fast food & Quick bites,Budget,4.0,368,0,5.910796644040527,77.0,7.5431599180461015,4.127134385045092,1,0,0,1,0,1,1,1,1,1,0,0,1,0,0,0,0,1,0,0,1,0,0
ChIJpeopRdBXqDsReQFChKEcamA,Fillings Cafe,Cheran ma Nagar,Coimbatore,11.049882,77.024436,Cafe & Beverages,Budget,4.9,14,1,2.70805020110221,56.0,9.226089905944983,1.791759469228055,1,0,0,1,0,0,1,0,0,0,0,0,0,0,0,0,0,0,0,0,1,0,0
ChIJcZsKjI9XqDsRmt2e6s0AWeI,Whisk & Whiph,Cheran ma Nagar,Coimbatore,11.047085,77.013776,Bakery & Desserts,Budget,5.0,16,1,2.833213344056216,82.5,8.169361895895555,3.6375861597263857,1,0,1,1,0,0,1,0,0,0,0,0,0,0,0,0,0,0,1,0,1,0,0
ChIJkR5EAfdXqDsR63Omuly30UQ,Devalakshmi Bakery,Cheran ma Nagar,Coimbatore,11.046777,77.013532,Bakery & Desserts,Not disclosed,4.1,140,0,4.948759890378168,119.0,8.12626395061046,3.6109179126442243,0,0,0,0,0,0,1,0,0,0,0,0,0,0,0,0,0,0,0,1,1,0,0
ChIJj00pRRFZqDsR-G8Hzo2So1o,KG Bakery,Annai Vellankanni Nagar,Coimbatore,11.057382,77.003981,Bakery & Desserts,Budget,3.9,269,0,5.598421958998375,87.0,8.386485784970139,3.7612001156935624,0,0,0,0,0,0,1,0,0,0,0,0,0,0,0,0,0,0,0,0,0,0,0
ChIJU9WKNJpZqDsRb4Jqx_6g-UI,New Journey Cakes,Ganapathy,Coimbatore,11.056208,77.002185,Bakery & Desserts,Premium,4.9,162,1,5.093750200806762,121.0,8.169704996947866,4.110873864173311,1,0,1,1,1,0,1,0,1,0,1,0,0,0,0,1,1,1,1,1,1,0,0
ChIJG7fTvvlXqDsRFiExO91d6-4,Friends Bakes,Cheran ma Nagar,Coimbatore,11.050864,77.014201,Bakery & Desserts,Budget,4.0,394,0,5.978885764901122,133.0,8.505986400505119,3.8066624897703196,0,0,0,1,0,0,1,0,0,0,0,0,0,0,0,0,0,0,0,1,1,0,0
ChIJn3L7oAH4qDsRQUYh9RnCiWc,Dhyanalinga Bakery,CRM Arjun City,Coimbatore,11.064236,77.013049,Bakery & Desserts,Not disclosed,4.0,607,0,6.410174881966167,112.0,9.577721110952332,3.332204510175204,0,0,0,0,0,0,1,0,0,0,0,0,0,0,0,0,0,0,0,1,1,0,0
ChIJZcxBxYVZqDsR3rIq73-W5bk,SREE SANGAIYA FAST FOOD,Vinayagapuram,Coimbatore,11.058308,76.996819,Multi-cuisine / General,Not disclosed,4.6,11,1,2.4849066497880004,87.0,8.070119424269977,4.2626798770413155,1,0,0,1,0,0,1,0,0,0,1,0,1,1,0,0,0,0,0,0,0,0,0
ChIJdybYtOVZqDsRHsRv2YfWU40,Baskin Robbins,Saravanampatti,Coimbatore,11.054902,76.994223,Bakery & Desserts,Not disclosed,4.1,59,0,4.0943445622221,87.5,7.602254650416526,4.174387269895637,1,1,0,1,0,0,0,0,0,0,0,0,0,0,0,0,0,0,1,0,1,1,0
ChIJI0olUchZqDsRwhbPNPGP0ZM,Seeraga Samba - The Royal Biriyani,Vinayagapuram,Coimbatore,11.056066,77.002222,Biryani & Non-veg,Not disclosed,4.3,70,1,4.2626798770413155,76.5,8.158674672929891,4.07753744390572,1,0,0,1,0,0,0,0,0,0,0,0,0,0,0,0,0,0,0,0,1,0,0
ChIJ56q9lcBZqDsRoFAzt-xLAx0,Biryani Dekshaaa,Shivaram Nagar,Coimbatore,11.051005,77.006917,Biryani & Non-veg,Budget,4.4,251,1,5.529429087511423,87.0,8.001077136946957,3.828641396489095,0,1,0,1,1,0,1,0,1,1,0,0,0,0,0,0,1,1,0,0,0,0,0
ChIJjXEcCABXqDsRxPw_4Si-Znw,Renuka mess,Bharathi Nagar,Coimbatore,11.046027,77.013644,Multi-cuisine / General,Not disclosed,2.9,52,0,3.970291913552122,119.58333333333333,8.075565789544411,3.6375861597263857,0,0,0,1,0,0,0,0,0,0,0,0,0,0,0,0,0,0,1,1,1,0,0
ChIJbwAhOd9XqDsR4Hk8dyzCKPw,Annapoorna Sweets & Bakes - Cheran Ma Nagar,Cheran ma Nagar,Coimbatore,11.052624,77.014412,Bakery & Desserts,Not disclosed,4.2,10,1,2.3978952727983707,87.0,8.666291454256589,3.8066624897703196,1,1,0,1,0,0,0,0,0,0,0,0,0,0,0,0,0,0,0,0,0,0,0
ChIJFwYTLwBZqDsRGWWtMo5X_1Y,VAAGAI MESS & BAKES,Gandhimaa Nagar,Coimbatore,11.03561,77.004267,Multi-cuisine / General,Not disclosed,4.5,42,1,3.7612001156935624,77.0,6.5334143744962585,2.8903717578961645,1,0,0,0,0,0,0,0,0,0,0,0,0,0,0,0,0,0,0,0,1,0,0
ChIJkyMYSwBZqDsRUSS76iPAuMg,PRS hotel,Gauthama Puri Nagar,Coimbatore,11.037594,77.010022,Multi-cuisine / General,Not disclosed,3.7,15,0,2.772588722239781,103.83333333333333,7.14271543448778,3.4011973816621555,0,0,0,0,0,0,0,0,0,0,0,0,0,0,0,0,0,0,0,0,1,0,0
ChIJ1Sh37iRZqDsR7oK2XXc68bA,MARIO JUICY,Cheran ma Nagar,Coimbatore,11.045901,77.013626,Cafe & Beverages,Budget,3.1,20,0,3.044522437723423,87.0,8.064262859620891,3.6109179126442243,0,0,0,0,0,0,1,0,1,0,0,0,0,1,0,0,0,0,0,0,0,1,0
ChIJXaZmCkNXqDsRj4f3xgXSzko,Boomerang (Sree Santhi and Co),Bharathi Nagar,Coimbatore,11.044944,77.014069,Bakery & Desserts,Not disclosed,4.1,101,0,4.624972813284271,84.0,8.023918623641256,3.58351893845611,1,0,0,0,0,0,1,1,1,0,0,0,0,1,0,0,1,1,0,0,1,1,0
ChIJFz815NVXqDsRRMdCgdTsIdk,Sri Sai Bhavan Hotel,Cheran ma Nagar,Coimbatore,11.049992,77.014419,Multi-cuisine / General,Not disclosed,3.7,25,0,3.258096538021482,108.5,8.451205061729588,3.8066624897703196,0,0,0,1,0,0,0,0,0,0,0,0,0,0,0,0,0,0,0,1,1,0,0
ChIJPcqCu-L3qDsRqT9874SXSlg,Hotel Sri Selva Ganapathy,Saravanampatti,Coimbatore,11.060439,76.997615,Multi-cuisine / General,Not disclosed,4.0,30,0,3.4339872044851463,112.0,8.319813356093748,4.276666119016055,0,0,0,1,0,0,1,0,0,0,0,0,0,0,0,0,0,0,0,1,1,0,0
ChIJr6SksqNZqDsRyOQFkeq6ANg,Praveena Bakery And Fast Food,Gopalapuram,Coimbatore,10.994879,76.97266,Fast food & Quick bites,Budget,4.3,26,1,3.295836866004329,112.0,1.229464501419278,4.574710978503383,0,0,0,1,0,0,1,0,0,0,0,0,1,1,0,0,0,0,0,1,1,0,0
ChIJZyiDNDRZqDsRHEFlX6-x_7U,Indrani vilas biriyani hotel,Ganapathi Maanagar,Coimbatore,11.0547,76.998978,Biryani & Non-veg,Not disclosed,4.4,61,1,4.127134385045092,87.0,7.840997638333522,4.07753744390572,1,0,0,1,0,0,1,0,0,0,0,0,0,0,0,0,0,0,0,0,0,0,0
ChIJFU-5bTxVqDsRuggv-F76U_E,Cake Chalet,Highways Colony,Coimbatore,10.994069,76.972843,Bakery & Desserts,Not disclosed,5.0,61,1,4.127134385045092,84.0,1.2504446930088877,4.532599493153256,1,0,0,1,0,0,0,0,0,0,0,0,0,0,0,0,0,0,0,0,1,0,0
ChIJERBzsmxZqDsRw-W0Es0HPeM,Cups Cafe,R.S. Puram,Coimbatore,11.012301,76.948685,Cafe & Beverages,Not disclosed,4.2,83,1,4.430816798843313,80.5,2.408356947019975,5.236441962829949,1,0,0,1,0,0,0,0,0,0,0,0,0,0,0,0,0,0,0,0,1,0,0
ChIJzwhgDv9YqDsR2D38_XaCQMw,Aroma Bakery,R.S. Puram,Coimbatore,11.011068,76.954909,Bakery & Desserts,Not disclosed,3.2,14,0,2.70805020110221,133.0,1.9634434141954429,5.438079308923196,1,1,0,1,0,0,1,0,1,0,0,0,0,0,0,0,1,1,0,1,1,1,0
ChIJAde9ewRZqDsRL_GRW6RfyVw,K.S.L Agra Chaat,R.S. Puram,Coimbatore,11.008532,76.956763,Fast food & Quick bites,Budget,4.3,1893,1,7.546446273746024,42.0,1.6297525016164864,5.424950017481403,0,0,0,1,0,0,1,0,1,0,0,0,1,1,1,0,0,1,0,0,1,0,1
ChIJm05pYQFZqDsRaEcOEPal6D4,McDonald's,R.S. Puram,Coimbatore,11.009171,76.959201,Fast food & Quick bites,Mid,4.2,3114,1,8.043984431221553,77.0,1.637903637716517,5.303304908059076,1,1,0,1,1,0,1,0,1,0,1,0,1,1,0,1,1,1,0,0,1,1,0
ChIJoyULte9YqDsRwKDnSBF7FJM,KR Bakes,Kuppakonam Pudur,Coimbatore,11.027802,76.9511,Bakery & Desserts,Not disclosed,3.8,976,0,6.884486652042782,105.0,3.859268984778198,4.882801922586371,1,1,0,1,0,0,1,0,0,0,0,0,0,0,0,0,0,0,0,1,1,1,0
ChIJ8xIJG-FZqDsRE94t308vXfU,Dee's Cookhaus,Ram Nagar,Coimbatore,11.010019,76.96233,Fast food & Quick bites,Not disclosed,4.5,26,1,3.295836866004329,46.5,1.717516990257593,5.25227342804663,1,0,0,1,0,0,0,0,0,0,0,0,0,0,0,0,0,0,0,0,1,0,0
ChIJTbqXQgFZqDsR70DarJDe-2Q,Cookie Man - Coimbatore,R.S. Puram,Coimbatore,11.008662,76.959499,Bakery & Desserts,Not disclosed,3.9,110,0,4.709530201312334,87.5,1.5773306447506403,5.298317366548036,1,1,0,1,0,0,0,0,0,0,0,0,0,0,0,0,0,0,0,0,1,0,0
ChIJwzzcZgFZqDsRDC4J0Oq_to8,Chicking,R.S. Puram,Coimbatore,11.009667,76.958823,Fast food & Quick bites,Mid,4.0,361,0,5.891644211825771,80.83333333333333,1.6988224714800773,5.37989735354046,1,1,0,1,1,0,1,1,1,0,1,0,1,1,0,1,1,1,0,0,1,0,0
ChIJfTi0ZgFZqDsRk1Occ6bXaAE,KFC,R.S. Puram,Coimbatore,11.009095,76.959127,Multi-cuisine / General,Not disclosed,4.1,6957,0,8.847647355711887,84.0,1.630753830472342,5.303304908059076,1,1,0,1,0,1,1,0,0,1,0,0,0,0,0,1,0,0,0,0,1,0,0
ChIJ7UIG5eBZqDsRXS9VijZXF5Y,Burger King,Saravanampatti,Coimbatore,11.0556,76.993899,Fast food & Quick bites,Not disclosed,4.5,2316,1,7.748028524432376,112.0,7.654345477129835,4.1588830833596715,1,1,0,1,0,0,1,0,0,0,0,0,0,0,0,0,0,0,0,1,1,0,0
ChIJ4e412FRYqDsRir5EDMPK4MY,Kovai Mess,Vinayagapuram,Coimbatore,11.014609,76.967473,Multi-cuisine / General,Not disclosed,4.0,65,0,4.189654742026425,119.0,2.3215453524459275,5.209486152841421,1,0,0,1,0,0,0,0,0,0,0,0,0,0,0,0,0,0,0,1,1,0,0
ChIJO4emsQ5YqDsRtADN-2t6a70,Sree Aiswaryaa Bakery,Ganapathy,Coimbatore,11.053563,76.993947,Bakery & Desserts,Not disclosed,3.6,116,0,4.762173934797756,122.5,7.456868231106688,4.07753744390572,0,0,0,1,0,0,1,0,0,0,0,0,0,0,0,0,0,0,0,1,1,0,0
ChIJ0WWSmvdbqDsRJwfv5BMajHM,11:11 CAFE,Eachanari,Coimbatore,10.932533,76.980099,Cafe & Beverages,Not disclosed,4.7,11,1,2.4849066497880004,87.0,7.197085106833984,3.091042453358316,1,0,0,1,0,0,1,0,0,0,0,0,1,1,0,0,0,1,0,0,0,0,0
ChIJDaq2oLJbqDsRfDgC6UR5JfQ,#.One Way Restaurant,Eachanari,Coimbatore,10.924858,76.9826,Multi-cuisine / General,Budget,4.7,15,1,2.772588722239781,77.0,8.092929465191292,2.8903717578961645,1,0,0,1,0,0,1,0,1,0,0,0,1,1,0,0,0,1,0,0,1,0,0
ChIJSb5LfjZbqDsRrZiXM70i6HY,SELVI MESS,Eachanari,Coimbatore,10.932253,76.983597,Multi-cuisine / General,Not disclosed,3.6,10,0,2.3978952727983707,96.5,7.343946600545553,2.772588722239781,1,0,0,0,0,0,0,0,0,0,0,0,0,0,0,0,0,0,0,0,1,0,0
ChIJiw13181ZqDsREYSfiU5iT9Y,HMR BIRYANI RESTAURANT,Coimbatore,Coimbatore,11.019857,76.965286,Multi-cuisine / General,Mid,3.8,38,0,3.6635616461296463,80.5,2.840299208047693,5.298317366548036,1,0,0,1,0,0,1,0,1,0,0,0,1,1,0,0,0,1,0,0,1,0,0
ChIJm7P_ivE5qDsRcFnXqW2ZfMM,FOODLAND,Pollachi,Supendapuddur,10.635486,76.94184,Multi-cuisine / General,Not disclosed,4.2,118,1,4.77912349311153,28.0,39.98876089678804,0.0,1,0,0,1,0,0,1,0,0,0,0,0,0,0,0,0,0,0,0,1,1,0,0
ChIJg2jJGABXqDsR8Y0l5FXOXH8,Fruitzo fresh juice shop,,,11.023457,77.010448,Cafe & Beverages,Not disclosed,4.8,12,1,2.5649493574615367,87.0,6.241496630606454,4.804021044733257,0,0,0,0,0,0,0,0,0,0,0,0,0,0,0,0,0,0,0,0,0,0,0
ChIJr0pNZixfqDsR2fsebS8wYJI,ANNAPOORNI BHAVAN,Kalveerampalayam,Coimbatore,11.033894,76.88581,Vegetarian,Budget,4.1,138,0,4.9344739331306915,105.0,9.335940546396111,3.044522437723423,0,0,0,0,0,0,1,1,0,0,1,0,1,1,0,0,1,1,0,1,1,0,1
ChIJBZNu2tJYqDsRWCKGpR8bgUc,Sri Kamalai Cockarackoo Hotel,Veerasamy Colony,Coimbatore,11.020222,76.918764,Biryani & Non-veg,Mid,3.6,730,0,6.594413459749778,80.5,5.456537521651839,3.912023005428146,1,0,0,1,0,0,1,1,1,0,1,0,1,1,0,0,1,1,0,0,1,0,0
ChIJHYf5GgBbqDsRGhXX45KBImI,Happy Juicy,Coimbatore,Coimbatore,10.930608,76.980639,Multi-cuisine / General,Budget,3.1,37,0,3.6375861597263857,84.0,7.419068034675676,2.995732273553991,1,0,0,1,0,0,1,0,1,0,0,0,1,1,0,0,1,1,0,0,1,0,0
ChIJQ21oSABfqDsRLwQvUlMAkmU,MARUTHA VILAS PURE VEG,Kalveerampalayam,Coimbatore,11.03553,76.88438,Multi-cuisine / General,Budget,4.6,84,1,4.442651256490317,31.5,9.559391506635402,2.8903717578961645,1,0,0,1,0,0,1,0,1,0,0,0,1,1,1,0,0,0,0,1,1,0,1
ChIJ_QBERgBbqDsRZJmJEN1zQrw,Icespot,Eachanari,Coimbatore,10.930566,76.980639,Bakery & Desserts,Not disclosed,4.9,11,1,2.4849066497880004,87.5,7.423547344120001,2.995732273553991,0,0,0,0,0,0,1,0,0,0,0,0,0,1,0,0,0,0,0,0,1,0,0
ChIJhdGSjq9ZqDsRGK1OI8u6-Ow,GOWRA'S,R.S. Puram,Coimbatore,11.008859,76.952815,Vegetarian,Not disclosed,4.2,769,1,6.646390514847729,101.5,1.841735490832023,5.53338948872752,1,0,0,1,0,1,1,0,0,1,0,0,0,0,0,0,0,0,0,1,1,0,0
ChIJj-1ZSwBZqDsRKFCz6AI860o,T&T Coimbatore,Tippu Nagar,Coimbatore,10.976196,76.961921,Biryani & Non-veg,Mid,4.1,1221,0,7.108244139731541,76.5,2.047221508968526,3.1354942159291497,0,0,0,1,0,0,1,1,1,1,1,0,1,1,1,0,1,1,1,0,1,0,0
ChIJqRLRKwBfqDsRHJmU-2pSdGs,SRI MEENAKSHI BHAVAN pure veg Hotel,Mullai Nagar,Coimbatore,11.021519,76.916716,South Indian & Regional,Not disclosed,2.8,41,0,3.7376696182833684,87.0,5.7224809241074475,4.007333185232471,0,0,0,0,0,0,0,0,0,0,0,0,0,0,0,0,0,0,0,0,0,0,0
ChIJm2eSAnlZqDsROjKiDRsDoO0,QUALITY CRISPY CHICKEN,Tippu Nagar,Coimbatore,10.977138,76.961391,Biryani & Non-veg,Budget,3.8,166,0,5.117993812416755,35.0,1.941686057598357,3.044522437723423,1,0,0,1,0,0,1,1,1,0,0,0,1,1,0,0,1,1,0,0,1,0,0
ChIJGwhtbUdYqDsRMwcZbPTa6j8,REDROSE BAKERY,Illango Nagar,Coimbatore,11.029346,76.986026,Bakery & Desserts,Not disclosed,4.3,672,1,6.511745329644728,105.0,4.70657739606191,3.295836866004329,1,0,0,1,0,0,1,0,0,0,0,0,0,0,0,0,0,0,0,1,1,0,0
ChIJ-yrh7Q9ZqDsRdwGoMmxQLHA,Friends Bakery,R.S. Puram,Coimbatore,11.001503,76.953913,Bakery & Desserts,Budget,4.0,121,0,4.804021044733257,90.0,1.12117592166827,5.476463551931511,0,0,0,1,0,0,1,0,0,0,0,0,0,0,0,0,0,0,0,1,1,1,0
ChIJcTDaP9RpqDsR-9jxTBK8Iso,The Rice Bowl Restaurant,Walayar,Pudussery East,10.826182,76.821596,Biryani & Non-veg,Not disclosed,4.2,7383,1,8.907070776182689,89.25,24.160170727194984,0.0,1,1,0,1,0,0,1,0,0,0,0,0,0,0,0,1,0,0,1,0,1,0,0
ChIJsVS87qZZqDsRHzMIUdJErBQ,Adyar Ananda Bhavan - A2B,Gopalapuram,Coimbatore,10.999234,76.968287,Vegetarian,Mid,3.9,5501,0,8.61286694148452,112.0,0.911383479331483,4.844187086458591,1,1,0,1,1,1,1,1,1,1,1,0,1,1,1,1,1,1,0,1,1,1,1
ChIJ4WUM2G5ZqDsRwa0Fp_0p31w,BurgBites Cafe,Aishwarya Nagar,Coimbatore,11.019998,76.918631,Cafe & Beverages,Mid,4.4,48,1,3.8918202981106265,87.0,5.45599096747026,3.912023005428146,1,0,0,0,0,0,1,0,1,0,1,0,0,1,0,0,0,1,0,0,0,0,0
ChIJybxMkNpfqDsRykE1olYT5SA,Black Pekoe Vadavalli,IOB Colony,Coimbatore,11.028163,76.902856,Cafe & Beverages,Budget,4.7,14,1,2.70805020110221,87.0,7.399965636610172,4.343805421853684,0,0,0,0,0,0,1,0,0,0,0,0,0,0,0,0,0,1,0,0,0,0,0
ChIJWVb93yhZqDsRneJc-zswz58,"Tea Vibe – Children’s Park, Valankulam",Highways Colony,Coimbatore,10.993798,76.97199,Cafe & Beverages,Budget,4.9,36,1,3.6109179126442243,84.0,1.1593768781038578,4.61512051684126,1,0,0,0,0,0,1,0,1,0,0,0,1,1,0,0,0,0,0,0,1,0,0
ChIJVZ9OvO1fqDsRxNanr_PnMiE,Mcubes Cafe,Jayendra Nagar,Coimbatore,11.03534,76.884742,Cafe & Beverages,Not disclosed,4.2,130,1,4.875197323201151,115.5,9.514589689989805,2.8903717578961645,1,0,0,0,0,0,0,0,0,0,0,0,0,0,0,0,0,0,0,1,1,0,0
ChIJw4m8GuBYqDsR9f-029wS9A8,Thangu Bakes,Lawley Rd,Coimbatore,11.013456,76.942048,Bakery & Desserts,Not disclosed,3.8,62,0,4.143134726391533,83.5,2.9762126563084075,4.477336814478207,0,0,0,1,0,0,1,0,1,0,0,0,0,0,0,0,0,0,0,0,1,0,0
ChIJGXVJoNZYqDsR6cJHVM3lleE,Thepan Tiffins,Aishwarya Nagar,Coimbatore,11.016432,76.923922,South Indian & Regional,Not disclosed,3.9,91,0,4.5217885770490405,84.0,4.756813462611389,3.5553480614894135,1,0,0,1,0,0,1,0,0,0,0,0,0,0,0,0,0,0,0,0,1,0,0
ChIJCSZV1tJYqDsRBOIAEBIeZ2A,Chakra Gold Bakery,Veerasamy Colony,Coimbatore,11.02028,76.918747,Bakery & Desserts,Budget,4.2,256,1,5.54907608489522,110.5,5.46148892482679,3.8918202981106265,0,0,0,0,0,0,1,0,0,0,0,0,0,0,0,0,0,0,0,1,1,0,0
ChIJP56Dl9ZYqDsR9XAf0aaJQsg,N.S.R. Baker And Sweets,Aishwarya Nagar,Coimbatore,11.01607,76.924756,Bakery & Desserts,Not disclosed,4.1,702,0,6.555356891810665,91.0,4.658003970812196,3.4339872044851463,0,0,0,0,0,0,1,0,0,0,0,0,0,0,0,0,0,0,0,0,1,0,0
ChIJ-bA4AzBfqDsRr_raK-SYQUY,Daily Bakes - maruthamalai road,V.O Nagar,Coimbatore,11.028069,76.898536,Bakery & Desserts,Budget,3.8,53,0,3.9889840465642745,91.0,7.805759423933157,4.174387269895637,1,0,0,1,1,0,1,0,1,0,0,0,0,0,0,0,1,1,0,0,1,0,0
ChIJ1TMZFqRZqDsR4XlY0oMqyhg,Narganis Fillter Coffee Stall,Aishwarya Nagar,Coimbatore,11.019913,76.918798,Cafe & Beverages,Budget,4.0,479,0,6.173786103901937,98.0,5.435503380370452,3.8918202981106265,0,0,0,0,0,0,1,1,1,0,1,0,1,1,1,0,0,1,0,0,1,0,1
ChIJS3PnGD5fqDsR3Vw-GaVPXgg,SS BAKERY 1,Vadavalli,Coimbatore,11.028984,76.895896,Bakery & Desserts,Not disclosed,4.6,20,1,3.044522437723423,122.5,8.107691382665744,3.9889840465642745,1,0,0,1,0,0,0,0,0,0,0,0,0,0,0,0,0,0,0,1,1,0,0
ChIJiesNx_ZZqDsRr_VC9eaiE-8,C M Bakery,Mullai Nagar,Coimbatore,11.019172,76.919525,Bakery & Desserts,Not disclosed,4.4,11,1,2.4849066497880004,87.0,5.325038643352985,3.713572066704308,1,0,0,1,0,0,0,0,0,0,0,0,0,0,0,0,0,0,0,0,0,0,0
ChIJ3TjeyW1fqDsRQ3ejR0pNH3k,Bee Bakery,Kalveerampalayam,Coimbatore,11.03295,76.886945,Bakery & Desserts,Budget,4.2,265,1,5.583496308781699,115.5,9.177415085624688,3.1354942159291497,1,0,0,1,0,0,1,0,1,0,0,0,0,0,0,0,0,1,0,1,1,0,0
ChIJKz-u6A1fqDsRksp_QMBsclc,Wow! Momo,Veerasamy Colony,Coimbatore,11.018238,76.92084,North Indian & Global,Not disclosed,4.4,216,1,5.37989735354046,91.0,5.148582237776081,3.713572066704308,1,1,0,1,0,1,0,0,0,1,0,0,0,0,0,0,0,0,0,0,1,1,0
ChIJd7OcOAevJzoRccU5lT-TRvU,Hotel Chola,Lawley Rd,Coimbatore,11.013526,76.941055,Fast food & Quick bites,Budget,3.4,1275,0,7.151485463904735,77.0,3.0594400645222453,4.2626798770413155,0,0,0,1,0,0,1,1,1,0,1,0,1,1,0,0,1,0,0,0,1,1,0
ChIJVXkizXNfqDsRZJ62l44ItMo,SRI ALAGU MESS,Bharathiyar University,Coimbatore,11.030693,76.890382,Multi-cuisine / General,Budget,3.7,37,0,3.6375861597263857,112.0,8.728778620908017,3.5553480614894135,0,0,0,0,0,0,1,1,0,0,0,0,1,0,0,0,0,0,0,1,1,0,0
ChIJ5y7-JpdfqDsRE6Y4F70ukGw,The Good Baker,Mullai Nagar,Coimbatore,11.021396,76.917251,Bakery & Desserts,Not disclosed,4.8,19,1,2.995732273553991,80.5,5.665590036490136,3.9512437185814275,1,0,0,0,0,0,0,0,0,0,0,0,0,0,0,0,0,0,0,0,1,1,0
ChIJVcWHGuBYqDsRST1NqXB6kIc,A1 Briyani,Lawley Rd,Coimbatore,11.013489,76.942118,Biryani & Non-veg,Budget,4.0,34,0,3.5553480614894135,66.0,2.9733857082588906,4.477336814478207,0,0,0,1,0,0,1,1,1,1,0,0,1,1,0,1,0,1,0,0,1,0,0
ChIJoQOawAdZqDsR9zTlLZ8nER0,The Village Bakes And Cakes tdg,Venkitta Puram,Coimbatore,11.023873,76.935595,Bakery & Desserts,Not disclosed,4.5,11,1,2.4849066497880004,87.0,4.304439120934233,4.499809670330265,1,0,0,1,0,0,0,0,0,0,0,0,0,0,0,0,0,0,0,0,0,0,0
ChIJY6xbeMZYqDsRSZumLcy3GpQ,SRI KRISHNA BAKERY,Kovilmedu,Velandipalayam,11.029092,76.93208,Bakery & Desserts,Not disclosed,4.3,28,1,3.367295829986474,115.5,4.995109738610319,4.02535169073515,0,0,0,1,0,0,1,0,0,0,0,0,1,0,0,0,0,0,0,1,1,1,0
ChIJMWNpYvtZqDsRYS-wOmiEpcY,Bharathi catering,Aishwarya Nagar,Coimbatore,11.017015,76.922506,Multi-cuisine / General,Not disclosed,4.3,36,1,3.6109179126442243,73.5,4.9228618967949025,3.6109179126442243,0,0,0,1,0,0,0,0,0,0,0,0,0,0,0,0,0,0,0,0,1,0,0
ChIJ45eTehhZqDsR4vjtUdXIeog,Twin Pastries,R.S. Puram,Coimbatore,11.003658,76.94736,Bakery & Desserts,Not disclosed,5.0,60,1,4.110873864173311,31.5,1.8338510176584955,5.3612921657094255,1,0,0,0,0,0,1,0,0,0,0,0,0,0,0,0,0,0,0,0,1,0,0
ChIJS2XxZalZqDsRXz44GSMt0jI,KARI KULTURE,Lawley Rd,Coimbatore,11.013443,76.942218,Multi-cuisine / General,Not disclosed,4.9,18,1,2.9444389791664403,77.0,2.962049549402536,4.499809670330265,1,0,0,1,0,0,0,0,0,0,0,0,0,0,0,0,0,0,0,0,1,0,0
ChIJ21zoSWz1qDsRRxB2wyTjOKE,Vaagai naatukozhi Restaurant,Dhaliyur,Pannimadai,11.080775,76.905833,Multi-cuisine / General,Not disclosed,4.1,163,0,5.099866427824199,84.0,11.340052299096264,0.0,1,0,1,1,0,0,1,0,0,0,0,0,0,0,0,1,0,0,0,0,1,0,0
ChIJKZLpnAtfqDsRHDKnyUuHeU0,Havmor Havfunn Parlor,Mullai Nagar,Coimbatore,11.021576,76.917177,Bakery & Desserts,Not disclosed,4.5,34,1,3.5553480614894135,84.0,5.682999083888994,3.970291913552122,1,1,0,1,0,0,0,0,0,0,0,0,0,0,0,0,0,0,1,0,1,0,0
ChIJHQIQHulfqDsRImkgQm-erHo,Bombay Kulfi Ice Creams Vadavalli,Vadavalli,Coimbatore,11.023548,76.911318,Bakery & Desserts,Not disclosed,4.9,94,1,4.553876891600541,80.5,6.343693008597095,4.23410650459726,1,1,0,1,0,0,0,0,0,0,0,0,0,0,0,0,0,0,0,0,1,0,0
ChIJMVDv5rFZqDsRWHGlBdbiJsA,Mario juicy,Aishwarya Nagar,Coimbatore,11.016333,76.924913,Cafe & Beverages,Budget,3.1,42,0,3.7612001156935624,87.0,4.658399594298414,3.4339872044851463,0,0,0,0,0,0,1,0,0,0,0,0,0,1,0,0,0,1,0,0,0,1,0
ChIJ-XfvSq5ZqDsR0hLTiTEyx6I,Oru Kuchi Oru Kulfi,Coimbatore,Coimbatore,11.02831,76.900483,Bakery & Desserts,Not disclosed,4.9,281,1,5.641907070938114,84.0,7.632752807666057,4.189654742026425,1,0,0,1,0,0,1,0,1,0,0,0,1,1,0,0,1,1,0,0,1,0,1
ChIJ79JGoPv1qDsRQ3OJyuKKcpQ,Thambianna Hotel,Kanuvai,Somayampalayam,11.062847,76.909863,Multi-cuisine / General,Not disclosed,3.9,651,0,6.480044561926653,119.0,9.446016218766019,2.0794415416798357,0,0,0,1,0,0,1,0,0,0,0,0,0,0,0,0,0,0,0,1,1,0,0
ChIJNb8SuudfqDsRpNTGP1mvYo0,Arun Icecream Hatsun,V.O Nagar,Coimbatore,11.028525,76.896583,Bakery & Desserts,Not disclosed,4.7,15,1,2.772588722239781,84.0,8.017510480410392,4.02535169073515,1,0,0,0,0,0,1,0,1,0,0,0,0,1,0,0,0,0,0,0,1,0,0
ChIJ9aeJt8VZqDsRNAem0He5uM8,VIP FOODS,R.S. Puram,Coimbatore,11.011342,76.941836,Vegetarian,Budget,4.7,18,1,2.9444389791664403,14.0,2.8329666084848886,4.465908118654584,1,0,0,0,0,0,1,0,0,0,0,0,1,1,0,0,0,0,0,0,1,0,1
ChIJmScMswRZqDsR3BuIYqE9iU0,Vel's Ice cream,Aishwarya Nagar,Coimbatore,11.019978,76.918717,Bakery & Desserts,Not disclosed,3.3,16,0,2.833213344056216,87.0,5.446809293036335,3.912023005428146,1,0,0,0,0,0,0,0,0,0,0,0,0,0,0,0,0,0,0,0,0,0,0
ChIJbZazMwNZqDsRg2vL05df0OY,Bombay Kulfi Ice Creams R.S. Puram,R.S. Puram,Coimbatore,11.01184,76.947359,Bakery & Desserts,Not disclosed,4.4,582,1,6.368187186350492,77.0,2.45432491046853,5.153291594497779,1,1,0,1,0,0,1,0,0,0,0,0,0,0,0,0,0,0,0,0,1,0,0
ChIJA7rzQptfqDsRClw2i0o2O_4,Baskin Robbins,Vadavalli,Coimbatore,11.026723,76.906114,Bakery & Desserts,Not disclosed,4.8,109,1,4.700480365792417,91.0,7.012277643229915,4.418840607796598,1,1,0,1,0,0,1,0,0,0,0,0,0,1,0,0,1,1,0,0,1,1,0
ChIJBZE0zlxfqDsRUkz--e8Rn9E,Hotel murugavilas,Marudhamalai Adivaram,Somayampalayam,11.043899,76.863113,Multi-cuisine / General,Budget,3.2,37,0,3.6375861597263857,105.0,12.046980730959483,0.6931471805599453,1,0,0,0,0,0,1,1,1,0,0,0,1,1,0,0,1,1,0,1,1,0,0
ChIJWcgawV1ZqDsRU_wATV4XNag,Ko Kaapi,R.S. Puram,Coimbatore,11.009867,76.944029,Bakery & Desserts,Not disclosed,4.2,46,1,3.8501476017100584,108.5,2.5449852257868484,4.90527477843843,1,0,0,1,0,0,0,0,0,0,0,0,0,0,0,0,0,0,0,1,1,0,0
ChIJI_6zWwD1qDsRPwwtIoTfols,STR Namma cafe,Kanuvai,Coimbatore,11.066001,76.89893,Multi-cuisine / General,Not disclosed,5.0,12,1,2.5649493574615367,126.0,10.46517742476738,1.0986122886681096,1,0,0,0,0,0,0,0,0,0,0,0,0,0,0,0,0,0,0,1,1,0,0
ChIJL_pKKiVZqDsRo2cHSUsY8rQ,Must Try Cafe,R.S. Puram,Coimbatore,11.006477,76.953579,Cafe & Beverages,Not disclosed,3.6,28,0,3.367295829986474,94.0,1.5725492380420096,5.575949103146316,1,0,0,0,0,0,0,0,0,0,0,0,0,0,0,0,0,0,0,0,1,0,0
ChIJ773GF05fqDsR7rT9nRznSSU,Tea Boy-Maruthamalai,Bharathiyar University,Somayampalayam,11.052414,76.863962,Multi-cuisine / General,Not disclosed,4.7,43,1,3.784189633918261,92.5,12.4267465367963,0.6931471805599453,1,0,0,1,0,0,0,0,0,0,0,0,0,0,0,0,0,0,0,1,1,0,0
ChIJs1r_tRBfqDsRn4L0letdRcY,Sri Dev Narayanan Tea Stall,Velligiri Nagar,Coimbatore,11.020865,76.883765,Cafe & Beverages,Budget,4.3,19,1,2.995732273553991,87.0,8.962959473019868,2.833213344056216,0,0,0,0,0,0,1,0,0,0,0,0,1,0,0,0,0,0,0,0,0,0,0
ChIJC0v1u3tZqDsRwxOF5oiyRAc,Aavin Tea Shop,Tamil Nadu Agricultural University,Coimbatore,11.014497,76.926996,Cafe & Beverages,Not disclosed,3.4,18,0,2.9444389791664403,91.0,4.358496076593032,3.1780538303479458,0,0,0,0,0,0,0,0,0,0,0,0,0,0,0,0,0,0,0,1,1,0,0
ChIJwRl0PYJZqDsR9SWm7k5d91Q,Retro Chai,Perumal Kovil Bus Stop,Coimbatore,11.018922,76.920221,Cafe & Beverages,Not disclosed,4.9,16,1,2.833213344056216,108.5,5.245593035017338,3.713572066704308,1,0,0,0,0,0,0,0,0,0,0,0,0,0,0,0,0,0,0,1,1,0,0
ChIJP-uUVfr1qDsRbVhWM9SNVYc,SRl LAKSHMI CHETTINADU UNAVAGAM,Kalappa Naicken Palayam,Somayampalayam,11.06392,76.909301,South Indian & Regional,Not disclosed,3.8,101,0,4.624972813284271,98.0,9.578412097763541,1.9459101490553132,0,0,0,1,0,0,1,0,0,0,0,0,0,0,0,0,0,0,0,0,1,0,0
ChIJqVNXgrRZqDsR5rBqhoFJ5G8,Best Biryani Corner,Ramalingam Colony,Velandipalayam,11.029586,76.931756,Biryani & Non-veg,Budget,4.3,49,1,3.912023005428146,84.0,5.059947321396422,3.9512437185814275,0,0,0,1,0,0,1,1,1,0,0,0,1,0,0,0,0,1,0,0,1,0,0
ChIJ0YiWe__1qDsRiTA5Qg8T9nQ,Kanuvai Star Biriyani,Kanuvai,Somayampalayam,11.056339,76.914858,Biryani & Non-veg,Premium,3.6,378,0,5.937536205082426,77.0,8.540056250783723,1.3862943611198906,1,0,0,1,0,0,1,1,1,0,0,0,1,1,0,0,1,1,0,0,1,0,0
ChIJXycdScRYqDsR4NAbicIy8yM,Anneswari Mess,Velandipalayam,Velandipalayam,11.027443,76.933146,Fast food & Quick bites,Not disclosed,4.4,10,1,2.3978952727983707,91.0,4.77986811732347,4.143134726391533,1,0,0,1,0,0,1,0,0,0,0,0,0,0,0,0,0,0,0,0,1,0,0
ChIJFWoBLCb1qDsRYmGr_8CSPUk,FoOdie's Bakes & Resturant,Kanuvai,Pannimadai,11.065824,76.916039,Multi-cuisine / General,Budget,4.4,18,1,2.9444389791664403,130.5,9.339816024850615,1.791759469228055,1,0,0,1,0,0,1,1,0,0,0,0,1,1,0,0,0,0,1,1,1,0,0
ChIJLX_kfaFZqDsRXuwjPnMPmh0,A1 Ambur Biryani Halal,R.S. Puram,Coimbatore,11.007471,76.960348,Biryani & Non-veg,Not disclosed,3.9,46,0,3.8501476017100584,80.5,1.4357889392525802,5.159055299214529,0,0,0,0,0,0,0,0,0,0,0,0,0,0,0,0,0,0,0,0,1,0,0
ChIJ3bfXpwpZqDsRjxPYqFHPC_4,V.P. Thattu Kadai,R.S. Puram,Coimbatore,11.0084,76.956368,Multi-cuisine / General,Budget,4.5,67,1,4.219507705176107,29.75,1.6298266632648633,5.420534999272286,1,0,0,1,0,0,1,0,0,0,0,0,1,0,0,0,0,0,1,0,1,0,0
ChIJ4QrhmtZZqDsRcBdlHG8cuyg,Agarwal sweet palace,R.S. Puram,Coimbatore,11.006836,76.945689,Bakery & Desserts,Not disclosed,4.2,354,1,5.872117789475416,91.0,2.1890642538674197,5.2574953720277815,1,1,0,1,0,1,1,0,1,0,0,0,0,0,0,0,1,1,0,0,1,0,1
ChIJd7PwpSZZqDsRu9SPs-uel7A,Raja Sugar Cane Juice Center,Coimbatore,Coimbatore,11.023149,76.938877,Cafe & Beverages,Not disclosed,5.0,12,1,2.5649493574615367,87.0,4.015094961818391,4.955827057601261,1,0,0,1,0,0,0,0,0,0,0,0,0,0,0,0,0,0,0,0,0,0,0
ChIJqUXPH7hZqDsRakpNtL-Myio,Banavil Avilmilks RS Puram,R.S. Puram,Coimbatore,11.00979,76.944083,Bakery & Desserts,Not disclosed,4.8,202,1,5.313205979041787,84.0,2.534884101511898,4.9344739331306915,1,0,1,1,0,0,0,0,0,0,0,0,0,0,0,0,0,0,0,0,1,0,0
ChIJyRPpPwBbqDsRbLDhrkm-Meg,BULK BRIYANI JUNCTION,Thirumarai Nagar,Coimbatore,10.968933,76.972277,Multi-cuisine / General,Mid,4.9,57,1,4.060443010546419,87.0,3.091160365525618,3.58351893845611,1,0,0,1,0,0,1,0,1,1,1,1,1,1,0,0,0,1,0,0,0,0,0
ChIJYXSgBmX1qDsROiDGnuW_dew,Layered Tea - Bala Bakery,Kanuvai,Pannimadai,11.065497,76.906853,Bakery & Desserts,Not disclosed,4.2,405,1,6.0063531596017325,98.0,9.87874554096617,1.9459101490553132,0,0,0,1,0,0,0,0,0,0,0,0,0,0,0,0,0,0,0,1,1,0,0
ChIJGbK0lE5ZqDsRjnBxnmqPbVQ,The Grind Spot cafe,Lawley Rd,Coimbatore,11.01203,76.941705,Fast food & Quick bites,Not disclosed,4.8,33,1,3.5263605246161616,87.0,2.894417131526885,4.499809670330265,1,0,1,1,0,0,0,0,0,0,0,0,0,0,0,0,0,0,0,0,0,0,0
ChIJ88liBdVZqDsREMbK6jLuQD4,JK Pandian Omlet Dosa Corner,Tamil Nadu Agricultural University,Coimbatore,11.018829,76.938886,Multi-cuisine / General,Budget,4.8,38,1,3.6635616461296463,20.0,3.646528803027972,4.700480365792417,1,0,0,1,0,0,1,0,0,0,0,0,1,1,0,0,0,0,0,0,1,0,0
ChIJQVETnKNZqDsRqHJEHUSFeZQ,JJ Premium Tea & Coffee,R.S. Puram,Coimbatore,11.009409,76.944904,Cafe & Beverages,Not disclosed,3.3,56,0,4.04305126783455,112.0,2.439996862971464,5.075173815233827,1,1,0,1,0,0,1,0,0,0,0,0,0,0,0,0,0,1,0,1,1,0,0
ChIJDRXDai5aqDsRDnv7lyFAAvw,KR BAKES,Ward Number 94,Coimbatore,10.956529,76.972164,Bakery & Desserts,Budget,2.8,29,0,3.4011973816621555,98.0,4.393346378655192,4.406719247264253,1,1,0,1,0,0,1,0,1,0,0,0,0,0,0,0,0,0,0,0,1,1,0
ChIJzeZ3QzdaqDsRI_CuArc7knY,Indian Bakery,Gandhi Nagar,Coimbatore,10.952024,76.97512,Bakery & Desserts,Budget,3.9,31,0,3.4657359027997265,105.0,4.96548981882609,4.454347296253507,1,0,0,1,0,0,1,0,0,0,0,0,1,0,0,0,0,0,0,1,1,1,0
ChIJGXSFRRZaqDsRjbg0ql5s6Uw,Dairy Day Ice Cream. &. Nethra Foods,Arulmurugan Nagar,Podanur,10.956052,76.989288,Bakery & Desserts,Not disclosed,4.1,24,0,3.2188758248682006,91.0,5.257413386380224,3.6375861597263857,0,0,0,1,0,0,1,0,1,0,0,0,0,1,0,0,0,0,0,0,1,0,0
ChIJkdiYlNhbqDsRMdoHuJfak-I,Jacob's tasty treats,Sundarapuram,Kurichi,10.953969,76.971474,Bakery & Desserts,Not disclosed,4.2,34,1,3.5553480614894135,72.0,4.64987055091725,4.406719247264253,0,0,0,1,0,0,1,0,0,0,0,0,0,0,0,0,0,0,0,0,1,0,0
ChIJUWCYazFaqDsRR6RShh5lmvU,SRI MAHALAKSHMI BAKERY,Machampalayam,Coimbatore,10.954941,76.97124,Bakery & Desserts,Not disclosed,4.1,51,0,3.9512437185814275,122.5,4.538813730093009,4.356708826689592,1,0,0,1,0,0,1,0,1,0,0,0,0,0,0,0,0,0,0,1,1,1,0
